Claim_ID,Contact_ID,Customer_ID,State,Region,Reserve_Amount,Loss_Date,Reported_Date,First_Contact_Date,Closed_Date,Days_To_First_Contact,Cycle_Time_Days,Inbound_Calls,Avg_Hold_Time_,Transfer_Count,Documentation_Error,Escalated,Claim_Complexity,Adjuster_ID,Adjuster_Level,Team,Quality_Score,Customer_Satisfaction_Score
CLM-2025-00001,CNT-100001,CUST-27735,OR,West,"$7,928.87 ",1/20/2025,1/23/2025,1/24/2025,2/17/2025,1,25,2,0.34,2,No,No,Low,ADJ-1074,Senior,Team Team Alpha,93.7,6.9
CLM-2025-00002,CNT-100002,CUST-60931,CA,West,"$12,977.11 ",7/17/2025,7/17/2025,7/17/2025,8/19/2025,0,33,4,4.43,,No,No,Low,ADJ-1019,Senior,Team Team West,100,8.1
CLM-2025-00003,CNT-100003,CUST-12323,IL,Midwest,"$7,941.05 ",8/16/2025,8/16/2025,8/18/2025,9/17/2025,-1,32,N/A,2.31,1,No,No,High,ADJ-1064,Senior,Team Team Central,90.8,7.5
CLM-2025-00004,CNT-100004,CUST-74910,TX,South Central,"$46,816.90 ",8/1/2025,8/3/2025,8/5/2025,10/4/2025,2,62,8,5.78,0,No,No,Low,ADJ-1071,Standard,Team Team Alpha,88,5.5
CLM-2025-00005,CNT-100005,CUST-79410,TX,South Central,"$7,293.78 ",4/13/2025,4/14/2025,4/16/2025,N/A,2,25,5,4.57,0,No,No,Medium,ADJ-1068,Senior,Team Echo,94,6.3
CLM-2025-00006,CNT-100006,CUST-74166,AZ,Southwest,"$6,403.50 ",10/19/2025,10/23/2025,10/24/2025,11/28/2025,1,36,5,5.25,0,No,Yes,Medium,ADJ-1036,Standard,Team SouthTeam West,87.9,5.3
CLM-2025-00007,CNT-100007,CUST-57406,CA,West,,7/19/2025,7/21/2025,7/21/2025,8/13/2025,0,23,5,3.64,0,Yes,Yes,Low,ADJ-1034,Senior,Team Gamma,85.2,6.8
CLM-2025-00008,CNT-100008,CUST-96224,CA,West,$821.00 ,3/10/2025,3/10/2025,,3/26/2025,2,16,5,4.16,0,No,No,Medium,ADJ-1010,Senior,Team Gamma,95.2,5.3
CLM-2025-00009,CNT-100009,CUST-65421,NV,Southwest,"$5,679.07 ",5/23/2025,5/24/2025,5/24/2025,6/20/2025,0,27,7,1.68,1,No,No,Low,ADJ-1018,Senior,Team SouthTeam West,91.6,6.9
CLM-2025-00010,CNT-100010,CUST-17622,AZ,Southwest,"$2,449.00 ",12/2/2025,12/2/2025,12/2/2025,12/17/2025,0,15,3,3.79,0,No,No,Medium,ADJ-1070,Trainee,Team Team Alpha,88.8,8.3
CLM-2025-00011,CNT-100011,CUST-83615,UT,Mountain,"$1,780.13 ",3/16/2025,,3/16/2025,4/5/2025,0,20,2,3.82,0,No,No,Medium,ADJ-1045,Senior,Team Team West,95.1,8.6
CLM-2025-00012,CNT-100012,CUST-27945,CO,Mountain,"$6,530.63 ",6/30/2025,6/30/2025,6/30/2025,7/26/2025,0,26,3,2.27,0,,No,Medium,ADJ-1043,Trainee,Team Echo,92.7,7.7
CLM-2025-00013,CNT-100013,CUST-59823,FL,Southeast,"$18,047.82 ",12/8/2025,12/12/2025,12/12/2025,1/13/2026,0,22,7,4.35,0, no ,No,Medium,ADJ-1051,Senior,Team Team West,97.1,6.8
CLM-2025-00014,CNT-100014,CUST-72894,TX,South Central,"$2,300.79 ",1/21/2025,1/21/2025,1/22/2025,1/20/2025,1,-1,5,3.53,0,No,No,Medium,ADJ-1038,Specialist,Team Team Alpha,98.6,6.3
CLM-2025-00015,CNT-100015,CUST-74814,AZ,Southwest,"$3,883.24 ",1/8/2025,1/8/2025,1/10/2025,1/26/2025,2,18,4,3.24,1,No,No,Low,ADJ-1006,Senior,Team Team West,93.6,7.5
CLM-2025-00016,CNT-100016,CUST-71657,GA,Southeast,"$7,577.16 ",4/20/2025,4/21/2025,4/24/2025,5/19/2025,3,28,3,3.33,1,No,No,High,ADJ-1067,,Team Team Central,87.3,N/A
CLM-2025-00017,CNT-100017,CUST-38800,FL,Southeast,$999.78 ,7/2/2025,7/5/2025,,7/30/2025,3,25,5,1.86,1,Yes,Yes,Low,,Trainee,Team Team West,85.6,5.9
CLM-2025-00018,CNT-100018,CUST-92341,TX,South Central,"$7,039.43 ",9/23/2025,9/25/2025,9/26/2025,10/17/2025,1,22,4,5.19,0,No,No, Medium ,ADJ-1016,Specialist,Team SouthTeam West,92,7.4
CLM-2025-00019,CNT-100019,CUST-90992,AZ,Southwest,$707.04 ,3/22/2025,3/24/2025,3/25/2025,4/21/2025,1,23,1,1.65,0,No,No,Medium,ADJ-1038,Senior,Team SouthTeam West,92.5,7.1
CLM-2025-00020,CNT-100020,CUST-75719,NV,Southwest,"$2,067.82 ",6/20/2025,6/23/2025,6/24/2025,7/8/2025,1,15,2,1.20,0,No,No,Low,ADJ-1050,Standard,Team Team Central,92.3,7.7
CLM-2025-00021,CNT-100021,CUST-37692,WA,West,"$12,133.99 ",11/1/2025,11/3/2025,11/5/2025,1/4/2026,2,62,7,6.39,3,No,Yes,High,ADJ-1068,Specialist,Team SouthTeam West,84.4,2.9
CLM-2025-00022,CNT-100022,CUST-81789,OR,West,"$17,862.52 ",5/3/2025,5/4/2025,5/4/2025,5/1/2025,0,-3,4,3.88,2,No,No,High,ADJ-1011,Senior,Team Echo,91.6,6.7
CLM-2025-00023,CNT-100023,CUST-88712,TX,South Central,"$2,348.56 ",,11/20/2025,11/23/2025,12/7/2025,3,17,,6.03,N/A,Yes,No,Medium,ADJ-1028,Standard,Team Gamma,83.6,3.7
CLM-2025-00024,CNT-100024,CUST-91753,WA,West,"$21,014.30 ",1/25/2025,1/28/2025,1/29/2025,2/21/2025,1,24,3,3.74,0,No,Yes,Low,ADJ-1060,Standard,Team Echo,87.1,7.6
CLM-2025-00025,CNT-100025,CUST-70598,UT,Mountain,$955.54 ,1/13/2025,1/15/2025,1/18/2025,1/25/2025,3,10,2,3.81,1,No,No,Medium,ADJ-1016,Senior,Team Beta,93.4,5.2
CLM-2025-00026,CNT-100026,CUST-97295,CO,Mountain,"$19,552.45 ",9/26/2025,9/26/2025,9/28/2025,11/11/2025,2,46,4,1.08,1,No,Yes,High,ADJ-1042,Standard,Team Gamma,91.4,6.8
CLM-2025-00027,CNT-100027,CUST-63683,NM,Southwest,"$4,883.86 ",3/23/2025,3/24/2025,3/25/2025,4/14/2025,1,21,2,0.98,0,No,No,Low,ADJ-1004,Specialist,Team Team West,94.7,7.9
CLM-2025-00028,CNT-100028,CUST-59722,OR,West,$829.79 ,10/17/2025,10/19/2025,10/20/2025,11/1/2025,1,13,4,3.91,0,No,No,Medium,ADJ-1036,Specialist,Team Team Central,91.4,7.1
CLM-2025-00029,CNT-100029,CUST-58316,FL,Southeast,"$1,706.00 ",4/4/2025,4/6/2025,4/7/2025,5/2/2025,1,26,,3.05,2,No,Yes,High,ADJ-1008,Standard,Team Team West,92.6,5.9
CLM-2025-00030,CNT-100030,CUST-56383,NM,Southwest,"$2,399.13 ",9/17/2025,9/20/2025,9/23/2025,10/6/2025,3,16,2,1.48,0,No,No,Medium,ADJ-1023,Trainee,Team Gamma,85.2,6.6
CLM-2025-00031,CNT-100031,CUST-41461,TX,South Central,"$2,806.05 ",5/25/2025,5/25/2025,5/29/2025,6/13/2025,4,19,1,4.19,1,No,No,High,ADJ-1002,Standard,Team Echo,86.6,5.2
CLM-2025-00032,CNT-100032,CUST-52292,AZ,Southwest,"$6,260.34 ",11/3/2025,11/6/2025,11/9/2025,12/3/2025,3,27,5,4.89,1,No,No,High,ADJ-1002,Trainee,Team SouthTeam West,82.6,6.4
CLM-2025-00033,CNT-100033,CUST-14345,UT,Mountain,"$7,216.67 ",2/22/2025,2/24/2025,,13/32/2025,2,28,4,1.77,0,No,No,Medium,ADJ-1076,Specialist,Team Gamma,87.5,7
CLM-2025-00034,CNT-100034,CUST-81305,NV,Southwest,"$14,231.57 ",9/2/2025,9/7/2025,9/8/2025,10/15/2025,N/A,38,3,3.00,0,No,Yes,Medium,ADJ-1019,Trainee,Team Echo,79.9,6.2
CLM-2025-00035,CNT-100035,CUST-34228,CO,Mountain,"$2,311.97 ",4/12/2025,4/18/2025,4/18/2025,4/22/2025,0,4,3,2.40,0,No,No,Medium,ADJ-1004,Standard,Team Team Central,90.3,9
CLM-2025-00036,CNT-100036,CUST-92182,IL,Midwest,$567.42 ,12/17/2025,12/18/2025,12/18/2025,12/25/2025,0,7,1,6.00,0,No,Yes,Low,ADJ-1066,Trainee,Team SouthTeam West,87.2,7.6
CLM-2025-00037,CNT-100037,CUST-45111,NM,Southwest,"$16,166.98 ",4/26/2025,4/29/2025,4/30/2025,6/5/2025,1,57,4,1.91,0,No,No,medium,ADJ-1019,Specialist,Team Team West,91.8,7.2
CLM-2025-00038,CNT-100038,CUST-23759,IL,Midwest,$451.77 ,4/9/2025,4/12/2025,4/13/2025,4/29/2025,1,17 days,1,3.21,1,No,No,High,ADJ-1055,Senior,Team Team West,95.3,6.9
CLM-2025-00039,CNT-100039,UNKNOWN,NV,Southwest,"$18,287.87 ",2/12/2025,2/14/2025,2/15/2025,4/1/2025,1,46,3,1.31,1,No,No, High ,ADJ-1017,Standard,Team Team Alpha,94.6,7.3
CLM-2025-00040,CNT-100040,CUST-64460,CA,West,"$12,245.57 ",7/22/2025,7/23/2025,7/25/2025,9/9/2025,2,48,5,2.89,0,No,No,Medium,ADJ-1068,Trainee,Team Beta,95.6,5.6
CLM-2025-00041,CNT-100041,CUST-91915,OR,West,"$60,828.79 ",2/21/2025,2/21/2025,2/21/2025,4/16/2025,0,54,4,2.13,1,No,No,Medium,ADJ-1067,Standard,Team Beta,96.1,8
CLM-2025-00042,CNT-100042,CUST-53650,AZ,Southwest,"$14,227.79 ",3/31/2025,4/2/2025,4/5/2025,5/10/2025,3,38,4,1.89,1,No,No,Low,ADJ-1044,Trainee,Team SouthTeam West,84.8,6.3
CLM-2025-00043,CNT-100043,CUST-42317,CA,West,"$1,397.27 ",3/20/2025,3/22/2025,3/23/2025,3/27/2025,1,5,1,3.49,0,No,No,Minor,ADJ-1061,Trainee,Team Echo,92.3,6.6
CLM-2025-00044,CNT-100044,CUST-33093,GA,Southeast,"$4,817.04 ",7/19/2025,7/19/2025,7/20/2025,8/10/2025,1,22,3,,0,No,No,Low,ADJ-1024,Senior,Team Team West,91.4,7.3
CLM-2025-00045,CNT-100045,CUST-96510,UT,Mountain,"$7,194.56 ",11/30/2025,12/1/2025,12/3/2025,12/26/2025,2,25,3,4.16,0,No,No,Medium,ADJ-1036,Specialist,Team Delta,96.8,6
CLM-2025-00046,CNT-100046,CUST-23492,AZ,Southwest,"$10,444.86 ",5/15/2025,5/17/2025,5/17/2025,6/23/2025,0,37,3,4.31,0,No,No,Medium,ADJ-1057,Standard,Team Gamma,95,7.2
CLM-2025-00047,CNT-100047,CUST-94758,TX,South Central,"$6,926.80 ",8/15/2025,8/18/2025,8/20/2025,9/10/2025,-1,23,3,2.64,1,No,,Low,ADJ-1049,Standard,Team Team Central,94.5,7.3
CLM-2025-00048,CNT-100048,CUST-33222,NM,Southwest,"$10,641.00 ",5/31/2025,6/1/2025,6/1/2025,6/28/2025,0,27,4,3.42,0,No,No,Medium,ADJ-1040,Standard,Team Echo,94.2,7.1
CLM-2025-00049,CNT-100049,CUST-85069,CA,West,"$16,010.72 ",8/12/2025,8/12/2025,8/14/2025,9/25/2025,2,44,4,4.30,1,Yes,No,Low,ADJ-1060,Standard,Team Team Central,89.4,6.6
CLM-2025-00050,CNT-100050,CUST-57759,GA,Southeast,"$7,168.53 ",10/7/2025,10/11/2025,10/14/2025,11/13/2025,3,33,4,4.40,0,No,Yes,Medium,ADJ-1034,Standard,Team Team Alpha,85.8,6.4
CLM-2025-00051,CNT-100051,CUST-85331,AZ,Southwest,"$5,331.14 ",9/26/2025,9/30/2025,10/1/2025,10/23/2025,-1,23,2,1.77,0,No,No,Low,ADJ-1073,Standard,Team Gamma,94.8,7.8
CLM-2025-00052,CNT-100052,UNKNOWN,TX,South Central,"$2,514.69 ",10/30/2025,10/31/2025,,N/A,2,-4,5,6.00,2,No,No,High,ADJ-1068,Trainee,Team Team Alpha,90.2,5.5
CLM-2025-00053,CNT-100053,CUST-19797,GA,Southeast,"$2,352.03 ",11/22/2025,11/22/2025,11/22/2025,11/28/2025,0,6,3,3.32,N/A,No,No,Low,ADJ-1036,Standard,Team Gamma,91.2,8.1
CLM-2025-00054,CNT-100054,CUST-59302,OR,West,"$1,502.77 ",9/8/2025,9/12/2025,9/14/2025,9/20/2025,2,8,3,1.79,0,No,No,Low,ADJ-1049,Specialist,Team SouthTeam West,98.3,7.2
CLM-2025-00055,CNT-100055,CUST-31396,GA,Southeast,"$7,844.35 ",12/3/2025,12/6/2025,12/5/2025,12/26/2025,-1,20,4,2.90,2,No,No,Medium,ADJ-1051,Trainee,Team SouthTeam West,90.4,7.3
CLM-2025-00056,CNT-100056,CUST-86586,NM,Southwest,"$6,507.50 ",3/21/2025,3/24/2025,3/24/2025,4/24/2025,0,31,1,3.09,0,No,No,Low,ADJ-1062,Standard,Team Team West,96.7,7.9
CLM-2025-00057,CNT-100057,CUST-65856,UT,Mountain,"$1,343.33 ",3/2/2025,3/5/2025,3/7/2025,3/6/2025,2,1,1,,1,No,No,Low,ADJ-1073,Standard,Team Team West,95.7,9.9
CLM-2025-00058,CNT-100058,CUST-39710,NV,Southwest,$797.36 ,9/14/2025,9/17/2025,9/19/2025,9/24/2025,2,7,1,,0,No,No,Low,ADJ-1080,Trainee,Team Beta,86.6,9.3
CLM-2025-00059,CNT-100059,CUST-56097,WA,West,"$1,447.93 ",10/30/2025,11/1/2025,11/2/2025,11/25/2025,1,24,2,4.07,1,Yes,Yes,High,ADJ-1072,Standard,Team Gamma,85.3,6.4
CLM-2025-00060,CNT-100060,CUST-96187,FL,Southeast,$981.27 ,8/22/2025,8/24/2025,8/26/2025,9/4/2025,2,11,1,2.07,1,No,Yes,Low,ADJ-1079,Senior,Team Team Alpha,91.3,7
CLM-2025-00061,CNT-100061,CUST-87964,IL,Midwest,"$2,009.06 ",5/18/2025,5/18/2025,5/18/2025,5/28/2025,0,10,1,0.89,0,No,Yes,Low,ADJ-1079,Senior,Team Beta,95,8.4
CLM-2025-00062,CNT-100062,CUST-11389,NV,Southwest,"$3,428.28 ",7/10/2025,7/12/2025,7/13/2025,8/11/2025,1,30,3,3.54,2,No,No,High,ADJ-1034,Specialist,Team Beta,88.4,4.8
CLM-2025-00063,CNT-100063,CUST-48729,TX,South Central,"$16,566.22 ",8/10/2025,8/10/2025,8/14/2025,10/3/2025,4,54,6,3.62,1,No,No,Medium,ADJ-1008,Senior,Team Echo,92.3,6.8
CLM-2025-00064,CNT-100064,CUST-11332,OR,West,"$1,785.63 ",1/17/2025,1/19/2025,1/20/2025,2/1/2025,1,13,2,3.86,0,No,No,Medium,ADJ-1021,Standard,Team Gamma,92.9,6.4
CLM-2025-00065,CNT-100065,CUST-79747,IL,Midwest,"$5,788.14 ",11/23/2025,11/26/2025,11/27/2025,12/6/2025,1,10,2,2.70,1,No,No,Medium,ADJ-1059,Standard,Team Beta,95.1,6.8
CLM-2025-00066,CNT-100066,CUST-40528,OR,West,"$2,935.00 ",8/15/2025,8/15/2025,8/17/2025,9/9/2025,2,25,6,5.48,2,No,No,Medium,ADJ-1080,Standard,Team Gamma,96.4,6.9
CLM-2025-00067,CNT-100067,CUST-38126,TX,South Central,"$5,714.68 ",2/2/2025,2/4/2025,2/8/2025,3/11/2025,4,35,N/A,5.32,2,No,No,High,ADJ-1076,Trainee,Team SouthTeam West,85.7,4
CLM-2025-00068,,CUST-97900,CA,West,"$18,559.20 ",1/6/2025,1/6/2025,1/8/2025,2/23/2025,2,48,5,5.14,2,No,Yes,High,ADJ-1003,Specialist,Team Delta,90.4,6.3
CLM-2025-00069,CNT-100069,CUST-28825,TX,South Central,,7/20/2025,7/20/2025,7/22/2025,7/27/2025,N/A,7,2,5.30,1,No,No,Low,ADJ-1032,Standard,Team Team Central,96.5,6.5
CLM-2025-00070,CNT-100070,CUST-96173,OR,West,"$1,934.76 ",12/30/2025,1/3/2026,1/4/2026,1/24/2026,,21,3,2.89,1,No,No,Medium,ADJ-1047,Standard,Team Beta,91.2,7.5
CLM-2025-00071,CNT-100071,CUST-88170,NV,Southwest,"$4,053.00 ",2/21/2025,2/24/2025,2/26/2025,3/26/2025,2,30,4,3.65,1,No,No,Medium,ADJ-1052,Senior,Team Delta,98,6
CLM-2025-00072,CNT-100072,CUST-19382,AZ,Southwest,"$6,557.17 ",12/28/2025,12/29/2025,12/31/2025,1/29/2026,2,31,3,3.16,2,No,,Medium,ADJ-1001,Senior,Team Team West,98.5,6.7
CLM-2025-00073,CNT-100073,CUST-88173,IL,Midwest,"$2,264.00 ",10/28/2025,10/29/2025,10/29/2025,10/30/2025,0,1,N/A,3.55,0,No,,Low,ADJ-1008,Standard,Team Team Alpha,98.1,7.2
CLM-2025-00074,CNT-100074,CUST-40591,AZ,Southwest,"$1,399.34 ",13/32/2025,10/4/2025,10/6/2025,10/11/2025,2,7,3,4.67,1,No,Yes,Medium,ADJ-1056,Trainee,Team Team West,84.6,5.1
CLM-2025-00075,CNT-100075,CUST-90451,CA,West,"$2,174.62 ",5/15/2025,5/15/2025,5/18/2025,5/24/2025,3,9,3,3.36,1,No,Yes,Low,ADJ-1044,,Team Beta,86.7,5.7
CLM-2025-00076,CNT-100076,CUST-84140,NV,Southwest,$849.32 ,6/29/2025,7/1/2025,7/1/2025,7/4/2025,0,3,1,2.74,0,No,No,Low,ADJ-1043,Trainee,Team SouthTeam West,97.4,7.6
CLM-2025-00077,CNT-100077,CUST-65770,UT,Mountain,"$17,472.08 ",2/10/2025,2/11/2025,2/14/2025,4/4/2025,3,52,4,2.87,0,No,No,Medium,ADJ-1074,Standard,Team Team Central,84.8,5.8
CLM-2025-00078,CNT-100078,CUST-82878,CO,Mountain,"$6,463.94 ",1/9/2025,1/10/2025,1/11/2025,2/6/2025,1,27,5,3.42,1,Yes,No,Medium,ADJ-1054,,Team SouthTeam West,89.3,7.4
CLM-2025-00079,,CUST-62517,FL,Southeast,"$7,442.14 ",3/29/2025,3/31/2025,4/1/2025,4/19/2025,1,19,2,3.34,2,No,No,High,ADJ-1070,Standard,Team Team West,94.3,8.3
CLM-2025-00080,CNT-100080,CUST-48213,AZ,Southwest,"$43,229.22 ",12/27/2025,12/29/2025,12/31/2025,2/23/2026,2,56,8,2.51,2,No,No,Low,ADJ-1023,Standard,Team Team West,100,6.9
CLM-2025-00081,CNT-100081,CUST-52726,CA,West,"$2,446.89 ",9/30/2025,9/30/2025,10/2/2025,10/15/2025,2,15,4,3.16,0,No,No,Low,ADJ-1073,Standard,Team Gamma,90.4,7.4
CLM-2025-00082,CNT-100082,CUST-72338,IL,Midwest,"$22,090.56 ",2/9/2025,2/10/2025,2/12/2025,3/24/2025,2,42,4,2.61,0,No,No,Medium,ADJ-1047,Standard,Team Team Alpha,98.4,0
CLM-2025-00083,CNT-100083,CUST-92129,AZ,Southwest,"$5,238.71 ",6/1/2025,6/4/2025,6/5/2025,6/19/2025,1,15,4,2.33,0,No,No,Low,ADJ-1076,Specialist,Team Team Central,97.3,7.7
CLM-2025-00084,CNT-100084,CUST-72603,CA,West,"$6,877.27 ",8/15/2025,8/18/2025,8/19/2025,9/13/2025,1,26,5,,2,No,No,High,ADJ-1079,Senior,Team Team Central,96.5,7
CLM-2025-00085,CNT-100085,CUST-75706,NV,Southwest,"$1,718.06 ",12/12/2025,12/13/2025,12/13/2025,12/14/2025,0,1,3,,0,No,No,Low,ADJ-1002,Standard,Team Echo,94.4,6.2
CLM-2025-00086,CNT-100086,CUST-32234,TX,South Central,"$5,394.30 ",4/3/2025,4/6/2025,4/6/2025,4/29/2025,4,23,7,3.54,0,No,No,Medium,ADJ-1025,Standard,Team SouthTeam West,93.8,8.1
CLM-2025-00087,CNT-100087,CUST-13710,NV,Southwest,"$8,145.59 ",8/8/2025,8/12/2025,8/16/2025,10/1/2025,11,50,6,2.88,0,No,Yes,Low,ADJ-1022,Standard,Team Team Central,88,5.7
CLM-2025-00088,CNT-100088,CUST-26172,CA,West,"$3,273.48 ",9/30/2025,10/4/2025,10/6/2025,11/2/2025,2,29,6,3.63,0,No,No,,ADJ-1056,Senior,Team Echo,90.4,6
CLM-2025-00089,CNT-100089,CUST-23649,CA,West,"$4,706.25 ",11/15/2025,11/18/2025,11/20/2025,11/27/2025,2,9,3,5.59,1,No,No,Medium,ADJ-1024,Standard,Team Echo,94.8,4.6
CLM-2025-00090,CNT-100090,CUST-47336,CA,West,"$10,956.36 ",4/24/2025,4/27/2025,4/28/2025,5/24/2025,1,27,2,3.10,3,No,No,Low,ADJ-1003,Senior,Team Team Central,95.5,6.5
CLM-2025-00091,CNT-100091,CUST-84942,CO,Mountain,"$1,796.39 ",,2/22/2025,2/22/2025,2/26/2025,0,4,1,0.20,0,No,No,Low,ADJ-1070,Trainee,Team SouthTeam West,86.1,10
CLM-2025-00092,CNT-100092,CUST-51055,AZ,Southwest,"$4,377.94 ",4/13/2025,4/16/2025,4/17/2025,4/29/2025,1,13,2,2.32,0,No,,Low,ADJ-1076,Standard,Team Team Alpha,98.3,7.1
CLM-2025-00093,CNT-100093,CUST-23309,IL,Midwest,$806.37 ,7/25/2025,7/25/2025,7/25/2025,8/12/2025,0,18,3,5.34,0,No,No,Medium,ADJ-1053,Standard,Team Team Central,93.5,7
CLM-2025-00094,CNT-100094,CUST-67167,TX,South Central,"$3,594.01 ",2/28/2025,3/4/2025,3/5/2025,4/11/2025,1,38,8,4.30,0,No,No,Low,ADJ-1071,Trainee,Team Gamma,94.2,11
CLM-2025-00095,CNT-100095,CUST-17766,TX,South Central,"$7,372.07 ",,2/21/2025,2/23/2025,3/19/2025,2,26,6,3.65,0,No,No,Low,ADJ-1030,Trainee,Team Team Central,88.1,5.4
CLM-2025-00096,CNT-100096,CUST-99235,TX,South Central,"$1,397.57 ",11/8/2025,11/9/2025,11/11/2025,11/25/2025,2,16,4,5.85,1,No,No,Medium,ADJ-1080,Standard,Team SouthTeam West,97.7,6.4
CLM-2025-00097,CNT-100097,CUST-43921,TX,South Central,"$4,040.12 ",7/29/2025,7/30/2025,8/2/2025,N/A,3,31,5,3.75,0,No,Yes,Medium,ADJ-1068,Standard,Team Delta,82.9,5
CLM-2025-00098,CNT-100098,CUST-17596,OR,West,"$6,984.72 ",7/1/2025,7/2/2025,7/2/2025,7/22/2025,0,20,1,2.04,0,No,No,Low,ADJ-1056,Standard,Team Delta,92.1,7.6
CLM-2025-00099,CNT-100099,CUST-79928,CA,West,"$1,491.48 ",10/21/2025,10/24/2025,10/25/2025,10/29/2025,1,5,3,2.71,1,No,Yes,Low,ADJ-1022,Standard,Team Team Alpha,92.7,5.9
CLM-2025-00100,CNT-100100,CUST-77355,AZ,Southwest,"$6,615.18 ",5/17/2025,,5/18/2025,6/16/2025,1,30,5,1.70,0,No,No,Low,ADJ-1050,Standard,Team Delta,95.7,N/A
CLM-2025-00101,CNT-100101,CUST-32499,AZ,Southwest,"$1,193.93 ",4/12/2025,4/14/2025,4/15/2025,4/20/2025,1,6,1,3.39,0,No,Yes,Low,ADJ-1011,Senior,Team Gamma,96.1,7.3
CLM-2025-00102,CNT-100102,CUST-12581,NM,Southwest,"$67,140.20 ",4/16/2025,4/19/2025,4/21/2025,7/6/2025,2,78,8,3.66,3,No,No,High,ADJ-1042,Standard,Team SouthTeam West,90.7,6.7
CLM-2025-00103,CNT-100103,CUST-72359,GA,Southeast,"$7,841.74 ",11/8/2025,11/10/2025,11/12/2025,11/28/2025,2,18,3,2.06,1,No,No,Low,ADJ-1066,Senior,Team Team Alpha,94.4,
CLM-2025-00104,CNT-100104,CUST-51687,TX,South Central,"$7,116.14 ",3/23/2025,3/26/2025,3/28/2025,4/18/2025,2,23,5,4.29,0,No,No,Low,ADJ-1079,Senior,Team Team Central,92.4,6.8
CLM-2025-00105,CNT-100105,CUST-43011,AZ,Southwest,"$5,944.76 ",3/11/2025,3/11/2025,3/11/2025,4/3/2025,0,23,4,2.58,0,No,No,Low,ADJ-1008,Standard,Team Delta,98.6,8.4
CLM-2025-00106,CNT-100106,CUST-80576,FL,Southeast,"$6,037.18 ",6/2/2025,N/A,6/3/2025,6/22/2025,1,20,2,3.03,0,No,No,Low,ADJ-1034,Standard,Team Beta,93.6,6.7
CLM-2025-00107,CNT-100107,CUST-49935,CA,West,$577.04 ,5/5/2025,5/8/2025,5/10/2025,5/19/2025,2,11,4,4.89,0,No,No,Medium,ADJ-1077,Trainee,Team Team Central,96,4.6
CLM-2025-00108,CNT-100108,CUST-96639,AZ,Southwest,$464.33 ,7/19/2025,7/19/2025,7/19/2025,8/3/2025,0,-15,2,2.09,0,No,No,Low,ADJ-1035,Senior,Team Gamma,86.5,7.2
CLM-2025-00070,CNT-100109,CUST-38499,TX,South Central,"$58,157.69 ",7/10/2025,7/12/2025,7/15/2025,9/1/2025,3,51,8,5.11,0,,No,High,ADJ-1036,Senior,Team Gamma,86.8,5.6
CLM-2025-00110,CNT-100110,CUST-92910,OR,West,"$2,077.34 ",11/27/2025,11/28/2025,12/1/2025,12/10/2025,-3,12,6,3.36,0,No,No,Medium,ADJ-1015,Senior,Team Team Central,87.3,6.7
CLM-2025-00111,CNT-100111,CUST-14307,CA,West,"$16,854.84 ",4/21/2025,4/22/2025,4/25/2025,6/8/2025,3 days,47,8,4.43,2,No,No,Low,ADJ-1040,Standard,Team Delta,91.8,4.7
CLM-2025-00112,CNT-100112,CUST-22624,CA,West,"$2,105.55 ",10/24/2025,10/25/2025,10/27/2025,11/4/2025,2,10,6,5.36,1,No,No,Medium,ADJ-1014,Standard,Team Team Central,97.3,6.2
CLM-2025-00113,CNT-100113,CUST-16506,CO,Mountain,"$1,424.96 ",9/8/2025,9/12/2025,9/14/2025,10/4/2025,2,22,2,6.00,1,No,Yes,Medium,ADJ-1029,Standard,Team Team Central,86.4,6.7
CLM-2025-00114,CNT-100114,CUST-38835,WA,West,$882.13 ,7/30/2025,8/1/2025,8/2/2025,8/4/2025,8,3,3,3.14,0,No,Yes,Medium,ADJ-1038,Specialist,Team SouthTeam West,93.7,6.5
CLM-2025-00115,CNT-100115,CUST-82204,CA,West,$885.73 ,8/10/2025,8/10/2025,8/12/2025,8/26/2025,2,16,3,4.68,0,No,No,Low,ADJ-1040,Senior,Team Team Alpha,93.7,6.6
CLM-2025-00116,CNT-100116,CUST-29057,WA,West,$832.83 ,3/28/2025,3/28/2025,3/30/2025,,2,24,1,3.36,2,No,No,Medium,ADJ-1054,Standard,Team Beta,88.7,8
CLM-2025-00117,CNT-100117,CUST-99793,OR,West,"$2,442.35 ",2/17/2025,2/17/2025,2/18/2025,3/2/2025,1,13,3,2.45,0,No,No,Medium,ADJ-1013,Senior,Team Echo,100,7.3
CLM-2025-00118,CNT-100118,CUST-76272,NV,Southwest,"$3,226.98 ",6/9/2025,6/9/2025,6/9/2025,6/26/2025,-3,17,2,2.84,0,No,No,Medium,ADJ-1035,Senior,Team Team West,94,9.6
CLM-2025-00119,CNT-100119,CUST-69315,CO,,"$4,906.99 ",2/2/2025,2/3/2025,2/3/2025,3/5/2025,0,30,3,3.86,0,No,No,Low,ADJ-1047,Senior,Team Team Alpha,100,7.8
CLM-2025-00120,CNT-100120,CUST-35015,WA,West,"$3,352.64 ",5/6/2025,5/6/2025,5/7/2025,6/10/2025,1,35,6,2.68,1,No,No,High,ADJ-1024,Senior,Team SouthTeam West,91.7,7.2
CLM-2025-00121,CNT-100121,CUST-48242,TX,South Central,$729.01 ,11/3/2025,11/5/2025,11/7/2025,11/9/2025,2,4,3,5.65,2,No,No,Low,ADJ-1039,Standard,Team Echo,95,6.2
CLM-2025-00122,CNT-100122,CUST-94439,TX,South Central,"$2,424.77 ",6/25/2025,6/27/2025,7/2/2025,7/25/2025,5,28,5,3.99,2, no ,No,Low,ADJ-1022,Specialist,Team Beta,91.7,5.7
CLM-2025-00123,CNT-100123,CUST-32863,GA,Southeast,"$7,377.23 ",3/11/2025,3/13/2025,3/14/2025,4/8/2025,1,26,3,1.73,0,No,No,Medium,ADJ-1006,Standard,Team Beta,96.6,9
CLM-2025-00124,CNT-100124,CUST-16396,IL,Midwest,"$1,366.47 ",1/15/2025,1/16/2025,1/19/2025,1/30/2025,3,14,2,4.77,1,No,No,Medium,ADJ-1001,Trainee,Team Delta,89.1,3.5
CLM-2025-00125,CNT-100125,CUST-85776,FL,Southeast,"$1,256.56 ",6/14/2025,6/15/2025,6/18/2025,6/28/2025,3,13,2,3.73,0,No,No,low,ADJ-1014,Senior,Team Team Alpha,100,5.1
CLM-2025-00126,CNT-100126,CUST-82383,NV,Southwest,"($20,444.82)",,1/13/2025,,2/15/2025,0,53,3,3.13,0,No,No,Medium,ADJ-1039,Standard,Team Echo,97.9,8.5
CLM-2025-00127,CNT-100127,CUST-65689,TX,South Central,"$4,693.61 ",12/14/2025,12/17/2025,12/21/2025,1/22/2026,4,36,7,5.21,1,No,No,Low,ADJ-1079,Standard,Team Team Alpha,95.6,3.8
CLM-2025-00128,CNT-100128,CUST-26958,CA,West,"$53,534.09 ",6/12/2025,6/12/2025,6/14/2025,7/29/2025,2,47,3,2.88,1,No,No,Medium,ADJ-1027,Specialist,Team Team Alpha,91.9,5.7
CLM-2025-00129,CNT-100129,CUST-47543,AZ,Southwest,"$1,017.66 ",7/19/2025,7/19/2025,7/22/2025,8/14/2025,3,26,3,2.86,0,No,No,high,ADJ-1045,Senior,Team Gamma,90.3,7.6
CLM-2025-00130,CNT-100130,CUST-30480,UT,Mountain,"$1,010.26 ",10/20/2025,10/20/2025,10/22/2025,11/7/2025,2,18,2,1.93,0,No,No,Medium,ADJ-1021,Standard,Team Team Alpha,99.9,7.3
CLM-2025-00131,CNT-100131,CUST-78072,CO,Mountain,"$10,468.48 ",2/20/2025,2/23/2025,2/24/2025,4/8/2025,1 days,44,6,2.81,0,No,No,Medium,ADJ-1077,Standard,Team Echo,88,6.8
CLM-2025-00132,CNT-100132,CUST-47052,AZ,Southwest,"$48,728.20 ",10/27/2025,10/27/2025,10/28/2025,12/24/2025,1,63,7,2.47,0,No,Yes,Medium,ADJ-1004,Trainee,Team Team Central,91.7,5.3
CLM-2025-00133,CNT-100133,CUST-85363,FL,Southeast,"$21,278.64 ",10/3/2025,10/6/2025,10/8/2025,11/29/2025,2,54,5,4.53,1,No,No,High,ADJ-1052,,Team Team West,100,5.8
CLM-2025-00134,CNT-100134,CUST-98854,OR,West,"$25,902.23 ",12/12/2025,12/12/2025,12/15/2025,2/10/2026,3,60,9,5.64,2,Yes,No,High,ADJ-1049,Trainee,Team Team Central,79.9,3.4
CLM-2025-00135,CNT-100135,CUST-44193,CO,Mountain,"$2,144.81 ",2/19/2025,2/20/2025,2/21/2025,3/11/2025,1,19,6,3.75,0,No,No,Low,ADJ-1077,Specialist,Team Echo,94.4,6.7
CLM-2025-00136,CNT-100136,CUST-33975,AZ,Southwest,"$5,802.82 ",12/30/2025,12/30/2025,1/1/2026,1/30/2026,2,31,3,6.00,0,No,No,Medium,ADJ-1057,Senior,Team Team West,98.5,7.2
CLM-2025-00091,CNT-100137,CUST-67510,IL,Midwest,"$28,804.21 ",1/29/2025,1/31/2025,2/1/2025,3/26/2025,1,54,6,2.87,1,No,No,Medium,ADJ-1057,Standard,Team Echo,100,5.6
CLM-2025-00138,CNT-100138,CUST-13931,TX,South Central,"$4,367.76 ",1/4/2025,1/5/2025,1/6/2025,1/19/2025,1,14,9,3.33,N/A,No,No,Medium,ADJ-1057,Standard,Team Team West,93.4,7.2
CLM-2025-00139,CNT-100139,CUST-27337,WA,West,$790.04 ,6/30/2025,7/3/2025,7/5/2025,7/21/2025,2,18,6,4.43,0,No,No,Medium,ADJ-1070,Standard,Team SouthTeam West,95.8,5.5
CLM-2025-00140,CNT-100140,CUST-75324,FL,Southeast,"$3,361.29 ",1/27/2025,1/27/2025,1/27/2025,2/25/2025,0,29,5,1.81,1,No,No,High,ADJ-1038,Standard,Team Beta,95.7,7.9
CLM-2025-00141,CNT-100141,CUST-47751,WA,West,$646.50 ,6/21/2025,13/32/2025,6/26/2025,7/16/2025,1,21,2,0.53,0,No,Yes,Low,ADJ-1002,Standard,Team Gamma,94.6,7.8
CLM-2025-00142,CNT-100142,CUST-31279,AZ,Southwest,"$4,690.91 ",1/31/2025,1/31/2025,2/1/2025,2/27/2025,1,27,3,2.56,1,No,Yes,Medium,ADJ-1007,Senior,Team SouthTeam West,90.9,7
CLM-2025-00143,CNT-100143,CUST-57060,FL,Southeast,"$1,341.22 ",9/27/2025,9/29/2025,9/30/2025,10/26/2025,1,27,3,3.27,0,No,No,Medium,ADJ-1006,Senior,Team Team Central,96.9,8.7
CLM-2025-00144,CNT-100144,CUST-76599,NV,Southwest,"$1,503.91 ",2/28/2025,3/2/2025,3/4/2025,4/11/2025,2,40,6,4.90,1,Yes,No,High,ADJ-1040,Senior,Team Team Alpha,87.3,4.3
CLM-2025-00145,CNT-100145,CUST-68292,AZ,Southwest,"$7,171.67 ",6/23/2025,6/23/2025,6/25/2025,,2,4,4,3.55,0,No,No,Low,ADJ-1046,Senior,Team Echo,91.5,6.7
CLM-2025-00146,CNT-100146,CUST-92418,FL,Southeast,"$7,198.69 ",10/5/2025,10/8/2025,10/9/2025,11/3/2025,1,26,4,5.30,2,No,No,Low,ADJ-1044,Senior,Team SouthTeam West,93.9,5.9
CLM-2025-00147,CNT-100147,CUST-64640,GA,Southeast,"$1,879.41 ",7/30/2025,7/30/2025,8/1/2025,8/18/2025,2,19,5,2.80,0,No,Yes,Medium,ADJ-1010,Senior,Team Gamma,86.8,6.3
CLM-2025-00148,CNT-100148,CUST-93328,TX,South Central,"$5,505.82 ",11/4/2025,11/8/2025,11/11/2025,11/28/2025,3,20,5,6.31,0,No,No,Medium,ADJ-1064,Trainee,Team Team Alpha,96.8,6.5
CLM-2025-00149,CNT-100149,CUST-62409,OR,West,"$6,732.55 ",9/16/2025,9/16/2025,9/16/2025,10/2/2025,0,16,1,1.31,0,No,No,Low,ADJ-1039,Senior,Team Delta,92.2,9.6
CLM-2025-00150,CNT-100150,CUST-32467,NM,Southwest,"$7,350.44 ",3/7/2025,3/9/2025,3/9/2025,4/1/2025,0,23,5,2.63,1,No,No,Low,ADJ-1072,Senior,Team Team West,92.7,7.3
CLM-2025-00151,CNT-100151,CUST-71647,TX,South Central,"$4,094.99 ",12/26/2025,12/26/2025,12/29/2025,1/22/2026,3,27,3,5.26,0,No,No,Medium,ADJ-1050,Trainee,Team Team Alpha,100,5.7
CLM-2025-00152,CNT-100152,CUST-27253,TX,South Central,"$11,227.49 ",12/17/2025,12/17/2025,12/20/2025,,3,33,6,6.06,1,Yes,No,High,ADJ-1080,Standard,Team Gamma,85.6,4.9
CLM-2025-00153,CNT-100153,CUST-72434,WA,West,,4/3/2025,4/6/2025,4/7/2025,5/16/2025,1,40,4,4.58,1,No,No,Medium,ADJ-1055,Standard,Team Delta,94.9,5.3
CLM-2025-00154,CNT-100154,CUST-61121,FL,Southeast,"$2,360.23 ",9/27/2025,9/27/2025,9/28/2025,10/3/2025,1,6,3,2.70,0,No,,low,ADJ-1051,Specialist,Team Team Alpha,98.3,6.5
CLM-2025-00155,CNT-100155,CUST-57740,IL,Midwest,"$1,267.08 ",8/2/2025,8/4/2025,8/5/2025,8/28/2025,1,24,2,2.55,1,No,No,High,ADJ-1062,Standard,Team Echo,94.7,7
CLM-2025-00156,CNT-100156,CUST-96956,TX,South Central,"$15,946.12 ",5/30/2025,6/2/2025,6/3/2025,7/2/2025,1,30,7,4.34,1,No,Yes,Medium,ADJ-1027,Senior,Team Team West,86.1,6.3
CLM-2025-00157,CNT-100157,CUST-59961,CO,Mountain,"$2,830.51 ",6/30/2025,6/30/2025,7/1/2025,7/14/2025,1,14,2,1.65,1,No,No,Low,ADJ-1001,Standard,Team Team West,96.6,8.4
CLM-2025-00158,CNT-100158,CUST-78565,CA,West,"$18,495.00 ",11/12/2025,11/14/2025,11/17/2025,1/3/2026,3,,8,6.53,2,No,No,High,ADJ-1017,Standard,Team Team Central,86.3,4.6
CLM-2025-00159,CNT-100159,CUST-22681,CA,West,"$4,122.55 ",2/25/2025,2/26/2025,3/1/2025,3/28/2025,3,30,7,4.57,0,Yes,Yes,Low,ADJ-1029,Trainee,Team Delta,80.6,6.8
CLM-2025-00160,CNT-100160,CUST-29958,AZ,Southwest,"$7,893.06 ",,4/14/2025,4/14/2025,4/27/2025,0,13,1,3.82,0,No,No,Low,ADJ-1080,Standard,Team Team Central,93.8,6.1
CLM-2025-00161,CNT-100161,CUST-30339,TX,South Central,"$1,465.28 ",4/28/2025,4/29/2025,5/2/2025,5/13/2025,1,14,4,3.53,1,No,No,Medium,ADJ-1045,Standard,Team Team West,88.5,4.2
CLM-2025-00162,CNT-100162,CUST-72533,NV,Southwest,"$5,395.18 ",4/14/2025,4/19/2025,4/20/2025,5/11/2025,1,22,2,2.91,0,No,No,High,ADJ-1040,Specialist,Team Echo,90.6,7.2
CLM-2025-00163,CNT-100163,CUST-46526,AZ,Southwest,$842.31 ,6/7/2025,6/9/2025,,7/3/2025,2,24,6,3.10,1,No,No,High,ADJ-1025,Standard,Team Team West,91,N/A
CLM-2025-00164,CNT-100164,CUST-64678,TX,South Central,"$41,029.00 ",11/15/2025,11/16/2025,11/18/2025,1/4/2026,2,,6,7.36,2,No,No,High,ADJ-1015,Standard,Team Team Central,91.5,4.9
CLM-2025-00165,CNT-100165,CUST-28393,FL,Southeast,"$4,386.21 ",5/31/2025,5/31/2025,6/1/2025,6/24/2025,1,24,2,0.62,1,No,No,Low,ADJ-1013,Standard,Team Gamma,95.6,7.3
CLM-2025-00166,CNT-100166,CUST-22636,IL,Midwest,"$1,689.64 ",2/14/2025,2/14/2025,2/14/2025,2/18/2025,0,4,1,0.91,0,No,No,Medium,ADJ-1065,Senior,Team Team West,93.6,8.3
CLM-2025-00167,CNT-100167,CUST-35544,WA,West,"$10,847.80 ",9/23/2025,9/23/2025,9/24/2025,11/2/2025,1,40,4,2.56,1,No,No,High,ADJ-1078,Standard,Team Beta,87.7,7.3
CLM-2025-00168,CNT-100168,CUST-52182,TX,South Central,"$4,001.64 ",8/7/2025,8/8/2025,8/11/2025,9/10/2025,3,33,4,5.89,0,Yes,No,Medium,ADJ-1002,Standard,Team Echo,94.8,3.8
CLM-2025-00169,CNT-100169,CUST-38113,CA,West,"$4,035.28 ",1/5/2025,1/9/2025,1/10/2025,1/24/2025,1,27,3,1.38,1,No,No,Medium,ADJ-1014,Specialist,Team Team Alpha,91.1,9.3
CLM-2025-00170,CNT-100170,CUST-46530,WA,West,$499.12 ,11/19/2025,11/22/2025,11/25/2025,12/15/2025,3,23,5,6.39,2,No,No,High,ADJ-1014,Standard,Team Echo,90.6,5.1
CLM-2025-00171,CNT-100171,CUST-27196,OR,West,"$74,202.02 ",7/24/2025,7/27/2025,7/28/2025,9/26/2025,3,61,N/A,2.60,0,No,No,Moderate,ADJ-1022,Senior,Team Delta,96.5,6.5
CLM-2025-00172,CNT-100172,CUST-31804,GA,,"$10,500.88 ",7/25/2025,7/27/2025,7/28/2025,8/20/2025,1,24,1,1.27,0,No,No,Medium,ADJ-1017,Senior,Team Echo,89.5,7.2
CLM-2025-00164,CNT-100173,CUST-62462,TX,South Central,"$2,763.63 ",11/11/2025,11/15/2025,11/17/2025,11/28/2025,2,13,5,4.73,0,No,No,Low,ADJ-1010,Standard,Team Beta,91.7,6.4
CLM-2025-00174,CNT-100174,CUST-48486,WA,West,"$3,712.35 ",10/18/2025,10/22/2025,10/25/2025,11/28/2025,3,37,3,6.00,1,No,Yes,High,ADJ-1077,Standard,Team SouthTeam West,88.1,4.3
CLM-2025-00175,CNT-100175,CUST-90229,NV,Southwest,"$15,419.27 ",10/6/2025,10/6/2025,10/7/2025,11/25/2025,1,50,6,5.19,1,No,No,High,ADJ-1023,Trainee,Team Team Alpha,93.8,6.3
CLM-2025-00176,CNT-100176,CUST-64066,GA,Southeast,"$44,137.87 ",10/13/2025,10/13/2025,10/16/2025,N/A,3,49,3,3.97,0,No,No,Low,ADJ-1050,Senior,Team SouthTeam West,93.3,5.9
CLM-2025-00177,CNT-100177,CUST-17296,WA,West,"$10,888.89 ",4/8/2025,4/9/2025,4/10/2025,5/14/2025,1,35,4,2.59,0,No,Yes,Medium,ADJ-1018,Trainee,Team SouthTeam West,94,6.6
CLM-2025-00178,CNT-100178,CUST-77052,CO,Mountain,$890.89 ,1/10/2025,1/12/2025,1/14/2025,1/23/2025,2,31,2,1.86,2,No,No,Low,ADJ-1072,Senior,Team Team Alpha,88,7.8
CLM-2025-00179,CNT-100179,CUST-38831,FL,Southeast,"$1,574.67 ",10/11/2025,10/11/2025,10/12/2025,10/20/2025,1,9,2,4.70,0,No,No,Low,ADJ-1031,Standard,Team SouthTeam West,89.7,6.8
CLM-2025-00180,CNT-100180,CUST-95635,CA,West,"($1,781.00)",1/14/2025,1/15/2025,1/17/2025,2/4/2025,2,-20,3,3.89,0,No,No,Low,ADJ-1069,Senior,Team Beta,87.5,5.4
CLM-2025-00181,CNT-100181,CUST-60835,NV,Southwest,"$4,778.68 ",12/11/2025,12/12/2025,12/13/2025,1/2/2026,1,21,4,3.29,0,No,Yes,Low,ADJ-1072,Senior,Team Team Alpha,86.8,4.5
CLM-2025-00182,CNT-100182,CUST-18359,AZ,Southwest,"$5,955.61 ",12/7/2025,12/8/2025,12/12/2025,12/16/2025,4,8,2,4.42,1,No,No,Low,ADJ-1047,Standard,Team Team West,86.8,5.8
CLM-2025-00183,CNT-100183,CUST-78647,AZ,Southwest,"$29,875.35 ",6/9/2025,6/9/2025,6/11/2025,8/1/2025,2,53,3,2.73,1,No,No,Medium,ADJ-1002,Trainee,Team West,93.8,N/A
CLM-2025-00184,CNT-100184,CUST-34448,NM,Southwest,N/A,6/23/2025,6/23/2025,6/25/2025,7/3/2025,2,10,2,2.73,1,No,No,Medium,ADJ-1043,Senior,Team Delta,87.4,6.2
CLM-2025-00185,CNT-100185,CUST-17114,FL,Southeast,"$1,431.70 ",3/19/2025,3/23/2025,3/25/2025,4/8/2025,2,16,3,4.40,0,No,No,High,ADJ-1009,Senior,Team Team West,87.9,6.8
CLM-2025-00186,CNT-100186,CUST-71742,TX,South Central,$815.00 ,4/4/2025,4/5/2025,4/8/2025,5/4/2025,3,29,6,6.53,2,Yes,Yes,High,ADJ-1074,Standard,Team Echo,81.9,3.2
CLM-2025-00187,CNT-100187,CUST-53944,CO,Mountain,"$10,781.75 ",12/29/2025,12/31/2025,1/2/2026,2/1/2026,2,32,6,4.37,3,No,No,Medium,ADJ-1013,Standard,Team Echo,83.2,6.7
CLM-2025-00188,CNT-100188,CUST-21769,FL,Southeast,"$4,661.31 ",10/8/2025,10/11/2025,10/13/2025,10/31/2025,2,20,4,4.01,0,No,No,High,ADJ-1034,Senior,Team Team Central,93.5,6.1
CLM-2025-00189,CNT-100189,CUST-98679,CA,West,"$1,336.03 ",10/14/2025,10/16/2025,10/16/2025,,0,21,4,5.01,1,No,No,High,ADJ-1056,,Team Beta,88.6,7.7
CLM-2025-00190,CNT-100190,CUST-46427,TX,South Central,"$6,981.71 ",11/3/2025,,11/9/2025,12/26/2025,3,50,8,7.50,1,,Yes,High,ADJ-1031,Senior,Team Gamma,88.3,2.9
CLM-2025-00191,CNT-100191,CUST-30050,OR,West,"$6,868.72 ",8/13/2025,8/14/2025,8/15/2025,9/4/2025,1,21,2,1.81,0,No,No,Medium,ADJ-1010,Standard,Team Delta,98.4,8.6
CLM-2025-00192,CNT-100192,CUST-52874,TX,South Central,"$2,664.13 ",5/28/2025,N/A,5/29/2025,6/19/2025,1,22,2,5.70,0,No,Yes,Medium,ADJ-1049,Standard,Team Beta,90.8,6
CLM-2025-00193,CNT-100193,CUST-20674,TX,South Central,"$1,780.69 ",9/5/2025,9/6/2025,9/9/2025,9/25/2025,3,19,8,6.11,1,No,No,Low,ADJ-1051,Senior,Team Team Alpha,90.1,4.4
CLM-2025-00194,CNT-100194,CUST-16954,CA,West,"$1,968.75 ",5/17/2025,5/17/2025,5/20/2025,6/8/2025,3,22,4,4.39,1,No,No,medium,ADJ-1007,Standard,Team SouthTeam West,92.4,5.7
CLM-2025-00195,CNT-100195,CUST-90812,FL,Southeast,$890.51 ,4/25/2025,4/27/2025,13/32/2025,5/8/2025,3,11,3,1.92,2,No,No,Low,ADJ-1036,Standard,Team Gamma,96.8,7.4
CLM-2025-00196,CNT-100196,CUST-96664,AZ,Southwest,"$2,323.07 ",6/26/2025,6/26/2025,6/26/2025,7/12/2025,0,16,4,2.69,0,,No,Medium,ADJ-1063,Standard,Team Team Alpha,88.3,7.2
CLM-2025-00197,CNT-100197,CUST-25924,GA,Southeast,"$5,834.82 ",11/26/2025,11/29/2025,11/29/2025,12/18/2025,0,19,3,3.63,0,No,No,Low,ADJ-1065,Trainee,Team Team Central,92.4,6.9
CLM-2025-00198,CNT-100198,CUST-65759,FL,Southeast,"$1,161.82 ",12/27/2025,1/1/2026,1/3/2026,1/12/2026,2,11,4,3.16,0,No,No,Low,ADJ-1009,Senior,Team SouthTeam West,100,7.5
CLM-2025-00199,CNT-100199,CUST-99575,WA,West,"$15,821.38 ",10/10/2025,10/10/2025,10/13/2025,12/2/2025,3,53,7,4.00,1,No,Yes,High,ADJ-1062,Specialist,Team Team West,86.5,4.1
CLM-2025-00200,CNT-100200,CUST-14458,FL,Southeast,"$15,334.06 ",11/30/2025,11/30/2025,12/2/2025,1/24/2026,2,55,10,5.43,0,No,No,Low,ADJ-1025,Standard,Team Team Alpha,89,4.9
CLM-2025-00201,,CUST-56915,IL,Midwest,"$2,134.57 ",9/30/2025,10/1/2025,10/4/2025,11/7/2025,3,N/A,5,3.96,0,No,No,Low,ADJ-1079,Standard,Team Gamma,90.9,5.3
CLM-2025-00027,CNT-100202,CUST-31179,TX,South Central,"$1,625.51 ",5/24/2025,5/27/2025,5/29/2025,6/17/2025,2,21,4,4.84,0,No,No,High,ADJ-1009,Specialist,Team Gamma,97.5,6
CLM-2025-00203,CNT-100203,UNKNOWN,TX,South Central,"$6,916.47 ",6/23/2025,6/23/2025,6/24/2025,7/13/2025,1,20,5,4.91,0,No,No, Medium ,ADJ-1079,Standard,Team Echo,91.3,5.7
CLM-2025-00204,CNT-100204,CUST-56617,IL,Midwest,N/A,8/9/2025,8/12/2025,8/14/2025,8/27/2025,2,15,2,2.89,1,Yes,No,Low,ADJ-1011,Senior,Team Gamma,90.9,6.3
CLM-2025-00205,CNT-100205,CUST-28937,TX,South Central,"$5,762.01 ",3/5/2025,3/8/2025,3/11/2025,4/4/2025,3,27,6,6.73,1,No,Yes,High,ADJ-1043,Standard,Team Team Alpha,80.1,4.4
CLM-2025-00206,,CUST-28614,IL,Midwest,"$1,438.80 ",11/5/2025,11/8/2025,11/9/2025,11/19/2025,1,11,4,3.67,0,No,No,Medium,ADJ-1002,Standard,Team Echo,99.2,7.2
CLM-2025-00207,CNT-100207,CUST-90956,AZ,Southwest,"$2,144.25 ",8/31/2025,8/31/2025,9/2/2025,9/1/2025,2,1,1,2.53,1,No,No,Medium,ADJ-1057,Standard,Team Team Central,95.3,6.9
CLM-2025-00208,CNT-100208,CUST-32632,UT,Mountain,"$10,113.68 ",5/24/2025,5/26/2025,5/28/2025,7/13/2025,2,48,5,3.59,0,No,No,Medium,ADJ-1070,Standard,Team Delta,91.6,5.7
CLM-2025-00209,CNT-100209,CUST-97698,TX,,"$2,357.54 ",9/1/2025,9/3/2025,9/5/2025,10/1/2025,2,28,,5.20,2,No,No,Medium,ADJ-1076,Senior,Team Team Central,95.7,6.3
CLM-2025-00210,,CUST-82217,TX,South Central,"$14,510.89 ",4/14/2025,4/15/2025,4/18/2025,6/4/2025,3,50,7,4.90,2,No,No,High,ADJ-1034,Specialist,Team Gamma,84.3,4.1
CLM-2025-00211,CNT-100211,CUST-68077,AZ,Southwest,"$2,763.50 ",7/10/2025,7/10/2025,7/11/2025,7/26/2025,1,16,3,2.78,1,No,No,Low,ADJ-1045,Standard,Team Team Alpha,99.4,7.8
CLM-2025-00212,CNT-100212,CUST-26056,UT,Mountain,"$5,189.59 ",12/18/2025,12/22/2025,12/24/2025,12/30/2025,2,8,2,2.41,2,No,No,Low,ADJ-1022,Specialist,Team Delta,93.9,8.2
CLM-2025-00213,CNT-100213,CUST-11089,CA,West,"$2,101.02 ",5/11/2025,5/15/2025,5/18/2025,6/10/2025,3,26,2,3.05,0,No,No,Medium,ADJ-1018,Trainee,Team Team West,86.9,5.4
CLM-2025-00214,CNT-100214,CUST-32602,GA,Southeast,"$55,051.45 ",4/1/2025,4/2/2025,4/2/2025,6/9/2025,0,68,5,2.88,1,No,No,High,ADJ-1075,Standard,Team SouthTeam West,87.1,7.4
CLM-2025-00215,CNT-100215,CUST-77091,WA,West,"$6,476.03 ",7/20/2025,7/21/2025,7/21/2025,,0,19,3,2.55,0,No,No,Low,ADJ-1022,Standard,Team Team Alpha,96.3,7.1
CLM-2025-00216,CNT-100216,CUST-39612,OR,West,"$3,235.00 ",6/1/2025,6/3/2025,6/5/2025,7/6/2025,2,33 days,4,2.31,1,No,No,High,ADJ-1019,Standard,Team Delta,89,6.9
CLM-2025-00217,CNT-100217,CUST-90850,OR,West,"$2,057.81 ",5/4/2025,5/5/2025,,5/11/2025,0,6,1,2.88,1,No,No,Low,ADJ-1012,Senior,Team Team West,87.5,8.5
CLM-2025-00218,CNT-100218,CUST-20767,AZ,Southwest,$712.00 ,6/26/2025,6/30/2025,7/2/2025,,2,19,1,3.03,0,No,No,Low,ADJ-1033,Standard,Team Team Alpha,94,6.1
CLM-2025-00219,CNT-100219,CUST-17426,TX,South Central,"$18,743.87 ",4/13/2025,4/13/2025,4/13/2025,5/21/2025,,38,7,6.21,,No,No,High,ADJ-1051,Standard,Team Echo,98.2,6
CLM-2025-00220,CNT-100220,CUST-14588,FL,Southeast,$647.62 ,2/28/2025,3/1/2025,3/2/2025,,1,10,2,3.06,1,No,No,Low,ADJ-1014,Senior,Team Delta,84.7,7.4
CLM-2025-00221,CNT-100221,CUST-51556,CO,Mountain,"$4,555.87 ",7/29/2025,7/29/2025,7/30/2025,8/21/2025,1,23,4,2.70,0,No,No,Low,ADJ-1010,Senior,Team Team Central,92.4,7.1
CLM-2025-00222,CNT-100222,CUST-11862,AZ,Southwest,"$11,777.75 ",2/12/2025,2/13/2025,2/15/2025,3/29/2025,2,44,5,3.81,0,No,No,High,ADJ-1032,Senior,Team Delta,89.5,6.2
CLM-2025-00223,CNT-100223,CUST-64744,OR,West,"$2,231.04 ",3/24/2025,3/25/2025,3/27/2025,4/13/2025,2,19,5,3.03,2,No,No,Medium,ADJ-1001,Senior,Team Delta,96.3,6.9
CLM-2025-00224,CNT-100224,CUST-22213,NV,Southwest,"$1,401.31 ",9/23/2025,9/25/2025,9/25/2025,10/8/2025,0,13,1,1.34,0,No,No,Medium,ADJ-1047,Senior,Team Echo,98.8,7.6
CLM-2025-00225,CNT-100225,CUST-86630,TX,South Central,"$8,378.89 ",4/2/2025,,4/7/2025,5/23/2025,2,48,6,5.40,1,No,No,High,ADJ-1006,Standard,Team Beta,91,5.4
CLM-2025-00226,CNT-100226,CUST-25951,FL,Southeast,"$6,544.22 ",1/11/2025,1/14/2025,1/16/2025,2/10/2025,2 days,32,1,3.41,0,No,No,Medium,ADJ-1020,Senior,Team Team Central,87.2,8
CLM-2025-00227,CNT-100227,CUST-15125,TX,South Central,"$7,394.23 ",7/17/2025,7/20/2025,7/21/2025,9/3/2025,1,45,6,4.26,0,No,No,Medium,ADJ-1077,Specialist,Team Beta,97,7.7
CLM-2025-00228,CNT-100228,CUST-68528,AZ,Southwest,"$2,412.74 ",10/3/2025,10/6/2025,10/7/2025,10/29/2025,1,23,3,2.42,0,No,No,Medium,ADJ-1060,Standard,Team Beta,96.4,7
CLM-2025-00229,CNT-100229,CUST-82420,IL,Midwest,"$1,153.50 ",1/7/2025,1/9/2025,1/9/2025,2/4/2025,0,26,4,3.72,2,No,No,Medium,ADJ-1029,Specialist,Team Gamma,91.5,6.7
CLM-2025-00230,CNT-100230,CUST-26554,FL,Southeast,"$2,432.61 ",3/23/2025,3/24/2025,3/23/2025,4/7/2025,-1,14,1,3.56,1,No,No,Medium,ADJ-1013,Standard,Team Beta,91.3,6.7
CLM-2025-00231,CNT-100231,CUST-43577,TX,South Central,"$6,621.31 ",10/22/2025,13/32/2025,10/24/2025,11/27/2025,2,36,6,5.01,1,No,No,High,ADJ-1035,Trainee,Team Beta,82.1,6.4
CLM-2025-00232,CNT-100232,CUST-29926,UT,Mountain,"$5,450.59 ",7/21/2025,7/24/2025,7/24/2025,8/12/2025,0,19,2,2.11,0,No,No,Medium,ADJ-1059,Senior,Team Echo,95.6,9.1
CLM-2025-00233,CNT-100233,CUST-25968,TX,South Central,"$6,987.53 ",4/12/2025,4/12/2025,4/12/2025,5/16/2025,0,34,5,4.58,0,No,No,Medium,ADJ-1037,Standard,Team Team Alpha,100,6.1
CLM-2025-00234,CNT-100234,CUST-27028,GA,Southeast,($647.79),4/1/2025,4/2/2025,4/3/2025,4/15/2025,1,13,1,1.54,0,No,Yes,Medium,ADJ-1031,Standard,Team Echo,85.2,5.6
CLM-2025-00235,CNT-100235,CUST-99239,CO,Mountain,"$1,492.64 ",6/29/2025,6/29/2025,7/1/2025,7/9/2025,2,10,4,3.32,1,No,No,Low,ADJ-1078,Standard,Team Echo,95.1,6.9
CLM-2025-00236,CNT-100236,CUST-85383,GA,Southeast,"$3,237.12 ",2/21/2025,2/21/2025,2/23/2025,3/20/2025,2 days,27,1,3.02,0,No,No,Medium,ADJ-1072,Senior,Team Team Central,92.9,7.6
CLM-2025-00237,CNT-100237,CUST-18470,NM,Southwest,"$58,307.90 ",11/25/2025,11/27/2025,11/29/2025,2/2/2026,2,79,6,4.67,2,No,No,Low,ADJ-1033,Standard,Team Echo,92,3.9
CLM-2025-00238,CNT-100238,CUST-77224,TX,South Central,"$61,260.01 ",5/30/2025,6/2/2025,6/4/2025,8/11/2025,2,70,8,4.77,2,No,No,High,ADJ-1041,Standard,Team Gamma,96.5,6
CLM-2025-00239,CNT-100239,CUST-44604,TX,South Central,"$6,559.24 ",4/4/2025,4/9/2025,4/10/2025,4/27/2025,1,18,4,4.32,0,No,Yes,Low,ADJ-1065,Standard,Team Delta,82.2,5.1
CLM-2025-00240,CNT-100240,CUST-74752,UT,Mountain,"$7,262.62 ",12/24/2025,12/24/2025,12/26/2025,2/4/2026,2,42,6,2.36,0,No,Yes,Medium,ADJ-1032,Trainee,Team Delta,82.8,6
CLM-2025-00241,CNT-100241,CUST-48435,IL,Midwest,"$1,455.43 ",2/7/2025,2/9/2025,2/12/2025,2/20/2025,3,11,4,6.00,0,No,No,Low,ADJ-1047,Senior,Team Team Alpha,100,6.9
CLM-2025-00242,CNT-100242,CUST-34083,CA,West,"($5,433.89)",6/7/2025,6/10/2025,6/12/2025,7/2/2025,2,22,3,3.66,0,No,No,Medium,ADJ-1006,Senior,Team SouthTeam West,91.3,5.9
CLM-2025-00243,CNT-100243,CUST-52127,CA,West,,8/29/2025,9/1/2025,,10/13/2025,2,42,4,4.09,2,No,No,High,ADJ-1046,Standard,Team Team Alpha,91.1,5.8
CLM-2025-00244,CNT-100244,CUST-35155,NV,Southwest,"$1,537.92 ",5/15/2025,5/15/2025,5/16/2025,5/31/2025,1,16,1,1.83,1,No,No,Low,ADJ-1004,Senior,Team SouthTeam West,87.9,6.1
CLM-2025-00245,CNT-100245,UNKNOWN,IL,Midwest,"$5,388.22 ",8/7/2025,8/8/2025,8/11/2025,9/1/2025,3,24,3,N/A,N/A,No,No,Low,ADJ-1021,Trainee,Team Team Alpha,87.1,7.4
CLM-2025-00246,CNT-100246,CUST-27231,TX,South Central,"$14,774.59 ",5/11/2025,5/12/2025,5/15/2025,6/19/2025,3,38,5,4.52,0,No,No,Medium,ADJ-1017,Standard,Team Echo,89.4,5.2
CLM-2025-00247,CNT-100247,CUST-35688,NV,Southwest,"$2,185.80 ",4/26/2025,4/29/2025,4/30/2025,5/13/2025,1 days,14,3,3.34,0,No,Yes,Medium,ADJ-1020,Standard,Team SouthTeam West,93.4,5.6
CLM-2025-00248,CNT-100248,CUST-66337,AZ,Southwest,"$2,385.29 ",12/21/2025,12/26/2025,12/28/2025,1/6/2026,2,11,2,3.61,1,No,No,Medium,ADJ-1052,Senior,Team Team Central,98.6,5.8
CLM-2025-00249,CNT-100249,CUST-59933,TX,South Central,"$47,545.81 ",6/29/2025,6/30/2025,7/2/2025,8/29/2025,2,60,6,5.23,1,No,Yes,High,ADJ-1055,Senior,Team Team West,80.7,5
CLM-2025-00250,CNT-100250,CUST-83515,AZ,Southwest,"$1,178.55 ",4/16/2025,4/18/2025,4/20/2025,4/19/2025,2,1,1,1.75,0,No,No,Medium,ADJ-1027,Senior,Team Team West,95.8,7
CLM-2025-00251,CNT-100251,CUST-70850,TX,South Central,"$8,271.93 ",12/25/2025,12/27/2025,12/30/2025,2/7/2026,3,42,7,7.43,1,No,No,High,ADJ-1042,Senior,Team Beta,86.9,4.9
CLM-2025-00252,CNT-100252,CUST-52907,CO,Mountain,"$6,092.86 ",10/12/2025,10/14/2025,10/16/2025,10/25/2025,2,11,6,5.31,0,No,No,Low,ADJ-1063,Senior,Team Team Alpha,98,5.3
CLM-2025-00253,CNT-100253,CUST-92386,CA,West,"$24,270.40 ",5/17/2025,5/20/2025,5/22/2025,7/3/2025,2,44,6,,N/A,No,No,Medium,ADJ-1041,Specialist,Team Delta,100,5
CLM-2025-00254,CNT-100254,CUST-14499,CA,West,N/A,3/8/2025,3/9/2025,3/9/2025,3/26/2025,0,17,3,2.59,0,Yes,Yes,Medium,ADJ-1036,Senior,Team SouthTeam West,105,7.3
CLM-2025-00255,CNT-100255,CUST-26641,WA,West,"$21,345.54 ",9/28/2025,,9/29/2025,11/14/2025,0,46,2,1.83,2,No,No,High,ADJ-1042,Standard,Team SouthTeam West,96.9,7.7
CLM-2025-00256,CNT-100256,CUST-95466,CO,Mountain,$522.44 ,3/4/2025,3/4/2025,3/6/2025,3/8/2025,2,4,3,2.78,1,No,No,Medium,ADJ-1007,Senior,Team Team Central,93.4,8.3
CLM-2025-00257,CNT-100257,CUST-59471,CA,West,"$23,591.26 ",11/17/2025,11/17/2025,11/18/2025,13/32/2025,1,23,6,4.24,3,No,No,High,ADJ-1021,Standard,Team Team Central,95,7.6
CLM-2025-00257,CNT-100258,CUST-67319,AZ,Southwest,"$22,987.47 ",11/7/2025,11/7/2025,11/7/2025,12/19/2025,0,42,N/A,3.28,1,No,No,High,ADJ-1004,Standard,Team Team Alpha,90.3,6.9
CLM-2025-00259,CNT-100259,CUST-25398,TX,South Central,"$1,787.64 ",3/25/2025,3/26/2025,3/28/2025,4/14/2025,2,19,5,5.87,0,,No,medium,ADJ-1039,Standard,Team Gamma,97.4,6.9
CLM-2025-00260,CNT-100260,CUST-18222,TX,South Central,"$2,409.97 ",2/16/2025,2/16/2025,2/19/2025,3/9/2025,3,21,2,4.02,0,No,No,Low,ADJ-1078,Senior,Team Beta,93.9,5.2
CLM-2025-00261,CNT-100261,CUST-55074,WA,West,"$24,223.92 ",10/10/2025,10/11/2025,13/32/2025,11/30/2025,1,50,6,,1,No,No,High,ADJ-1039,Senior,Team Team Central,92.3,7.7
CLM-2025-00262,CNT-100262,CUST-88850,IL,Midwest,"$6,052.12 ",8/18/2025,8/19/2025,8/22/2025,9/15/2025,3,27,5,3.95,0,No,No,Medium,ADJ-1012,Specialist,Team Team Central,95.6,7.5
CLM-2025-00263,CNT-100263,CUST-20475,FL,Southeast,"$2,660.25 ",5/12/2025,5/15/2025,,,0,31,3,3.70,2,No,No,High,ADJ-1039,Standard,Team Delta,88.2,7.5
CLM-2025-00264,CNT-100264,CUST-77952,CA,West,$870.75 ,5/16/2025,5/16/2025,5/15/2025,6/6/2025,-1,21,4,4.03,0,No,No,Medium,ADJ-1013,Senior,Team Beta,99.1,7
CLM-2025-00243,CNT-100243,CUST-52127,CA,West,,8/29/2025,9/1/2025,,10/13/2025,2,42,4,4.09,2,No,No,High,ADJ-1046,Standard,Team Team Alpha,91.1,5.8
CLM-2025-00266,CNT-100266,CUST-36876,TX,South Central,"$17,590.73 ",9/29/2025,10/2/2025,10/3/2025,11/10/2025,1,39,5,6.13,1,No,Yes,Low,ADJ-1050,Standard,Team Beta,95.9,5.3
CLM-2025-00267,CNT-100267,CUST-97734,OR,West,"$1,205.81 ",4/25/2025,4/25/2025,13/32/2025,5/19/2025,3,24,1,3.45,0,No,No,High,ADJ-1053,Standard,Team Team West,94.9,6.6
CLM-2025-00268,CNT-100268,CUST-50447,NM,Southwest,"$2,481.81 ",9/20/2025,9/22/2025,9/24/2025,9/27/2025,2,5,2,6.00,0,No,No,Medium,ADJ-1066,Trainee,Team Echo,89.9,7.1
CLM-2025-00269,CNT-100269,CUST-89289,TX,South Central,"$13,835.34 ",1/19/2025,1/19/2025,1/22/2025,3/12/2025,3,52,7,4.97,1,No,No,Medium,ADJ-1077,Standard,Team Echo,91.4,4.6
CLM-2025-00270,CNT-100270,CUST-29940,TX,South Central,"$1,233.21 ",,8/27/2025,8/30/2025,9/10/2025,3,14,3,5.19,1,No,,Medium,ADJ-1053,Standard,Team Gamma,95.6,4.8
CLM-2025-00271,CNT-100271,CUST-66620,NM,Southwest,"$2,115.92 ",7/22/2025,7/25/2025,7/26/2025,7/26/2025,1,1,1,2.53,N/A,No,Yes,Low,ADJ-1034,Senior,Team Team West,93.6,7.4
CLM-2025-00272,CNT-100272,CUST-27880,CA,West,"$1,296.27 ",12/10/2025,12/10/2025,12/13/2025,1/1/2026,3,22,4,4.43,2,No,No,High,ADJ-1068,Standard,Team Team Central,91.2,0
CLM-2025-00273,CNT-100273,CUST-14040,WA,West,"$4,859.51 ",1/1/2025,1/2/2025,1/2/2025,1/23/2025,0,21,3,1.72,1,No,No,Low,ADJ-1019,Specialist,Team Team Alpha,91.3,7.4
CLM-2025-00274,CNT-100274,CUST-89176,AZ,Southwest,"$14,354.99 ",1/24/2025,1/27/2025,1/28/2025,3/6/2025,1,38,5,4.79,1,No,No, High ,ADJ-1039,Standard,Team Delta,89.6,6.1
CLM-2025-00275,CNT-100275,CUST-96305,TX,South Central,"$1,790.92 ",4/26/2025,4/26/2025,4/27/2025,4/27/2025,1,1,2,2.48,0,No,No,Low,ADJ-1061,Trainee,Team Gamma,91.3,7.9
CLM-2025-00276,CNT-100276,CUST-53319,NV,Southwest,"$49,753.74 ",1/21/2025,1/24/2025,1/25/2025,3/26/2025,1,61,6,4.33,1,No,No,High,ADJ-1028,Senior,Team Team Alpha,92.7,6.4
CLM-2025-00277,CNT-100277,CUST-21661,AZ,Southwest,N/A,2/1/2025,2/4/2025,2/5/2025,2/25/2025,1,21,2,2.31,2,No,No,High,ADJ-1022,Senior,Team Echo,94.4,6
CLM-2025-00278,CNT-100278,CUST-64515,OR,West,"$1,525.45 ",7/21/2025,,7/22/2025,8/16/2025,0,25,N/A,2.97,0,No,No,Medium,ADJ-1042,Senior,Team Team Central,91.3,7.3
CLM-2025-00279,CNT-100279,CUST-32200,NM,Southwest,"$29,490.15 ",2/22/2025,2/25/2025,2/26/2025,4/27/2025,1,61,5,1.91,1,No,No,High,ADJ-1010,Standard,Team SouthTeam West,99.4,7.7
CLM-2025-00280,CNT-100280,CUST-96091,NV,Southwest,"$1,482.46 ",6/22/2025,6/24/2025,6/24/2025,7/10/2025,0,16,1,1.13,0,No,No,Medium,ADJ-1055,Specialist,Team Gamma,92.7,7.6
CLM-2025-00281,CNT-100281,CUST-19988,AZ,Southwest,"$4,735.13 ",8/11/2025,8/11/2025,8/13/2025,8/27/2025,2,16,2,2.37,1,No,No,Low,ADJ-1065,Senior,Team Beta,93.5,6.2
CLM-2025-00282,CNT-100282,CUST-84441,GA,Southeast,"$2,427.34 ",9/8/2025,9/11/2025,9/11/2025,9/19/2025,0,8,5,3.87,0,No,No,Medium,ADJ-1015,Senior,Team Team Central,91.6,7
CLM-2025-00283,CNT-100283,CUST-67514,CA,West,"$1,459.00 ",1/17/2025,1/19/2025,1/20/2025,1/25/2025,1,6,1,3.83,2,No,No,Low,ADJ-1065,Senior,Team Delta,95.2,7
CLM-2025-00284,CNT-100284,CUST-62426,CA,Unknown,"$67,283.80 ",4/15/2025,4/19/2025,4/22/2025,6/16/2025,3,58,6,3.20,1,No,No,Medium,ADJ-1009,Standard,Team Team Central,83.1,5.8
CLM-2025-00285,CNT-100285,CUST-43707,TX,South Central,"$8,106.38 ",1/5/2025,1/7/2025,1/9/2025,2/20/2025,2,44,6,5.60,1,No,No,Medium,ADJ-1072,Standard,Team Gamma,92.5,5.9
CLM-2025-00286,CNT-100286,CUST-15052,TX,South Central,"$4,249.86 ",1/16/2025,1/20/2025,1/22/2025,1/29/2025,2,9,4,5.50,0,No,No,Low,ADJ-1041,Senior,,100,6.7
CLM-2025-00287,CNT-100287,CUST-31549,WA,West,"$1,733.23 ",5/9/2025,5/9/2025,5/10/2025,5/25/2025,1,16,2,2.95,0,No,No,High,ADJ-1017,Standard,Team Gamma,91,N/A
CLM-2025-00288,CNT-100288,CUST-57507,CO,Mountain,"$7,774.76 ",9/17/2025,9/17/2025,9/17/2025,9/27/2025,0,10,1,2.17,1,No,,Low,ADJ-1037,Senior,Team Beta,92.8,8
CLM-2025-00289,CNT-100289,CUST-46985,NV,Southwest,$965.83 ,6/3/2025,6/5/2025,6/8/2025,6/27/2025,3,22,3,2.87,1,No,No, Medium ,ADJ-1040,Standard,Team Team Alpha,89.1,6.8
CLM-2025-00290,CNT-100290,UNKNOWN,FL,Southeast,"$1,058.67 ",11/4/2025,11/6/2025,11/9/2025,,3,,5,4.17,2,No,No,High,ADJ-1011,Senior,Team Team Central,91.8,5
CLM-2025-00291,CNT-100291,CUST-89680,IL,Midwest,$568.29 ,9/14/2025,9/16/2025,9/17/2025,10/12/2025,1,26,N/A,3.92,0,No,No,High,ADJ-1067,Senior,Team Gamma,95.3,7.4
CLM-2025-00292,CNT-100292,CUST-83215,FL,Southeast,"$6,730.72 ",7/5/2025,7/5/2025,,7/24/2025,0,19,2,2.55,0,No,,Low,ADJ-1080,Senior,Team Team West,89.1,7.5
CLM-2025-00293,CNT-100293,CUST-42203,WA,West,"$4,149.96 ",1/27/2025,1/28/2025,1/30/2025,3/9/2025,2,40,6,2.92,1,No,No,High,ADJ-1044,Specialist,Team Team West,89.8,6.2
CLM-2025-00294,CNT-100294,CUST-76216,CO,,"$5,734.63 ",10/1/2025,10/5/2025,10/6/2025,10/27/2025,1,22,3,3.40,0,No,No,Medium,ADJ-1070,Standard,Team Delta,93.3,8.7
CLM-2025-00295,CNT-100295,CUST-69051,GA,Southeast,"$13,928.00 ",4/9/2025,4/11/2025,4/11/2025,5/17/2025,0,36,3,2.18,0,Yes,No,Medium,ADJ-1042,Senior,Team Team Alpha,82.8,6.4
CLM-2025-00296,CNT-100296,CUST-36907,TX,South Central,"$22,816.54 ",2/27/2025,2/27/2025,2/28/2025,4/22/2025,1,54,8,4.57,2,No,No,High,ADJ-1034,Standard,Team Delta,99.2,5.5
CLM-2025-00297,CNT-100297,CUST-72564,OR,West,"$1,248.38 ",11/17/2025,N/A,11/18/2025,N/A,1,1,5,4.88,0,No,No,Low,ADJ-1053,Senior,Team Echo,88.1,6.8
CLM-2025-00298,CNT-100298,CUST-99850,FL,Southeast,"$24,670.04 ",2/16/2025,2/19/2025,2/19/2025,4/3/2025,0,43 days,5,4.30,1,No,No,High,ADJ-1016,Trainee,Team Team Alpha,99,7.6
CLM-2025-00299,CNT-100299,CUST-49195,WA,West,"$4,089.86 ",10/28/2025,11/2/2025,11/3/2025,11/10/2025,1,8,4,3.08,0,No,No,Medium,ADJ-1018,Trainee,Team Gamma,93.7,6.9
CLM-2025-00300,CNT-100300,CUST-39183,CA,West,"$5,693.96 ",2/23/2025,2/23/2025,2/25/2025,3/19/2025,4,24,2,3.69,0,No,No,Low,ADJ-1027,Senior,Team Team Alpha,100,7.6
CLM-2025-00301,CNT-100301,CUST-37741,UT,Mountain,"$19,329.54 ",1/18/2025,1/21/2025,1/21/2025,2/12/2025,0,22,3,2.08,1,No,No,Low,ADJ-1034,Specialist,Team Delta,99.9,10
CLM-2025-00302,CNT-100302,CUST-32561,FL,Southeast,"$8,486.66 ",6/11/2025,6/14/2025,6/14/2025,7/11/2025,0,27,3,3.35,0,No,Yes,Medium,ADJ-1001,Trainee,Team Echo,90,5.6
CLM-2025-00303,CNT-100303,CUST-34778,AZ,Southwest,"$3,768.55 ",10/17/2025,10/18/2025,10/22/2025,11/16/2025,4,29,5,3.88,1,No,No,Medium,ADJ-1078,Standard,Team Team West,86.8,4.9
CLM-2025-00304,CNT-100304,CUST-38089,CA,West,$829.43 ,10/12/2025,10/14/2025,10/14/2025,10/19/2025,0,5,3,4.47,2,No,Yes,Medium,ADJ-1015,Standard,Team Team West,91.5,6.5
CLM-2025-00305,CNT-100305,CUST-70745,NM,Southwest,"$1,128.88 ",5/4/2025,5/8/2025,5/8/2025,5/17/2025,0,-9,2,1.75,0,No,No,Low,ADJ-1066,Standard,Team Delta,94.1,7.5
CLM-2025-00306,CNT-100306,CUST-61237,CA,West,"$1,753.01 ",7/19/2025,7/20/2025,7/23/2025,8/1/2025,-3,12,1,3.67,1,No,No,Low,ADJ-1071,Senior,Team Team Central,92,N/A
CLM-2025-00307,CNT-100307,CUST-18815,CA,West,"$15,594.70 ",,13/32/2025,4/20/2025,5/18/2025,3,31,3,3.30,2,Yes,Yes,Low,ADJ-1034,Standard,Team Team West,87,6.1
CLM-2025-00308,CNT-100308,CUST-28020,WA,West,"$1,998.01 ",5/30/2025,5/30/2025,5/31/2025,6/11/2025,1,12,2,3.90,0,No,No,Low,ADJ-1004,Standard,Team Team West,98.9,7.2
CLM-2025-00309,CNT-100309,CUST-14756,UT,Mountain,"$2,413.72 ",11/19/2025,11/19/2025,11/20/2025,11/17/2025,1,-2,4,4.00,,Yes,No,Medium,ADJ-1034,Senior,Team Team West,93.5,7.7
CLM-2025-00141,CNT-100310,CUST-34211,AZ,Southwest,"$1,438.80 ",2/5/2025,2/7/2025,,2/4/2025,5,-3,4,3.28,1,No,No,Low,ADJ-1050,Standard,Team Beta,90.8,6.9
CLM-2025-00311,CNT-100311,CUST-88798,CA,West,"$6,369.06 ",7/9/2025,7/12/2025,7/15/2025,8/7/2025,3,26,2,3.22,2,No,No,Low,ADJ-1046,Specialist,Team Team Central,94,N/A
CLM-2025-00312,CNT-100312,CUST-49890,CO,Unknown,"$1,716.99 ",9/15/2025,9/15/2025,9/16/2025,9/20/2025,1,5,3,1.84,0,No,No,Low,ADJ-1004,Standard,Team Gamma,88.7,9.1
CLM-2025-00313,CNT-100313,CUST-11378,CA,Unknown,"$10,362.68 ",12/29/2025,12/29/2025,1/1/2026,2/18/2026,3,51,4,3.17,0,Yes,No,Medium,ADJ-1070,Standard,Team Echo,85,6.8
CLM-2025-00314,CNT-100314,CUST-77945,FL,Southeast,"$67,868.27 ",1/31/2025,2/3/2025,2/4/2025,3/17/2025,1,42,2,0.59,0,No,No,Medium,ADJ-1014,Senior,Team Echo,88.9,7.4
CLM-2025-00315,CNT-100315,CUST-81508,UT,Mountain,"$5,991.52 ",6/11/2025,6/11/2025,6/11/2025,6/24/2025,0,13,1,3.21,0,No,No,Low,ADJ-1030,Specialist,Team Team Central,92.3,7.3
CLM-2025-00316,CNT-100316,CUST-19553,NV,Southwest,"$19,260.40 ",1/20/2025,1/24/2025,1/26/2025,3/10/2025,2,45,5,4.85,1,No,No,High,ADJ-1063,Standard,Team Team Central,89.9,6.1
CLM-2025-00317,CNT-100317,CUST-12774,AZ,Southwest,$556.37 ,9/3/2025,9/6/2025,9/8/2025,9/26/2025,2,20,5,1.37,0,No,Yes,Medium,ADJ-1020,Standard,Team Team Central,85,6
CLM-2025-00318,CNT-100318,CUST-99654,TX,South Central,"$1,552.27 ",1/31/2025,2/1/2025,2/4/2025,2/17/2025,3,16,3,4.00,1,No,No,Medium,ADJ-1007,Senior,Team Team Central,95,6.5
CLM-2025-00319,CNT-100319,CUST-83885,OR,West,$618.48 ,9/20/2025,9/21/2025,9/22/2025,9/30/2025,1,9,3,1.45,0,No,No,Low,ADJ-1010,Specialist,Team Team West,93.8,8.6
CLM-2025-00320,CNT-100320,CUST-47470,AZ,Southwest,$757.40 ,5/25/2025,5/26/2025,5/27/2025,6/8/2025,1,13,2,2.20,0,No,No,Medium,ADJ-1067,Senior,Team Gamma,100,
CLM-2025-00321,CNT-100321,CUST-59209,WA,West,"$6,050.44 ",8/24/2025,8/26/2025,8/26/2025,9/14/2025,0,19,3,3.70,0,No,No,Medium,ADJ-1006,Standard,Team Echo,92.6,6.8
CLM-2025-00322,CNT-100322,CUST-55030,WA,West,"$2,159.79 ",12/13/2025,12/16/2025,12/18/2025,12/25/2025,2,9,6,3.87,1,No,No,Medium,ADJ-1048,Standard,Team Team West,94,7
CLM-2025-00323,CNT-100323,CUST-77781,IL,Midwest,"$1,973.47 ",6/10/2025,6/11/2025,6/12/2025,7/13/2025,1,32,3,2.21,0,No,No,High,ADJ-1005,Standard,Team Delta,84.6,7.3
CLM-2025-00324,CNT-100324,CUST-73271,AZ,Southwest,"$5,590.08 ",7/2/2025,7/6/2025,7/8/2025,8/2/2025,2,27,5,2.29,0,No,No,Medium,ADJ-1063,Specialist,Team Echo,98.1,6.1
CLM-2025-00325,CNT-100325,CUST-52287,FL,Southeast,"$6,488.09 ",5/1/2025,5/5/2025,5/9/2025,6/9/2025,2,35,2,1.80,0,No,No,Medium,ADJ-1015,Standard,Team SouthTeam West,90.8,6.6
CLM-2025-00326,CNT-100326,CUST-71281,IL,Midwest,"$8,155.00 ",3/28/2025,3/29/2025,4/1/2025,5/14/2025,3,46,6,3.92,0,Yes,Yes,High,ADJ-1071,Senior,Team Delta,72.4,4.7
CLM-2025-00327,CNT-100327,CUST-70488,CA,West,N/A,10/10/2025,10/11/2025,,N/A,3,27,4,7.26,0,No,Yes,Medium,ADJ-1061,Standard,Team Team Central,83.7,5.1
CLM-2025-00169,CNT-100328,CUST-46635,CA,West,"$4,376.78 ",7/1/2025,7/4/2025,7/6/2025,8/3/2025,2,30,4,2.71,1,No,No,Medium,ADJ-1079,Standard,Team Echo,98.7,8.2
CLM-2025-00329,CNT-100329,CUST-63363,CA,West,"$1,667.64 ",,1/31/2025,2/2/2025,2/21/2025,2,N/A,5,4.81,1,No,Yes, High ,ADJ-1072,Standard,Team SouthTeam West,85.4,4.8
CLM-2025-00330,CNT-100330,CUST-68130,CO,Mountain,"$37,871.98 ",7/20/2025,7/24/2025,7/24/2025,9/23/2025,0,61,,1.79,0,Yes,No,Medium,ADJ-1041,Standard,Team Echo,88.1,6.2
CLM-2025-00331,CNT-100331,CUST-35981,CO,Unknown,"$4,535.07 ",1/11/2025,1/14/2025,1/16/2025,1/30/2025,2,N/A,4,2.57,0,,No,Low,ADJ-1041,Standard,Team Beta,89.7,7.4
CLM-2025-00332,CNT-100332,CUST-95769,AR,Southwest,"$1,533.17 ",10/10/2025,10/14/2025,10/15/2025,10/16/2025,1,2,2,3.23,0,Yes,No,Low,ADJ-1033,Specialist,Team Team Alpha,92.2,6.5
CLM-2025-00333,CNT-100333,CUST-19395,WA,West,"$3,916.73 ",11/11/2025,11/13/2025,11/14/2025,12/6/2025,1,23,5,4.04,0,Yes,No,Low,ADJ-1016,Trainee,Team Team Alpha,94.8,6.6
CLM-2025-00334,CNT-100334,CUST-44115,AZ,Southwest,"$13,648.72 ",6/8/2025,6/10/2025,6/11/2025,7/25/2025,1,45,4,3.14,0,No,No,Medium,ADJ-1063,Trainee,Team Team Alpha,,6
CLM-2025-00335,CNT-100335,CUST-63870,CA,West,"$9,730.43 ",12/29/2025,12/29/2025,,1/31/2026,1,33,5,7.32,2,No,No,high,ADJ-1078,Trainee,Team Team Central,93.6,5.4
CLM-2025-00336,CNT-100336,CUST-95336,GA,Southeast,"$2,097.75 ",2/19/2025,2/20/2025,2/22/2025,2/25/2025,-2,5,1,2.77,0,No,Yes,Low,ADJ-1020,Senior,Team Team Central,92.6,6.1
CLM-2025-00337,CNT-100337,CUST-57983,WA,West,"$1,322.07 ",12/18/2025,12/24/2025,,1/2/2026,1,9,1,5.39,N/A,No,No,High,ADJ-1009,Standard,Team Gamma,,7.1
CLM-2025-00338,CNT-100338,CUST-79250,CO,Mountain,"$4,151.59 ",3/5/2025,3/6/2025,3/6/2025,3/23/2025,0,17,2,1.72,0,No,No,Medium,ADJ-1032,Specialist,Team Gamma,94.3,7.8
CLM-2025-00339,CNT-100339,CUST-42578,TX,South Central,"$1,090.76 ",7/24/2025,7/27/2025,7/30/2025,8/11/2025,3 days,15,4,3.51,0,No,No,Medium,ADJ-1025,Standard,Team Team Central,93.5,7.9
CLM-2025-00340,CNT-100340,CUST-84665,GA,Southeast,"$21,997.66 ",7/20/2025,7/20/2025,7/21/2025,8/13/2025,1,24,5,2.21,1,No,No,Low,ADJ-1072,Standard,Team Gamma,96,7.8
CLM-2025-00074,CNT-100074,CUST-40591,AZ,Southwest,"$1,399.34 ",13/32/2025,10/4/2025,10/6/2025,10/11/2025,2,7,3,4.67,1,No,Yes,Medium,ADJ-1056,Trainee,Team Team West,84.6,5.1
CLM-2025-00342,CNT-100342,CUST-99190,WA,West,"$58,693.59 ",12/19/2025,12/20/2025,12/21/2025,2/19/2026,1,61,8,4.53,0,,No,Low,ADJ-1025,Standard,Team Echo,89.3,6.1
CLM-2025-00343,CNT-100343,CUST-23411,CA,West,"$5,080.55 ",1/16/2025,1/16/2025,1/16/2025,2/9/2025,0,24,4,4.47,1,No,No,Medium,ADJ-1021,Senior,Team Beta,93.3,7.7
CLM-2025-00344,CNT-100344,CUST-13789,AZ,Southwest,$492.93 ,5/27/2025,5/30/2025,6/2/2025,6/22/2025,3,23,3,4.57,2,Yes,No,High,ADJ-1059,Senior,Team Team West,88.9,4.8
CLM-2025-00345,CNT-100345,CUST-80685,AZ,Southwest,"$69,090.07 ",3/10/2025,3/12/2025,3/12/2025,5/2/2025,0,51,7,3.41,0,No,No,Low,ADJ-1002,Standard,Team Team West,N/A,6.5
CLM-2025-00346,CNT-100346,CUST-17584,CA,West,"$22,448.17 ",12/20/2025,12/24/2025,12/27/2025,2/21/2026,3,59,7,4.67,2,No,Yes,Low,ADJ-1017,Standard,Team Team Alpha,88.4,4.7
CLM-2025-00347,CNT-100347,CUST-41077,TX,South Central,"$1,508.65 ",8/3/2025,8/3/2025,8/5/2025,8/4/2025,2,1,4,3.78,0,No,No,Low,ADJ-1002,Senior,Team SouthTeam West,100,5.7
CLM-2025-00348,CNT-100348,CUST-16586,NV,Southwest,$760.29 ,2/22/2025,2/24/2025,2/26/2025,2/26/2025,6,2,5,1.82,1,No,No,Medium,ADJ-1028,Senior,Team Team Central,93,7.6
CLM-2025-00349,CNT-100349,CUST-78787,IL,Midwest,"$2,214.28 ",3/18/2025,3/20/2025,3/22/2025,3/30/2025,2,10,2,2.80,0,No,No,Medium,ADJ-1032,Senior,Team SouthTeam West,96.5,7.1
CLM-2025-00350,CNT-100350,CUST-17878,WA,West,"$1,307.51 ",7/15/2025,7/17/2025,7/18/2025,7/29/2025,-1,12,3,3.17,0,No,No,High,ADJ-1003,Specialist,Team Beta,90.2,7.7
CLM-2025-00351,CNT-100351,CUST-84908,WA,West,"$4,100.02 ",3/26/2025,3/31/2025,4/2/2025,4/15/2025,2,-15,3,2.86,0,No,No,Low,ADJ-1021,Senior,Team Gamma,96.7,6.8
CLM-2025-00352,CNT-100352,CUST-77262,GA,Southeast,"$2,379.50 ",9/9/2025,9/12/2025,9/13/2025,9/26/2025,1,14,3,0.68,1,Yes,No,Medium,ADJ-1026,Specialist,Team Team Alpha,81.2,7
CLM-2025-00353,CNT-100353,CUST-91939,CA,West,"($22,280.80)",2/21/2025,2/22/2025,2/25/2025,4/6/2025,3,-43,,3.57,0,No,No,Medium,ADJ-1057,Specialist,Team Beta,89.7,5.5
CLM-2025-00354,CNT-100354,CUST-88157,AZ,Southwest,"$37,873.23 ",5/15/2025,5/18/2025,5/21/2025,7/24/2025,-3,67,7,3.28,0,No,No,Low,ADJ-1028,Senior,Team SouthTeam West,88.8,0
CLM-2025-00355,CNT-100355,CUST-76643,AZ,Southwest,"$38,821.42 ",11/27/2025,11/27/2025,11/29/2025,1/20/2026,2,54,5,5.83,3,No,No,,ADJ-1038,Trainee,Team Team Central,91.6,4.8
CLM-2025-00356,CNT-100356,CUST-35132,TX,South Central,"$6,889.75 ",1/5/2025,1/9/2025,,2/11/2025,7 days,33,5,6.52,1,No,No,High,ADJ-1038,Senior,Team Team Alpha,84.5,3.6
CLM-2025-00357,CNT-100357,CUST-51227,TX,Unknown,"$6,218.18 ",8/27/2025,8/30/2025,9/1/2025,10/2/2025,2,33,5,4.59,1,No,No,high,ADJ-1010,Standard,Team Delta,94.5,7
CLM-2025-00133,CNT-100358,CUST-73099,CA,West,$857.69 ,8/9/2025,8/11/2025,8/14/2025,9/10/2025,3,30,6,4.55,2,Yes,Yes,High,ADJ-1053,Senior,Team SouthTeam West,77.9,4.5
CLM-2025-00359,CNT-100359,CUST-19261,NV,Southwest,"$1,510.14 ",9/13/2025,9/16/2025,9/17/2025,9/29/2025,1,13,1,3.16,0,No,No,Low,ADJ-1072,Standard,Team Beta,94.9,6.2
CLM-2025-00360,CNT-100360,CUST-19479,NV,Southwest,"$9,918.03 ",4/6/2025,4/9/2025,4/9/2025,5/22/2025,0,43,6,3.66,2,Yes,No,High,ADJ-1078,Standard,Team Gamma,82.1,6.1
CLM-2025-00361,CNT-100361,CUST-93298,TX,South Central,"$40,938.90 ",1/5/2025,1/9/2025,1/10/2025,3/10/2025,1,60,7,4.90,1,Yes,No,High,ADJ-1030,Senior,Team Team Central,81.6,4.7
CLM-2025-00362,CNT-100362,CUST-90407,CO,Mountain,"$7,770.43 ",11/13/2025,11/17/2025,11/17/2025,12/3/2025,0,16,1,2.86,1,No,No,Low,ADJ-1059,Specialist,Team SouthTeam West,85.5,8.8
CLM-2025-00363,CNT-100363,CUST-78372,NV,Southwest,"$1,624.69 ",10/27/2025,10/27/2025,10/29/2025,11/21/2025,2,25,3,4.41,0,No,No,High,ADJ-1038,Specialist,Team Delta,95.9,6
CLM-2025-00364,CNT-100364,CUST-22419,TX,South Central,"$15,483.15 ",10/12/2025,10/12/2025,10/14/2025,12/6/2025,2,45,8,6.15,2,No,No,High,ADJ-1019,Standard,Team Team Central,84.7,4.6
CLM-2025-00365,CNT-100365,CUST-14148,NV,Southwest,$558.46 ,4/11/2025,,4/13/2025,4/14/2025,0,1,2,2.88,1,No,No,Low,ADJ-1031,Standard,Team Beta,96.1,7.7
CLM-2025-00077,CNT-100366,CUST-17180,GA,Southeast,"$2,883.03 ",10/17/2025,10/18/2025,10/21/2025,11/15/2025,3,28,3,4.58,1,No,No,,ADJ-1014,Standard,Team Delta,93.4,5.4
CLM-2025-00367,CNT-100367,CUST-99165,WA,West,"$2,218.87 ",7/27/2025,7/27/2025,7/27/2025,7/30/2025,0,3,2,1.16,N/A,No,No,Low,ADJ-1019,Specialist,Team Delta,97,8.1
CLM-2025-00368,CNT-100368,CUST-63367,OR,West,"$3,380.53 ",2/3/2025,2/5/2025,2/5/2025,3/11/2025,0,34,1,2.55,0,No,,Medium,ADJ-1033,Senior,Team Team Central,90.8,6.9
CLM-2025-00369,CNT-100369,CUST-98665,NV,Southwest,"$6,699.00 ",11/2/2025,11/5/2025,11/6/2025,N/A,1,20,4,3.89,0,No,No,Medium,ADJ-1030,Standard,Team Gamma,98.2,8
CLM-2025-00370,CNT-100370,CUST-40608,WA,West,$594.77 ,1/10/2025,1/10/2025,1/10/2025,1/19/2025,0,9,2,3.11,0,No,No,Medium,ADJ-1080,Specialist,Team Echo,96.2,7.4
CLM-2025-00371,CNT-100371,CUST-66083,TX,South Central,"$3,100.38 ",3/11/2025,3/11/2025,3/14/2025,3/29/2025,3,18,3,5.41,0,No,No,Medium,ADJ-1035,Standard,Team Beta,95,5
CLM-2025-00372,CNT-100372,CUST-46514,CA,West,"$7,248.73 ",11/11/2025,11/12/2025,11/15/2025,11/27/2025,3,15,4,3.80,1,Yes,Yes,Medium,ADJ-1074,Senior,Team Echo,86,6.1
CLM-2025-00373,CNT-100373,CUST-64436,TX,South Central,"$6,069.17 ",6/6/2025,6/9/2025,6/13/2025,7/2/2025,4,23,4,4.50,2,No,No,Low,ADJ-1015,Standard,Team Delta,92.9,3.8
CLM-2025-00374,CNT-100374,CUST-92383,TX,South Central,$461.64 ,11/11/2025,11/11/2025,N/A,11/18/2025,3,7,5,5.50,0,No,No,Low,ADJ-1051,Senior,Team SouthTeam West,88.9,6.4
CLM-2025-00375,CNT-100375,CUST-41825,IL,Midwest,$886.73 ,4/18/2025,4/20/2025,4/20/2025,4/29/2025,0,9,1,1.63,0,No,Yes,Medium,ADJ-1068,Senior,Team Delta,92.2,8
CLM-2025-00376,CNT-100376,CUST-47038,NV,Southwest,"$5,676.15 ",3/10/2025,3/10/2025,3/12/2025,3/21/2025,2,11,2,2.32,0,No,No,Low,ADJ-1078,Standard,Team Team Central,96.7,6.6
CLM-2025-00377,CNT-100377,CUST-59727,AZ,Southwest,"$1,204.24 ",7/2/2025,7/2/2025,7/3/2025,7/17/2025,1,15,5,2.60,1,No,No,Low,ADJ-1028,Senior,Team Echo,93.1,6.8
CLM-2025-00378,CNT-100378,CUST-47251,AZ,Southwest,"$1,713.67 ",4/8/2025,4/13/2025,4/16/2025,4/28/2025,3,15,2,2.80,0,No,Yes,Medium,ADJ-1070,Specialist,Team SouthTeam West,92.1,7.4
CLM-2025-00379,CNT-100379,CUST-65103,IL,Midwest,"$20,725.65 ",12/31/2025,1/1/2026,1/1/2026,2/21/2026,0,51,5,2.96,0,No,No,Medium,ADJ-1004,Senior,Team SouthTeam West,94.4,6.9
CLM-2025-00380,CNT-100380,CUST-79827,IL,Midwest,"$65,781.79 ",8/27/2025,8/29/2025,8/30/2025,10/27/2025,1,59,5,2.42,2,No,No,High,ADJ-1060,Senior,Team Team Central,91.5,5.7
CLM-2025-00381,CNT-100381,CUST-22789,AZ,Southwest,"$32,033.60 ",9/20/2025,9/24/2025,9/27/2025,11/28/2025,3,65,7,4.25,3,No,No,High,ADJ-1018,Trainee,Team Team Central,96.5,5.6
CLM-2025-00382,CNT-100382,CUST-22152,FL,Southeast,"$1,733.84 ",11/2/2025,11/4/2025,11/6/2025,11/15/2025,2,11,1,2.82,0,No,No,Low,ADJ-1035,Standard,Team Team West,90.7,8.2
CLM-2025-00383,CNT-100383,CUST-68657,CA,Unknown,"$1,606.16 ",11/26/2025,12/1/2025,12/4/2025,12/26/2025,-3,25,4,3.29,1, no ,No,Medium,ADJ-1079,Senior,Team Echo,85.2,6.1
CLM-2025-00384,CNT-100384,CUST-73753,WA,West,"$7,195.01 ",10/31/2025,11/3/2025,11/5/2025,11/29/2025,2,26,5,2.87,0,No,No,Low,ADJ-1065,Standard,Team Delta,99.6,8
CLM-2025-00385,CNT-100385,CUST-67669,TX,South Central,"$2,283.11 ",3/22/2025,3/26/2025,3/29/2025,4/4/2025,3,9,5,4.20,0,No,No,Low,ADJ-1080,Standard,Team Echo,94,7.1
CLM-2025-00386,CNT-100386,CUST-37764,AZ,Southwest,"$1,572.88 ",8/30/2025,9/1/2025,9/2/2025,9/2/2025,1,1,1,1.14,0,No,No,Low,ADJ-1022,Standard,Team Team Alpha,93.2,7
CLM-2025-00387,CNT-100387,CUST-98787,FL,Southeast,"$38,058.94 ",3/30/2025,4/1/2025,4/2/2025,5/27/2025,1,56,8,2.91,1,No,No,High,ADJ-1049,Senior,Team Beta,90,6.1
CLM-2025-00388,CNT-100388,CUST-20821,TX,South Central,"$6,706.85 ",4/2/2025,N/A,4/7/2025,4/27/2025,3,23,6,4.60,1,No,No,Medium,ADJ-1044,Standard,Team Team Alpha,100,7.2
CLM-2025-00389,CNT-100389,CUST-41164,UT,Mountain,"$17,880.29 ",12/17/2025,12/21/2025,12/22/2025,1/16/2026,1,26,3,3.40,1,Yes,Yes,Medium,ADJ-1068,Standard,Team SouthTeam West,82,5.4
CLM-2025-00390,CNT-100390,CUST-94509,WA,West,$977.51 ,2/24/2025,2/25/2025,2/26/2025,3/20/2025,1,23,4,3.43,1,No,No,Medium,ADJ-1063,Senior,Team SouthTeam West,91.7,7.4
CLM-2025-00391,CNT-100391,CUST-70836,TX,South Central,"$2,103.28 ",10/2/2025,10/8/2025,10/12/2025,11/1/2025,4,24,5,5.43,0,No,No,Medium,ADJ-1021,Senior,Team Beta,86.8,4
CLM-2025-00392,CNT-100392,UNKNOWN,AZ,Southwest,"$1,865.01 ",6/20/2025,6/21/2025,6/22/2025,7/1/2025,1,10,2,3.01,1,No,No,Medium,ADJ-1042,Standard,Team Team Alpha,87.3,7.2
CLM-2025-00393,CNT-100393,CUST-55091,TX,South Central,"$4,369.94 ",12/18/2025,12/18/2025,12/20/2025,12/29/2025,2,N/A,2,4.36,2,No,No,Medium,ADJ-1060,Senior,Team Team West,92.8,7.2
CLM-2025-00394,CNT-100394,CUST-16156,FL,Southeast,"$2,011.41 ",2/17/2025,2/20/2025,2/23/2025,2/26/2025,3,6,1,2.27,0,No,Yes,Medium,ADJ-1031,Standard,Team Gamma,88.7,6.4
CLM-2025-00395,CNT-100395,CUST-65679,TX,South Central,"$16,554.51 ",9/28/2025,9/29/2025,10/2/2025,11/18/2025,3,50,6,4.15,0,No,No,Medium,ADJ-1017,Standard,Team Team Central,86.9,4.6
CLM-2025-00396,CNT-100396,CUST-21147,CA,West,"$2,025.38 ",12/14/2025,12/15/2025,,12/27/2025,1,12,3,4.20,0,No,No,Low,ADJ-1040,Trainee,Team Gamma,94.4,7.4
CLM-2025-00397,CNT-100397,CUST-67987,TX,South Central,"$17,719.08 ",3/5/2025,3/5/2025,3/9/2025,4/11/2025,4,37,7,,0,Yes,Yes,Medium,ADJ-1044,Senior,Team Echo,84.3,3.4
CLM-2025-00398,CNT-100398,CUST-36965,FL,Southeast,"($3,475.71)",7/26/2025,7/26/2025,7/28/2025,8/15/2025,2,20,2,2.90,1,No,Yes,Low,ADJ-1073,Senior,Team Team Alpha,91.1,8.2
CLM-2025-00399,CNT-100399,CUST-30377,NV,Southwest,"$4,927.08 ",11/12/2025,11/14/2025,11/15/2025,11/30/2025,1,16,4,4.19,0,No,No,Medium,ADJ-1053,Senior,Team Delta,92.7,6.2
CLM-2025-00400,CNT-100400,CUST-77994,OR,West,"$6,928.97 ",N/A,7/3/2025,7/4/2025,7/21/2025,1,18,2,2.43,0,No,No,Medium,ADJ-1070,Specialist,Team Delta,98.1,6.5
CLM-2025-00401,CNT-100401,CUST-68522,FL,Southeast,"$7,225.91 ",12/3/2025,13/32/2025,12/3/2025,12/10/2025,0,7,5,4.08,0,No,No,Medium,ADJ-1076,Specialist,Team Team Central,93.6,7.9
CLM-2025-00402,CNT-100402,CUST-69739,TX,South Central,"$7,204.01 ",11/24/2025,11/24/2025,11/27/2025,12/21/2025,3,27,5,6.78,1,No,No,High,ADJ-1035,Senior,Team Team Alpha,86.4,5.7
CLM-2025-00403,CNT-100403,CUST-92786,CA,West,"($6,927.63)",1/7/2025,1/8/2025,1/12/2025,1/31/2025,4,23,4,2.34,0,No,No,Medium,ADJ-1017,Standard,Team Gamma,89.8,6.5
CLM-2025-00404,CNT-100404,CUST-44951,NV,Southwest,"$6,577.67 ",2/10/2025,2/13/2025,2/13/2025,3/6/2025,0,41 days,4,2.06,1,No,No,Low,ADJ-1061,Senior,Team SouthTeam West,90.2,8.3
CLM-2025-00405,CNT-100405,CUST-54680,GA,Southeast,"$1,664.95 ",12/21/2025,12/22/2025,12/26/2025,1/4/2026,4,13,2,2.11,1,No,No,Low,ADJ-1008,Standard,Team Team West,86.6,6.4
CLM-2025-00406,CNT-100406,CUST-99014,AZ,Southwest,"$10,779.32 ",10/31/2025,11/1/2025,11/2/2025,11/22/2025,1,21,2,3.61,0,No,No,Low,ADJ-1058,Senior,Team Delta,92.5,7.4
CLM-2025-00407,CNT-100407,CUST-39168,CO,Mountain,"$6,058.70 ",2/9/2025,2/12/2025,2/15/2025,13/32/2025,3,28,4,3.09,0,No,Yes,Medium,ADJ-1055,Standard,Team Team Central,87,6.4
CLM-2025-00408,CNT-100408,CUST-67108,TX,South Central,"$1,300.43 ",7/16/2025,7/16/2025,7/20/2025,7/30/2025,N/A,14,5,6.00,2,No,,High,ADJ-1054,Senior,Team Team Alpha,89.9,5
CLM-2025-00409,CNT-100409,CUST-72945,CO,Mountain,"$7,543.37 ",8/5/2025,8/8/2025,8/9/2025,9/2/2025,1,25,4,1.37,0,No,No,Low,ADJ-1021,Standard,Team Gamma,93.1,7.3
CLM-2025-00410,CNT-100410,CUST-50973,GA,Southeast,"$1,043.16 ",2/15/2025,13/32/2025,2/17/2025,,1,18,3,2.16,0,No,No,Medium,ADJ-1042,Standard,Team Delta,93.8,7.1
CLM-2025-00411,CNT-100411,CUST-21262,AZ,Southwest,"$4,243.60 ",3/16/2025,3/16/2025,3/17/2025,4/13/2025,1,28,2,1.27,0,No,No,Medium,ADJ-1051,Standard,Team Team Alpha,85.7,9.6
CLM-2025-00412,CNT-100412,CUST-32560,TX,South Central,"$6,225.20 ",2/1/2025,2/2/2025,2/5/2025,3/8/2025,3,34,N/A,5.36,0,No,No,High,ADJ-1035,Standard,Team Team West,83,5.6
CLM-2025-00413,CNT-100413,CUST-58637,NV,Southwest,"$2,152.00 ",5/12/2025,5/14/2025,5/15/2025,6/1/2025,1,18,4,2.74,0,No,No,medium,ADJ-1032,Standard,Team SouthTeam West,89.7,8.7
CLM-2025-00414,CNT-100414,CUST-13615,IL,Midwest,"$2,205.51 ",10/1/2025,10/1/2025,10/3/2025,10/19/2025,2,18,6,3.18,1,No,No,Low,ADJ-1052,Standard,Team Team Central,95.6,6
CLM-2025-00415,CNT-100415,CUST-64756,NV,Southwest,"$19,916.53 ",4/28/2025,5/4/2025,5/7/2025,6/10/2025,3,,5,3.40,0,No,No,Low,ADJ-1042,Standard,Team Echo,94.1,6.2
CLM-2025-00296,CNT-100416,CUST-84066,CA,West,"$2,196.61 ",3/3/2025,3/3/2025,3/6/2025,3/25/2025,3,22,5,5.40,1,No,No,High,ADJ-1036,Standard,Team Gamma,87.2,4.3
CLM-2025-00417,CNT-100417,CUST-23779,CA,West,"$5,494.68 ",8/6/2025,8/7/2025,8/8/2025,9/4/2025,-1,28,3,4.42,2,No,No,High,ADJ-1035,Standard,Team Delta,94.1,6.7
CLM-2025-00418,CNT-100418,CUST-83556,UT,Mountain,"$2,147.32 ",8/15/2025,8/17/2025,8/19/2025,8/31/2025,2,14,5,4.02,1,No,Yes,Moderate,ADJ-1044,Standard,Team Echo,90.2,5.4
CLM-2025-00419,CNT-100419,CUST-67269,NM,Southwest,"$6,351.33 ",8/20/2025,8/23/2025,8/25/2025,9/24/2025,2,32,5,3.55,0,No,No,Medium,ADJ-1033,Senior,Team Beta,92.8,5.8
CLM-2025-00420,CNT-100420,CUST-55258,FL,Southeast,"$1,873.78 ",8/21/2025,8/21/2025,8/21/2025,8/23/2025,0,2,3,2.78,0,No,No,Medium,ADJ-1043,Trainee,Team Team Alpha,99.6,6.5
CLM-2025-00421,CNT-100421,CUST-91892,IL,Midwest,"$48,153.12 ",5/9/2025,5/13/2025,5/15/2025,7/25/2025,2,73,8,3.34,0,No,No,High,ADJ-1028,Senior,Team Beta,84.4,4
CLM-2025-00422,CNT-100422,CUST-47953,GA,Southeast,"$1,828.48 ",7/25/2025,7/25/2025,7/26/2025,8/13/2025,1,19,1,2.22,1,No,No,Low,ADJ-1025,Senior,Team Team Central,90.1,7.7
CLM-2025-00423,CNT-100423,CUST-41438,CA,West,"$2,380.74 ",9/10/2025,9/10/2025,9/13/2025,10/3/2025,3,23,3,3.28,2,No,No,High,ADJ-1057,Standard,Team Delta,95.2,7.7
CLM-2025-00424,CNT-100424,CUST-95274,CA,West,"$1,428.92 ",10/22/2025,10/24/2025,10/27/2025,11/11/2025,3,30,4,N/A,1,No,No,Low,ADJ-1040,Standard,Team SouthTeam West,86.8,5.1
CLM-2025-00425,CNT-100425,CUST-86984,TX,South Central,"$2,299.90 ",6/21/2025,6/24/2025,6/26/2025,7/8/2025,2,14,4,4.33,2,No,No,Low,ADJ-1029,Specialist,Team Gamma,97.7,6.6
CLM-2025-00426,CNT-100426,CUST-10005,AZ,Southwest,"$13,731.04 ",2/17/2025,2/20/2025,2/23/2025,3/23/2025,3,36,3,3.50,0,No,No,Low,ADJ-1003,Standard,Team Team Alpha,91.1,6.6
CLM-2025-00427,CNT-100427,CUST-97122,NM,Southwest,"$2,151.64 ",7/27/2025,7/27/2025,7/30/2025,8/2/2025,3,,1,0.20,0,Yes,No,Low,ADJ-1012,Senior,Team Team West,,7.9
CLM-2025-00428,CNT-100428,CUST-22630,NV,Southwest,"$13,395.27 ",12/28/2025,1/3/2026,1/4/2026,3/6/2026,1,62,4,3.50,0,No,No,High,ADJ-1019,Standard,Team Gamma,97.2,6.4
CLM-2025-00429,CNT-100429,CUST-44858,AZ,Southwest,"$9,213.48 ",2/13/2025,2/15/2025,2/17/2025,3/31/2025,2,44,4,2.84,0,No,No,Medium,ADJ-1074,Standard,Team Team Central,89.3,5.8
CLM-2025-00430,CNT-100430,CUST-93250,TX,South Central,"$6,303.00 ",5/27/2025,5/29/2025,6/1/2025,6/27/2025,3,29,6,6.98,0,,No,Low,ADJ-1011,Senior,Team Echo,81.7,5.5
CLM-2025-00431,CNT-100431,CUST-18584,NV,Southwest,"$4,321.00 ",6/5/2025,6/5/2025,6/6/2025,6/19/2025,1,14,2,1.30,2,No,No,High,ADJ-1058,Senior,Team SouthTeam West,89.4,7.3
CLM-2025-00432,CNT-100432,CUST-29426,CA,West,,4/15/2025,4/15/2025,4/19/2025,5/19/2025,4,34,1,4.00,0,No,No,Low,ADJ-1015,Senior,Team Beta,92.3,6.1
CLM-2025-00433,,CUST-37439,GA,Southeast,"$1,596.69 ",10/24/2025,10/24/2025,10/26/2025,11/4/2025,2,11,3,2.14,1,Yes,No,Low,ADJ-1059,Standard,Team Team Central,88.4,7.6
CLM-2025-00434,CNT-100434,CUST-32017,IL,Midwest,"$56,782.29 ",,12/17/2025,12/19/2025,1/24/2026,2,38,3,2.83,1,No,No,Low,ADJ-1055,Senior,Team Team Alpha,96,6.3
CLM-2025-00435,CNT-100435,CUST-44168,GA,Southeast,"$1,396.41 ",12/15/2025,12/15/2025,12/17/2025,12/23/2025,2,8,4,3.85,0,,No,Low,ADJ-1059,Senior,Team Echo,98.6,4.7
CLM-2025-00436,CNT-100436,CUST-45598,CA,West,"$1,965.98 ",11/4/2025,11/6/2025,11/8/2025,11/23/2025,-2,17,5,4.69,1,Yes,Yes,Medium,ADJ-1058,Senior,Team Echo,81.4,5.6
CLM-2025-00437,CNT-100437,CUST-13635,OR,West,$542.55 ,N/A,12/26/2025,12/28/2025,1/7/2026,2,12,2,3.38,1,No,No,Medium,ADJ-1061,Standard,Team Gamma,100,7.6
CLM-2025-00438,CNT-100438,CUST-83449,CA,West,"$42,017.11 ",11/28/2025,N/A,11/30/2025,2/1/2026,1,64,7,4.41,0,No,No,Medium,ADJ-1020,Senior,Team Team West,85.8,5.7
CLM-2025-00439,CNT-100439,CUST-88887,AZ,Southwest,"$6,940.94 ",6/23/2025,6/26/2025,6/27/2025,7/13/2025,1,17,2,1.75,0,No,No,Low,ADJ-1040,Senior,Team Beta,93.2,8.6
CLM-2025-00440,CNT-100440,CUST-14583,TX,South Central,"$6,111.39 ",6/17/2025,6/18/2025,6/20/2025,6/25/2025,2,7,1,2.54,0,No,No,Medium,ADJ-1046,Senior,Team Team Alpha,98.9,7.2
CLM-2025-00441,CNT-100441,CUST-38104,UT,Mountain,"$3,905.51 ",8/29/2025,9/2/2025,9/2/2025,9/30/2025,0,28,3,3.48,0,No,No,Medium,ADJ-1016,Standard,Team Echo,88.6,7.7
CLM-2025-00442,CNT-100442,CUST-12867,AZ,Southwest,"$4,898.86 ",5/14/2025,5/16/2025,5/17/2025,6/6/2025,1,21,4,2.45,2,No,No,Medium,ADJ-1039,Specialist,Team Team Central,93.9,7.6
CLM-2025-00443,CNT-100443,CUST-63273,CA,West,"$1,440.10 ",11/16/2025,11/18/2025,11/21/2025,,3,12,5,6.27,0,No,No,Medium,ADJ-1010,Trainee,Team Echo,88,5.9
CLM-2025-00444,CNT-100444,CUST-98543,NV,Southwest,"$4,567.37 ",8/12/2025,8/12/2025,8/14/2025,9/3/2025,2,22,2,1.28,1,No,No,Low,ADJ-1027,Senior,Team Echo,95.4,N/A
CLM-2025-00445,CNT-100445,UNKNOWN,CO,Mountain,"$1,084.16 ",5/7/2025,5/8/2025,5/10/2025,6/2/2025,2,25,5,N/A,N/A,No,No,Medium,ADJ-1009,Standard,Team SouthTeam West,93.6,6.9
CLM-2025-00446,CNT-100446,CUST-57237,NV,Southwest,"$12,534.00 ",7/15/2025,7/17/2025,7/19/2025,8/19/2025,2,33,2,1.83,0,No,No,Low,ADJ-1074,Standard,Team Team Central,94.3,5.7
CLM-2025-00447,CNT-100447,CUST-44609,TX,South Central,"$1,796.36 ",4/7/2025,4/8/2025,4/10/2025,4/11/2025,2,3,3,5.55,0,No,No,Low,ADJ-1019,Senior,Team Delta,88.6,6.2
CLM-2025-00448,CNT-100448,CUST-23354,TX,South Central,"$5,628.41 ",1/6/2025,1/7/2025,1/11/2025,1/30/2025,4,N/A,3,3.68,0,No,No,Medium,ADJ-1030,Senior,Team SouthTeam West,92.4,6.7
CLM-2025-00449,CNT-100449,CUST-75946,CO,Mountain,"$19,474.86 ",2/19/2025,2/19/2025,2/16/2025,4/15/2025,-3,55,5,2.69,0,No,No,High,ADJ-1002,Senior,Team Delta,91.5,6.8
CLM-2025-00450,CNT-100450,CUST-60113,AZ,Southwest,"$1,847.11 ",9/18/2025,9/21/2025,9/21/2025,9/26/2025,0,5,1,2.61,1,No,No,Medium,ADJ-1040,Standard,Team Beta,96.9,9.2
CLM-2025-00451,CNT-100451,CUST-35302,TX,South Central,"$20,584.39 ",4/20/2025,4/24/2025,4/27/2025,6/3/2025,3,45,8,,2,No,No,Medium,ADJ-1007,Standard,Team Team Alpha,83.9,6.5
CLM-2025-00452,CNT-100452,CUST-72091,AZ,Southwest,,1/10/2025,1/10/2025,1/11/2025,1/13/2025,1,N/A,3,3.35,0,No,No,Low,ADJ-1051,Trainee,Team Team Alpha,93.3,N/A
CLM-2025-00453,CNT-100453,CUST-57435,WA,West,"$1,006.17 ",3/11/2025,3/15/2025,3/15/2025,3/31/2025,,16,4,3.76,0,No,No,High,ADJ-1025,Senior,Team Team Central,95.2,7.9
CLM-2025-00454,CNT-100454,CUST-10221,CA,West,"$6,613.34 ",7/24/2025,7/24/2025,7/26/2025,8/12/2025,,19,4,4.53,0,No,Yes,Low,ADJ-1011,Standard,Team Delta,90.9,4.3
CLM-2025-00455,CNT-100455,CUST-81262,NM,Southwest,"$3,639.82 ",5/24/2025,5/28/2025,,5/24/2025,1,-4,1,2.00,0,No,No,Medium,ADJ-1007,Specialist,Team Echo,89.6,7.1
CLM-2025-00456,CNT-100456,CUST-28543,GA,Southeast,$836.72 ,3/15/2025,3/19/2025,3/22/2025,3/24/2025,3,5,1,0.20,1,No,No,Medium,ADJ-1079,Senior,Team Gamma,94.6,7.3
CLM-2025-00457,CNT-100457,CUST-81619,CA,West,"$6,558.28 ",4/20/2025,4/21/2025,4/21/2025,5/10/2025,0,19,4,2.82,1,No,No,Medium,ADJ-1021,Trainee,Team Team Alpha,90.9,7.7
CLM-2025-00458,CNT-100458,CUST-75922,CA,West,"$1,915.91 ",8/20/2025,8/22/2025,8/24/2025,9/9/2025,-2,18 days,3,3.93,0,No,No,Medium,ADJ-1035,Standard,Team Gamma,88,6.9
CLM-2025-00459,CNT-100459,CUST-53010,TX,South Central,"$4,288.00 ",8/10/2025,8/10/2025,8/12/2025,9/5/2025,2,26,3,2.40,0,No,No,Medium,ADJ-1076,Senior,Team Echo,92.7,6.4
CLM-2025-00460,CNT-100460,CUST-14558,CA,West,"$1,892.16 ",2/27/2025,3/1/2025,3/3/2025,3/15/2025,2,14,2,2.75,0,No,No,Low,ADJ-1079,Senior,Team Delta,94.9,6
CLM-2025-00461,CNT-100461,CUST-27881,UT,Mountain,"$2,758.76 ",5/23/2025,5/26/2025,5/26/2025,6/19/2025,0,24,2,2.85,0,No,No,Medium,ADJ-1036,Standard,Team Team Central,94.4,8.8
CLM-2025-00462,CNT-100462,CUST-35944,CA,West,"$5,979.59 ",10/1/2025,10/3/2025,10/5/2025,10/17/2025,2,14,4,4.52,0,No,No,Low,ADJ-1026,Senior,Team Beta,91.1,6.7
CLM-2025-00463,CNT-100463,CUST-47925,NV,Southwest,"$2,307.44 ",7/10/2025,N/A,7/11/2025,7/21/2025,0,10,3,3.07,1,No,No,Low,ADJ-1070,Senior,Team Gamma,90.4,8
CLM-2025-00464,CNT-100464,CUST-54107,CO,Mountain,"$2,008.07 ",3/7/2025,3/10/2025,,4/3/2025,5,24,3,2.32,0,Yes,No,Low,ADJ-1027,Standard,Team Team Central,88.9,6.9
CLM-2025-00465,CNT-100465,CUST-32809,NV,Southwest,$870.17 ,6/16/2025,6/17/2025,6/18/2025,7/4/2025,1,17,2,1.38,,No,No,Medium,ADJ-1056,Senior,Team Beta,89.9,7.4
CLM-2025-00466,CNT-100466,CUST-25800,FL,Southeast,$860.11 ,8/9/2025,8/12/2025,8/12/2025,8/28/2025,0,16,3,3.40,1,No,No,Medium,ADJ-1060,Standard,Team Team West,91.4,6.9
CLM-2025-00467,CNT-100467,CUST-56800,IL,Midwest,"($6,725.38)",1/21/2025,1/21/2025,1/22/2025,2/7/2025,1,17,1,1.49,1,No,No,Medium,ADJ-1024,Standard,Team SouthTeam West,91.2,6.6
CLM-2025-00468,CNT-100468,CUST-97104,CO,Mountain,"$15,691.73 ",5/18/2025,5/21/2025,5/23/2025,,N/A,56,6,3.07,0,No,No,High,ADJ-1024,Standard,Team SouthTeam West,97.1,6.5
CLM-2025-00469,CNT-100469,CUST-65140,TX,South Central,"$24,871.43 ",9/20/2025,9/23/2025,9/25/2025,10/11/2025,2,18,2,3.91,0,No,No,Low,ADJ-1010,Senior,Team Beta,92.6,5.4
CLM-2025-00470,CNT-100470,CUST-19143,CO,Mountain,"$2,448.36 ",10/27/2025,10/29/2025,11/1/2025,11/15/2025,3,17,3,3.00,2,No,Yes,Medium,ADJ-1019,Standard,Team Delta,88.2,6.8
CLM-2025-00471,CNT-100471,CUST-27311,FL,Southeast,"$6,548.36 ",5/7/2025,5/10/2025,13/32/2025,6/23/2025,2,44,7,3.43,0,No,No,High,ADJ-1028,Senior,Team Gamma,90.9,4.6
CLM-2025-00472,CNT-100472,CUST-10250,CA,West,"$40,620.88 ",10/26/2025,10/26/2025,10/29/2025,12/18/2025,3,53,10,5.18,0, no ,No,Medium,ADJ-1021,Senior,Team Gamma,90.2,5.3
CLM-2025-00473,CNT-100473,CUST-83421,AZ,Southwest,"$2,181.64 ",11/7/2025,11/10/2025,11/12/2025,11/12/2025,2,2,2,0.99,2,No,No,Medium,ADJ-1012,Senior,Team Team Alpha,N/A,8.9
CLM-2025-00474,CNT-100474,CUST-38177,GA,Southeast,"$8,159.38 ",1/4/2025,1/6/2025,1/8/2025,2/12/2025,-2,37,7,3.89,1,No,No,Major,ADJ-1002,Trainee,Team Delta,98.8,6.7
CLM-2025-00475,CNT-100475,CUST-11017,WA,West,"$4,628.68 ",8/9/2025,8/10/2025,8/10/2025,9/3/2025,0,24,5,1.10,0,No,No,Low,ADJ-1072,Standard,Team SouthTeam West,100,8.4
CLM-2025-00476,CNT-100476,CUST-88625,TX,South Central,,7/23/2025,7/25/2025,7/29/2025,8/15/2025,4,21,2,4.26,1,No,No,Medium,ADJ-1004,,Team Team Alpha,95.1,4.5
CLM-2025-00477,CNT-100477,CUST-39721,OR,West,$508.06 ,11/17/2025,11/17/2025,11/17/2025,12/1/2025,0,14,5,3.67,0,Yes,Yes,Medium,ADJ-1023,Standard,Team Team Alpha,82.3,6.2
CLM-2025-00478,CNT-100478,CUST-63887,TX,South Central,"$2,322.99 ",2/9/2025,2/14/2025,2/14/2025,3/14/2025,0,28,7,4.26,0,Yes,No,Medium,ADJ-1007,Senior,Team Echo,87.1,7.5
CLM-2025-00479,CNT-100479,CUST-48630,TX,South Central,"$15,407.17 ",3/21/2025,N/A,3/22/2025,5/1/2025,1,41,7,7.08,3,No,No,High,ADJ-1009,Senior,Team Delta,92,5.8
CLM-2025-00480,CNT-100480,CUST-32442,CA,Unknown,"$7,228.21 ",10/6/2025,10/10/2025,10/14/2025,10/27/2025,4,17,6,5.18,1,No,Yes,Medium,ADJ-1068,Specialist,Team Beta,N/A,5.4
CLM-2025-00481,CNT-100481,CUST-88317,CA,West,"$1,303.49 ",,12/15/2025,12/18/2025,1/2/2026,3,18,5,4.58,0,No,No,Medium,ADJ-1038,Standard,Team Team Central,87.8,4.5
CLM-2025-00482,CNT-100482,CUST-60078,CA,West,"$1,474.36 ",4/11/2025,4/11/2025,4/12/2025,5/7/2025,1,26,5,3.12,1,No,No,High,ADJ-1051,Specialist,Team Echo,88.2,6.9
CLM-2025-00483,CNT-100483,CUST-45115,OR,West,"$7,454.69 ",9/15/2025,9/16/2025,9/19/2025,10/6/2025,3,20,2,N/A,1,No,Yes,Low,ADJ-1013,Senior,Team Team Alpha,87,5.7
CLM-2025-00484,CNT-100484,CUST-86529,AZ,Southwest,"$4,927.94 ",2/27/2025,2/27/2025,3/3/2025,4/2/2025,4,34,4,2.96,0,No,No,Medium,ADJ-1057,Senior,Team Team Alpha,87.6,5.8
CLM-2025-00296,CNT-100485,CUST-65013,CA,West,"$15,742.95 ",3/1/2025,3/2/2025,3/5/2025,4/13/2025,7,42,8,5.92,3,Yes,Yes,,ADJ-1025,Senior,Team Gamma,85,3.3
CLM-2025-00486,CNT-100486,CUST-15617,NV,Southwest,"$1,541.60 ",10/18/2025,10/18/2025,10/19/2025,10/31/2025,1,13,1,1.75,0,,No,Medium,ADJ-1077,Senior,Team Beta,97.9,8.1
CLM-2025-00487,CNT-100487,CUST-13730,CA,West,"$3,037.50 ",12/12/2025,12/14/2025,12/12/2025,1/4/2026,,21,5,3.40,0,No,No,Low,ADJ-1034,Senior,Team Team Alpha,91.1,5.9
CLM-2025-00488,CNT-100488,CUST-39497,IL,Midwest,"$4,182.46 ",11/20/2025,11/25/2025,,12/14/2025,0,19,3,3.32,0,Yes,No,low,ADJ-1062,Standard,Team Team Alpha,87.3,6.4
CLM-2025-00489,CNT-100489,CUST-23730,GA,Southeast,"$41,725.95 ",7/12/2025,7/12/2025,7/12/2025,9/12/2025,0,62,6,4.12,2,No,No,High,ADJ-1001,Trainee,Team Beta,88.6,5.7
CLM-2025-00490,CNT-100490,CUST-10127,CA,West,$648.83 ,7/23/2025,7/24/2025,7/25/2025,8/13/2025,1,20,5,5.22,0,No,No,Low,ADJ-1023,Senior,Team Delta,88,5.3
CLM-2025-00491,CNT-100491,CUST-44063,CA,West,"$2,442.17 ",12/27/2025,12/27/2025,12/29/2025,1/11/2026,2,15,4,4.45,0,No,Yes,Medium,ADJ-1003,Standard,Team Gamma,94.9,7.7
CLM-2025-00492,CNT-100492,CUST-50337,CO,Mountain,"$30,900.91 ",5/18/2025,5/22/2025,5/24/2025,7/22/2025,2,61,6,1.18,1,No,No,High,ADJ-1039,Standard,Team Team Central,88.1,8
CLM-2025-00493,,CUST-61929,UT,Mountain,"$1,663.00 ",5/1/2025,5/4/2025,5/5/2025,5/5/2025,1,1,1,2.51,2,,No,Medium,ADJ-1026,Senior,Team Beta,95.6,9.4
CLM-2025-00494,CNT-100494,CUST-63835,FL,Southeast,"$61,553.50 ",1/21/2025,1/24/2025,1/25/2025,3/30/2025,1,65,5,N/A,1,No,No,Medium,ADJ-1028,Senior,Team Team Alpha,93.2,6.3
CLM-2025-00495,CNT-100495,CUST-68961,GA,Southeast,"$1,849.18 ",6/9/2025,6/10/2025,6/11/2025,6/28/2025,1,18,3,2.05,0,Yes,Yes,Low,ADJ-1029,Standard,Team Team Alpha,79.2,5.9
CLM-2025-00496,CNT-100496,CUST-17072,NV,Southwest,"$55,131.63 ",9/23/2025,9/26/2025,9/29/2025,12/1/2025,N/A,66,8,3.26,2,No,No,High,ADJ-1049,Standard,Team Beta,88.2,5.2
CLM-2025-00497,CNT-100497,CUST-63204,FL,Southeast,"$3,788.26 ",3/27/2025,,4/1/2025,4/25/2025,6,26,2,4.18,0,,No,Medium,ADJ-1069,Senior,Team Gamma,90.6,7.7
CLM-2025-00498,CNT-100498,CUST-58365,AZ,Southwest,$701.62 ,8/14/2025,8/18/2025,8/21/2025,8/24/2025,3,6,4,2.41,0,No,No,Low,ADJ-1056,Senior,Team Team Central,91.4,7.6
CLM-2025-00499,CNT-100499,CUST-91581,TX,South Central,$501.00 ,11/30/2025,12/4/2025,12/7/2025,1/2/2026,3,29,5,5.55,1,No,No,medium,ADJ-1018,Senior,Team Team Alpha,95.5,5.2
CLM-2025-00500,CNT-100500,CUST-37721,NV,Southwest,,11/19/2025,11/20/2025,11/20/2025,12/4/2025,0,14,4,3.01,2,No,No,High,ADJ-1028,Standard,Team Beta,91.5,7.7
CLM-2025-00501,CNT-100501,CUST-42638,GA,Southeast,$889.00 ,3/27/2025,3/29/2025,3/31/2025,4/17/2025,2,19,4,2.90,2,No,No,High,ADJ-1014,Standard,Team Team West,88.8,6.2
CLM-2025-00502,CNT-100502,CUST-17288,TX,South Central,"$32,479.46 ",11/25/2025,11/28/2025,11/30/2025,2/4/2026,2,68,8,6.33,2,No,No,High,ADJ-1075,Trainee,Team Team West,86.4,4.4
CLM-2025-00503,CNT-100503,CUST-59757,CA,West,"$2,283.95 ",3/21/2025,3/21/2025,3/23/2025,4/11/2025,2,21,7,3.54,1,No,No,Medium,ADJ-1003,Standard,Team Echo,94.8,0
CLM-2025-00240,CNT-100240,CUST-74752,UT,Mountain,"$7,262.62 ",12/24/2025,12/24/2025,12/26/2025,2/4/2026,2,42,6,2.36,0,No,Yes,Medium,ADJ-1032,Trainee,Team Delta,82.8,6
CLM-2025-00421,CNT-100505,CUST-78950,IL,Midwest,"$4,269.17 ",12/2/2025,12/3/2025,12/6/2025,1/7/2026,N/A,35,6,5.86,0,Yes,Yes,High,ADJ-1001,Standard,Team Gamma,,4.4
CLM-2025-00506,CNT-100506,CUST-31135,CA,West,"$8,220.53 ",10/25/2025,10/27/2025,10/29/2025,12/8/2025,2,42,4,4.73,1,No,No,Medium,ADJ-1059,Standard,Team Echo,92.1,5.9
CLM-2025-00507,CNT-100507,CUST-61409,CA,West,"$34,965.90 ",12/31/2025,1/2/2026,1/4/2026,3/7/2026,2,64,9,4.30,1,No,No,HIGH,ADJ-1018,Trainee,Team West,92.6,5.6
CLM-2025-00508,CNT-100508,CUST-43467,AZ,Southwest,"$1,836.20 ",5/28/2025,5/29/2025,5/30/2025,6/12/2025,1,14,5,3.74,1,No,No,High,ADJ-1038,Standard,Team Echo,88.2,6.6
CLM-2025-00509,CNT-100509,CUST-45538,TX,South Central,"$24,697.28 ",6/12/2025,6/13/2025,6/15/2025,8/1/2025,2,49,7,6.48,1,No,Yes,High,ADJ-1058,Specialist,Team Team West,86.1,4.8
CLM-2025-00510,CNT-100510,CUST-10204,CO,Mountain,"$5,350.06 ",1/15/2025,1/15/2025,1/16/2025,1/29/2025,1,14,5,6.00,0,No,No,Low,ADJ-1052,Specialist,Team Echo,98.5,8.2
CLM-2025-00511,CNT-100511,CUST-59647,TX,South Central,"$3,818.69 ",1/21/2025,1/22/2025,1/24/2025,2/15/2025,2,24,4,N/A,2,No,No,High,ADJ-1067,Senior,Team Team West,87.7,6.2
CLM-2025-00512,CNT-100512,CUST-41770,UT,,"$6,228.44 ",12/28/2025,12/28/2025,12/31/2025,2/10/2026,3,44,7,4.37,0,No,No,Medium,ADJ-1069,Specialist,Team Team Alpha,88.1,5.4
CLM-2025-00513,CNT-100513,CUST-69898,OR,West,($586.09),5/9/2025,5/11/2025,5/13/2025,6/8/2025,2,28,3,1.60,0,No,No,Medium,ADJ-1032,Standard,Team Team Alpha,90.7,7
CLM-2025-00514,CNT-100514,CUST-42140,TX,South Central,"$21,961.69 ",1/16/2025,1/20/2025,1/21/2025,3/1/2025,1,40,6,5.10,0,No,No,Medium,ADJ-1043,Trainee,Team Beta,96.9,6.4
CLM-2025-00515,CNT-100515,CUST-31622,TX,South Central,"$3,782.04 ",11/16/2025,,11/21/2025,12/16/2025,4,,6,5.70,3, no ,No,High,ADJ-1065,Standard,Team Team Central,N/A,3.4
CLM-2025-00516,CNT-100516,CUST-23006,UT,Mountain,"$1,417.00 ",4/28/2025,5/1/2025,5/2/2025,5/15/2025,1,14,,2.31,0,No,No,Low,ADJ-1034,Trainee,Team Team Central,94.5,8
CLM-2025-00517,CNT-100517,CUST-11699,NV,Southwest,"$52,808.90 ",6/11/2025,6/11/2025,6/12/2025,7/26/2025,1,45,5,6.00,2,No,No,Low,ADJ-1050,Trainee,Team Echo,89.2,8.2
CLM-2025-00518,CNT-100518,CUST-56546,CA,West,"$22,387.73 ",6/23/2025,6/25/2025,6/29/2025,8/7/2025,4,43,5,4.55,1,No,No,Medium,ADJ-1051,Standard,Team Beta,88.6,4.9
CLM-2025-00519,CNT-100519,CUST-27963,AZ,Southwest,"$2,427.88 ",12/1/2025,12/1/2025,12/3/2025,12/19/2025,2,18,2,2.68,0,No,No,Low,ADJ-1048,Senior,Team Beta,95.2,7.5
CLM-2025-00520,CNT-100520,CUST-82258,IL,Midwest,"$3,070.74 ",4/27/2025,5/1/2025,5/2/2025,5/27/2025,1,26,5,3.45,0,No,,Medium,ADJ-1068,Standard,Team Team Central,90.5,7.5
CLM-2025-00521,CNT-100521,CUST-72434,AZ,Southwest,"$57,732.66 ",6/8/2025,6/10/2025,6/13/2025,8/16/2025,3,67,6,3.90,2,Yes,No,High,ADJ-1008,Standard,Team Team Central,79.9,5.1
CLM-2025-00522,CNT-100522,CUST-34403,CO,Mountain,"$5,656.30 ",11/3/2025,11/5/2025,11/6/2025,12/11/2025,1,36,3,2.03,2,No,No,High,ADJ-1078,Trainee,Team Delta,91.1,8.7
CLM-2025-00523,CNT-100523,CUST-11832,TX,South Central,"$6,402.35 ",11/4/2025,11/7/2025,N/A,11/26/2025,3,19,3,5.17,2,No,No,Medium,ADJ-1049,Senior,Team Team Central,90.6,5.7
CLM-2025-00524,CNT-100524,CUST-33520,TX,South Central,"$46,593.11 ",3/13/2025,N/A,3/23/2025,5/25/2025,5,68,8,7.90,3,No,No,High,ADJ-1043,Standard,Team Team West,93.3,2.9
CLM-2025-00525,CNT-100525,CUST-54211,NV,Southwest,"$58,423.52 ",4/23/2025,4/28/2025,5/1/2025,6/26/2025,N/A,59,6,2.70,2,No,No,Medium,ADJ-1046,Standard,Team Delta,99.7,6.1
CLM-2025-00526,CNT-100526,CUST-89874,TX,South Central,"$1,791.99 ",3/11/2025,3/15/2025,3/17/2025,4/9/2025,2,25,5,7.17,1,No,No,Medium,ADJ-1050,Trainee,Team Echo,96.5,5.7
CLM-2025-00527,CNT-100527,CUST-56309,AZ,Southwest,"$1,091.72 ",1/30/2025,1/31/2025,2/3/2025,2/9/2025,3,9,1,0.69,0,No,No,Medium,ADJ-1064,Senior,Team Gamma,94.4,7
CLM-2025-00528,CNT-100528,CUST-76502,NV,Southwest,"$1,297.21 ",10/30/2025,10/30/2025,11/1/2025,11/19/2025,2,20,6,3.44,0,No,No,Medium,ADJ-1054,Senior,Team Echo,91.4,7.1
CLM-2025-00529,CNT-100529,CUST-59166,TX,South Central,"$4,411.85 ",6/13/2025,6/13/2025,6/14/2025,7/4/2025,1,21,6,4.77,1,No,No,Low,ADJ-1015,Senior,Team Team Central,89,6.7
CLM-2025-00530,CNT-100530,CUST-18745,CA,West,"$2,427.72 ",7/12/2025,7/13/2025,7/14/2025,7/14/2025,1,1,1,2.78,1,No,No,Low,ADJ-1012,Specialist,Team Beta,94.1,9.4
CLM-2025-00531,CNT-100531,CUST-84137,IL,Unknown,"$1,566.25 ",5/14/2025,5/15/2025,5/15/2025,5/24/2025,0,9,2,0.20,0,Yes,No,Low,ADJ-1061,Trainee,Team Delta,82.6,8.9
CLM-2025-00532,CNT-100532,CUST-29453,UT,Mountain,"$4,769.97 ",6/16/2025,6/17/2025,6/17/2025,7/16/2025,0,29,3,2.97,0,No,No,Medium,ADJ-1019,Specialist,Team SouthTeam West,,8
CLM-2025-00533,CNT-100533,CUST-27662,OR,West,"$2,603.33 ",4/20/2025,4/22/2025,4/23/2025,4/28/2025,1,6,3,2.72,0,No,No,Low,ADJ-1053,Senior,Team SouthTeam West,94.2,7.2
CLM-2025-00534,CNT-100534,CUST-52512,GA,Southeast,"$4,142.36 ",2/20/2025,2/23/2025,2/25/2025,3/17/2025,-2,22,2,2.87,0,No,No,Low,ADJ-1030,Senior,Team Delta,92.5,6.5
CLM-2025-00535,CNT-100535,CUST-89224,OR,West,"$10,994.71 ",6/26/2025,6/26/2025,6/28/2025,8/12/2025,2,47,8,4.12,2,No,No,High,ADJ-1061,Standard,Team Team West,86.2,5.6
CLM-2025-00536,CNT-100536,CUST-42735,UT,Mountain,"$1,280.78 ",4/17/2025,4/21/2025,4/22/2025,4/29/2025,1,8,1,,0,No,No,Medium,ADJ-1050,Senior,Team Echo,86.2,8.5
CLM-2025-00537,CNT-100537,CUST-76165,CO,Mountain,"$23,721.61 ",5/4/2025,5/4/2025,5/7/2025,6/11/2025,3,38,5,2.10,0,Yes,No,Medium,ADJ-1028,Specialist,Team Beta,88.4,7
CLM-2025-00538,CNT-100538,CUST-14805,CO,Mountain,"$1,222.89 ",6/27/2025,N/A,7/4/2025,7/12/2025,2,10,2,1.32,0,No,No,Medium,ADJ-1038,Trainee,Team Team West,96.7,7.7
CLM-2025-00539,CNT-100539,CUST-55892,WA,West,N/A,9/25/2025,9/26/2025,9/27/2025,10/19/2025,1,23,2,3.12,0,No,No,Medium,ADJ-1009,Standard,Team Delta,100,7.5
CLM-2025-00540,CNT-100540,CUST-43773,TX,South Central,"$3,563.34 ",9/18/2025,9/20/2025,9/23/2025,10/19/2025,3,29,3,4.52,1,No,Yes,Medium,ADJ-1005,Senior,Team West,87.8,5.2
CLM-2025-00541,CNT-100541,CUST-86280,CA,West,"$18,447.01 ",9/24/2025,9/24/2025,9/28/2025,11/12/2025,4,49,6,4.20,2,No,No,High,ADJ-1055,Standard,Team Team Alpha,89.2,4
CLM-2025-00542,CNT-100542,CUST-24471,AZ,Southwest,$596.69 ,11/28/2025,11/30/2025,11/30/2025,1/5/2026,0,36,7,4.36,1,No,No,High,ADJ-1002,Trainee,Team Team West,91.5,5.8
CLM-2025-00543,CNT-100543,CUST-58110,IL,Midwest,"$2,024.67 ",4/8/2025,4/9/2025,4/11/2025,5/16/2025,2,37,6,3.75,2,,No,High,ADJ-1022,Senior,Team Team Central,91.1,6.2
CLM-2025-00544,CNT-100544,CUST-72868,OR,West,"$12,320.64 ",10/1/2025,10/3/2025,10/5/2025,11/19/2025,2,47,6,4.43,N/A,No,No,High,ADJ-1045,Standard,Team Team Central,93.7,6.1
CLM-2025-00545,CNT-100545,CUST-24023,AZ,Southwest,$770.80 ,11/20/2025,11/21/2025,11/23/2025,12/2/2025,2,11,3,4.24,1,No,No,Low,ADJ-1044,Specialist,Team Gamma,N/A,5.8
CLM-2025-00546,CNT-100546,CUST-65858,FL,Southeast,"$1,058.25 ",12/3/2025,12/4/2025,12/6/2025,12/21/2025,2,17,4,2.66,0,No,No,Medium,ADJ-1018,Senior,Team Team Alpha,86.1,8.8
CLM-2025-00547,CNT-100547,CUST-11663,UT,Mountain,"$22,139.73 ",8/3/2025,8/4/2025,8/5/2025,9/2/2025,1,29,3,2.74,1,No,No,Low,ADJ-1021,Senior,Team Gamma,97.9,7
CLM-2025-00548,CNT-100548,CUST-26759,CA,West,"$15,743.10 ",5/19/2025,5/19/2025,5/21/2025,7/7/2025,2,44,5,4.12,N/A,Yes,No,High,ADJ-1038,Senior,Team SouthTeam West,87.5,5.8
CLM-2025-00549,CNT-100549,CUST-37768,GA,Southeast,"$1,789.31 ",9/20/2025,9/20/2025,9/20/2025,10/2/2025,0,12,2,3.76,1,No,No, Medium ,ADJ-1001,Standard,Team SouthTeam West,95.6,6.1
CLM-2025-00550,CNT-100550,CUST-52917,WA,West,"$1,450.60 ",5/20/2025,5/20/2025,5/20/2025,6/5/2025,0,16,3,1.40,0,No,No,Medium,ADJ-1070,Senior,Team Echo,96.1,9.3
CLM-2025-00551,CNT-100551,CUST-38882,FL,Southeast,"$1,711.20 ",2/8/2025,2/12/2025,2/13/2025,2/20/2025,1,8,4,3.28,0,Yes,No,Medium,ADJ-1059,Standard,Team Delta,90,7.2
CLM-2025-00552,CNT-100552,CUST-57904,CO,Mountain,"($4,586.70)",12/14/2025,12/15/2025,12/17/2025,1/12/2026,2,28,4,5.41,0,No,No,Medium,ADJ-1046,Senior,Team Team Alpha,90.2,6
CLM-2025-00553,CNT-100553,CUST-77616,OR,West,"$4,054.36 ",2/7/2025,2/11/2025,2/12/2025,2/14/2025,1,-7,1,5.52,0,No,No,Low,ADJ-1067,Specialist,Team Team West,97.3,6.5
CLM-2025-00554,CNT-100554,CUST-36597,TX,South Central,"$13,161.70 ",3/3/2025,3/4/2025,3/8/2025,4/26/2025,4,53,7,3.83,1,No,No,High,ADJ-1070,Senior,Team Delta,86,6.5
CLM-2025-00555,CNT-100555,CUST-28727,TX,South Central,"$3,588.21 ",5/21/2025,5/22/2025,5/25/2025,6/11/2025,3,20,3,5.29,1, no ,Yes,Low,ADJ-1055,Standard,Team SouthTeam West,81.8,5.5
CLM-2025-00556,CNT-100556,CUST-73390,CA,West,$920.00 ,5/19/2025,5/20/2025,5/23/2025,5/31/2025,3,11,3,3.30,0,No,No,Low,ADJ-1059,Standard,Team Team Alpha,93.8,N/A
CLM-2025-00557,CNT-100557,CUST-38801,TX,South Central,"$2,435.44 ",8/22/2025,8/24/2025,8/24/2025,8/28/2025,4,4,5,4.28,1,No,Yes,Medium,ADJ-1041,Senior,Team Gamma,95.4,6.5
CLM-2025-00558,CNT-100558,CUST-10459,UT,Mountain,$716.11 ,1/18/2025,1/18/2025,1/19/2025,1/23/2025,1,5,2,2.47,0,No,No,Low,ADJ-1047,Standard,Team Team Alpha,89.2,7
CLM-2025-00559,CNT-100559,CUST-61435,NM,Southwest,"$6,677.53 ",1/12/2025,1/12/2025,1/13/2025,2/3/2025,1,22,3,3.64,1,No,No,Medium,ADJ-1039,Specialist,Team Gamma,92.5,7.9
CLM-2025-00560,CNT-100560,CUST-56082,UT,Mountain,"$4,696.16 ",6/1/2025,6/4/2025,,6/27/2025,2,23,2,3.90,0,No,No,High,ADJ-1076,Senior,Team Delta,91.9,6.9
CLM-2025-00561,CNT-100561,CUST-99215,GA,Southeast,"$1,970.86 ",8/27/2025,8/28/2025,8/30/2025,,2,23,4,3.01,0,No,No,Medium,ADJ-1004,Standard,Team Team Alpha,94,7
CLM-2025-00562,CNT-100562,CUST-87170,FL,Southeast,"$2,604.19 ",8/26/2025,8/26/2025,8/30/2025,9/26/2025,-4,31,5,2.33,1,No,No,Low,ADJ-1035,Senior,Team SouthTeam West,90.5,4.4
CLM-2025-00563,CNT-100563,CUST-29429,CO,Mountain,,12/1/2025,12/1/2025,12/2/2025,1/14/2026,1,49,5,3.86,0, no ,No,Medium,ADJ-1074,Specialist,Team Team West,96.6,7.5
CLM-2025-00564,CNT-100564,CUST-30570,UT,Mountain,"$1,323.17 ",9/23/2025,9/24/2025,9/26/2025,10/17/2025,2,23,5,3.25,0,No,No,Medium,ADJ-1065,Senior,Team Beta,95,7.1
CLM-2025-00565,CNT-100565,CUST-96743,GA,Southeast,"$5,161.64 ",8/28/2025,8/28/2025,8/29/2025,9/13/2025,1,16,4,2.32,1,No,No,medium,ADJ-1080,Specialist,Team Gamma,92.8,6.7
CLM-2025-00566,CNT-100566,CUST-65048,TX,South Central,$494.24 ,1/28/2025,1/29/2025,1/30/2025,2/14/2025,1,16,4,2.73,0,No,No,Medium,ADJ-1061,Standard,Team Team Central,98.7,6.5
CLM-2025-00567,CNT-100567,CUST-96146,TX,South Central,"$7,784.49 ",6/9/2025,6/9/2025,6/12/2025,6/27/2025,3,18,3,5.11,0,No,Yes,Medium,ADJ-1023,Standard,Team SouthTeam West,88.8,5.8
CLM-2025-00568,CNT-100568,CUST-78215,NV,Southwest,"$1,800.02 ",4/30/2025,5/4/2025,5/5/2025,5/19/2025,1,15,2,3.00,1,No,No,Medium,ADJ-1025,Senior,Team SouthTeam West,88.6,6.4
CLM-2025-00569,CNT-100569,CUST-38081,CA,West,"$4,839.84 ",5/5/2025,5/8/2025,5/9/2025,5/30/2025,1,22,1,2.42,0,No,No,Medium,ADJ-1056,Specialist,Team Beta,83,7.3
CLM-2025-00570,CNT-100570,CUST-64083,AZ,Southwest,"$15,679.00 ",8/12/2025,8/14/2025,8/15/2025,9/24/2025,1,41,5,3.39,0,No,No,Medium,ADJ-1040,Senior,Team Gamma,100,7.3
CLM-2025-00571,CNT-100571,CUST-17598,TX,South Central,"$8,385.22 ",9/28/2025,9/29/2025,10/5/2025,11/27/2025,6,59,7,5.87,2,No,No,,ADJ-1055,Standard,Team Team Central,89.9,5.2
CLM-2025-00572,CNT-100572,CUST-27825,CA,West,"$2,178.84 ",1/30/2025,1/31/2025,2/2/2025,2/15/2025,2,15,2,2.14,0,No,Yes,Low,ADJ-1076,Senior,Team Gamma,86.3,6.9
CLM-2025-00573,CNT-100573,CUST-81448,TX,South Central,"$21,614.92 ",6/8/2025,6/11/2025,6/13/2025,7/23/2025,2,42,7,5.03,1,No,Yes,Minor,ADJ-1017,Standard,Team Team West,85,6.4
CLM-2025-00574,CNT-100574,CUST-45265,TX,South Central,"$1,442.66 ",12/29/2025,12/30/2025,12/31/2025,2/7/2026,1,N/A,8,5.83,2,No,No,High,ADJ-1075,Standard,Team Beta,83.7,4.7
CLM-2025-00575,CNT-100575,CUST-79895,CA,West,"$1,716.35 ",1/19/2025,N/A,1/25/2025,2/17/2025,1,24,2,2.70,1,No,No,Medium,ADJ-1029,Senior,Team Team Central,97.9,6.3
CLM-2025-00576,CNT-100576,CUST-41925,GA,Southeast,"$46,985.72 ",10/14/2025,10/15/2025,10/18/2025,12/14/2025,3,60,5,3.11,N/A,Yes,No,Medium,ADJ-1021,Trainee,Team SouthTeam West,87.8,6.2
CLM-2025-00577,CNT-100577,CUST-65807,NV,Southwest,"$2,956.29 ",11/30/2025,11/30/2025,12/2/2025,12/29/2025,2,29,2,3.74,1,No,No,Medium,ADJ-1022,Trainee,Team Team West,93.7,6.9
CLM-2025-00578,CNT-100578,CUST-18413,CA,West,"$2,730.74 ",11/23/2025,11/23/2025,11/26/2025,12/18/2025,3,25,4,5.01,2,No,Yes,Medium,ADJ-1030,Standard,Team Team West,88.3,4.3
CLM-2025-00579,CNT-100579,CUST-48920,CA,West,"$13,399.00 ",11/17/2025,11/20/2025,11/23/2025,1/1/2026,3,42,5,5.23,2,No,No,High,ADJ-1073,Senior,Team Team West,86.8,5.3
CLM-2025-00580,CNT-100580,CUST-72644,OR,West,"$5,769.82 ",2/13/2025,2/15/2025,2/17/2025,2/27/2025,2,12,1,3.63,0,No,No,Low,ADJ-1009,Senior,Team Gamma,100,5.9
CLM-2025-00581,CNT-100581,CUST-42888,UT,Mountain,"$29,369.61 ",12/17/2025,12/21/2025,12/23/2025,2/26/2026,2,67,9,6.03,1,No,Yes,High,ADJ-1064,Senior,Team Echo,84.9,3
CLM-2025-00582,CNT-100582,CUST-40222,OR,West,"$57,567.35 ",3/9/2025,3/12/2025,3/14/2025,5/9/2025,2,58,4,2.99,1,No,No,Medium,ADJ-1004,Senior,Team Team Alpha,98.2,6.4
CLM-2025-00583,CNT-100583,CUST-34041,CA,West,"$15,445.16 ",2/7/2025,2/9/2025,2/10/2025,3/18/2025,N/A,27,6,3.04,1,No,No,High,ADJ-1066,Standard,Team Gamma,94.1,7.9
CLM-2025-00584,CNT-100584,CUST-43901,AR,Southwest,N/A,5/8/2025,5/11/2025,5/11/2025,5/26/2025,0,N/A,2,2.49,0,Yes,No,Low,ADJ-1030,Trainee,Team Delta,87.9,6.9
CLM-2025-00585,CNT-100585,CUST-63823,TX,South Central,"$1,546.92 ",2/8/2025,2/8/2025,2/9/2025,2/18/2025,1,10,3,4.59,1,No,No,Low,ADJ-1059,Senior,Team Beta,91.1,6.7
CLM-2025-00586,CNT-100586,CUST-37099,AZ,Southwest,"$3,286.49 ",11/10/2025,11/14/2025,11/15/2025,11/27/2025,8,13,3,2.73,1,No,No,Low,ADJ-1071,Specialist,Team Beta,90.3,7.8
CLM-2025-00549,CNT-100587,CUST-48645,NM,Southwest,"$7,722.75 ",6/20/2025,6/24/2025,6/25/2025,7/12/2025,1,18,4,2.70,2,No,No,Medium,ADJ-1043,Standard,Team Team Alpha,97.1,7.8
CLM-2025-00588,CNT-100588,CUST-52411,AZ,Southwest,"$1,384.20 ",2/9/2025,2/12/2025,2/13/2025,2/20/2025,1,8,1,2.71,0,No,No,Low,ADJ-1078,Trainee,,95.1,6.7
CLM-2025-00589,CNT-100589,CUST-24837,TX,South Central,"$5,882.01 ",11/12/2025,11/13/2025,11/17/2025,12/3/2025,4,20,N/A,7.80,2,No,No,Low,ADJ-1022,Senior,Team Team Central,97.5,5
CLM-2025-00590,CNT-100590,CUST-27648,AR,Southwest,"$1,315.25 ",8/14/2025,8/16/2025,8/14/2025,13/32/2025,-2,15,3,4.09,2,,No,High,ADJ-1079,Trainee,Team Team West,N/A,5.7
CLM-2025-00591,CNT-100591,CUST-39730,TX,South Central,"$2,252.91 ",2/3/2025,2/5/2025,2/6/2025,,1,6,5,3.97,1,No,No,Medium,ADJ-1074,Specialist,Team Team Alpha,96.7,6.4
CLM-2025-00592,CNT-100592,CUST-39048,AZ,Southwest,"$2,221.49 ",6/29/2025,7/4/2025,7/7/2025,8/2/2025,3,29,4,6.00,2,No,No,High,ADJ-1007,Senior,Team Team Alpha,91.8,6.8
CLM-2025-00593,CNT-100593,CUST-82987,CA,West,"$1,824.87 ",11/11/2025,11/15/2025,11/16/2025,12/1/2025,1,16 days,3,,1,No,No,Medium,ADJ-1054,Standard,Team Team Central,91.8,5.2
CLM-2025-00594,CNT-100594,CUST-32259,AZ,Southwest,"$4,668.48 ",5/28/2025,5/28/2025,5/30/2025,6/16/2025,2,19,1,3.36,0,No,No,Medium,ADJ-1061,Specialist,Team Team Central,92.9,6.5
CLM-2025-00595,CNT-100595,CUST-21143,CA,West,"$1,041.65 ",10/23/2025,10/24/2025,10/26/2025,11/13/2025,2,20,5,4.99,2,No,Yes,High,ADJ-1023,Senior,Team Team Central,87.4,5.8
CLM-2025-00596,CNT-100596,CUST-15017,UT,Mountain,"$4,581.54 ",6/21/2025,6/23/2025,6/25/2025,7/18/2025,2,25,6,3.14,1,No,No,High,ADJ-1022,Standard,Team Gamma,86.4,5.7
CLM-2025-00597,CNT-100597,CUST-42390,TX,South Central,"$28,664.65 ",11/13/2025,11/13/2025,11/16/2025,1/8/2026,3,56,6,3.76,0,No,No,Low,ADJ-1025,Senior,Team Team West,93,6.3
CLM-2025-00598,CNT-100598,CUST-24293,CA,West,"$1,197.40 ",8/1/2025,8/6/2025,8/8/2025,9/10/2025,2,35,6,2.70,2,No,No,High,ADJ-1005,Standard,Team Team West,84.8,5.8
CLM-2025-00599,CNT-100599,CUST-68657,CA,West,"$7,955.82 ",12/21/2025,13/32/2025,12/25/2025,1/26/2026,N/A,36,6,4.74,2,No,Yes,Medium,ADJ-1032,Standard,Team Team West,88.4,5.2
CLM-2025-00600,CNT-100600,CUST-37772,FL,Southeast,$688.30 ,11/16/2025,11/16/2025,11/18/2025,12/4/2025,2,18,4,1.48,2,No,No,Medium,ADJ-1019,Standard,Team Team Alpha,100,7.9
CLM-2025-00601,CNT-100601,CUST-19845,GA,Southeast,"$2,295.19 ",3/22/2025,3/22/2025,N/A,3/30/2025,2,8,2,0.62,1,No,No,Low,ADJ-1001,Senior,Team Team Alpha,92,7.4
CLM-2025-00602,CNT-100602,CUST-53813,UT,Mountain,"$4,655.76 ",11/26/2025,11/29/2025,12/1/2025,12/29/2025,2,30,6,3.86,0,No,No,Low,ADJ-1054,Standard,Team Echo,85.9,6
CLM-2025-00603,CNT-100603,CUST-49880,CO,Mountain,"$2,708.98 ",4/4/2025,4/4/2025,4/6/2025,5/6/2025,2,32,3,2.59,0,,No,Low,ADJ-1042,Senior,Team Echo,89.4,6.8
CLM-2025-00604,CNT-100604,CUST-28181,GA,Southeast,"($1,964.81)",1/27/2025,1/28/2025,1/28/2025,2/18/2025,0,21,2,1.80,1,No,No,High,ADJ-1024,Senior,Team SouthTeam West,91.8,7.2
CLM-2025-00605,CNT-100605,CUST-77568,WA,West,"$4,770.98 ",2/3/2025,2/6/2025,2/7/2025,3/4/2025,1,26,5,2.81,0,No,No,Low,ADJ-1079,Senior,Team SouthTeam West,93.2,7.9
CLM-2025-00606,CNT-100606,CUST-65695,IL,Midwest,"$22,452.62 ",8/31/2025,9/3/2025,9/4/2025,10/6/2025,N/A,33,5,3.18,0,No,No,Medium,ADJ-1008,Standard,Team SouthTeam West,97.7,7.4
CLM-2025-00607,CNT-100607,CUST-72266,TX,South Central,N/A,6/29/2025,7/2/2025,7/4/2025,7/5/2025,2,3,5,5.23,0,No,No,Low,ADJ-1065,Senior,Team Team Alpha,99,4.3
CLM-2025-00608,CNT-100608,CUST-64143,AZ,Southwest,"$6,914.03 ",5/23/2025,5/26/2025,,6/11/2025,1,16,N/A,2.20,1,No,Yes,Medium,ADJ-1002,Senior,Team Gamma,87.8,7.2
CLM-2025-00609,CNT-100609,CUST-97502,TX,South Central,"$45,910.30 ",10/5/2025,10/5/2025,10/10/2025,12/2/2025,5,58,9,7.50,0,No,Yes,LOW,ADJ-1010,Standard,Team Echo,82.4,4.3
CLM-2025-00610,CNT-100610,CUST-59692,NV,Southwest,$471.16 ,8/21/2025,8/26/2025,8/27/2025,9/15/2025,1,20,3,3.25,0,No,No,Low,ADJ-1036,Trainee,Team Beta,94.1,7.8
CLM-2025-00611,CNT-100611,CUST-92325,FL,Southeast,"$11,192.21 ",6/11/2025,6/13/2025,,8/3/2025,1,51,7,3.35,2,No,No,High,ADJ-1021,Standard,Team Delta,90.1,7.4
CLM-2025-00612,CNT-100612,CUST-86839,NM,Southwest,"$1,840.87 ",4/10/2025,4/10/2025,4/12/2025,4/16/2025,2,6,1,1.47,0,No,No,Low,ADJ-1018,Trainee,Team Team Alpha,N/A,9.4
CLM-2025-00613,CNT-100613,CUST-89843,TX,South Central,"$44,184.94 ",11/17/2025,11/19/2025,11/21/2025,1/16/2026,2,58,9,4.53,3,No,No,Major,ADJ-1057,Senior,Team Gamma,88.9,4.7
CLM-2025-00614,CNT-100614,CUST-40194,TX,South Central,"$7,095.54 ",7/29/2025,7/29/2025,7/30/2025,8/9/2025,1,11,4,6.37,0,No,Yes,Minor,ADJ-1009,Standard,Team Echo,89.4,3.2
CLM-2025-00615,CNT-100615,CUST-23235,CO,Mountain,"$6,464.20 ",6/5/2025,6/5/2025,6/8/2025,7/20/2025,3,45,7,3.64,2,No,Yes,High,ADJ-1079,Standard,Team Team West,N/A,4.6
CLM-2025-00616,CNT-100616,CUST-78509,TX,South Central,"$6,438.16 ",1/24/2025,1/27/2025,1/29/2025,2/27/2025,2,31,4,4.01,0,No,No,Medium,ADJ-1017,Standard,Team Team Alpha,90.5,6.3
CLM-2025-00617,CNT-100617,CUST-28113,NM,Southwest,"$5,674.22 ",10/11/2025,10/12/2025,10/13/2025,10/22/2025,1,10,1,1.79,0,No,No,Low,ADJ-1002,Senior,Team Team Central,91.7,7.5
CLM-2025-00618,CNT-100618,CUST-83894,OR,West,N/A,10/18/2025,10/19/2025,10/21/2025,10/31/2025,2,12,3,4.03,0,No,No,Low,ADJ-1073,Senior,Team Echo,95.6,7.2
CLM-2025-00619,CNT-100619,CUST-90271,GA,Southeast,"$4,293.75 ",7/18/2025,7/23/2025,7/24/2025,8/18/2025,1,31,1,2.56,0,No,No,Low,ADJ-1027,Senior,Team Gamma,100,7.7
CLM-2025-00620,CNT-100620,CUST-46019,IL,Midwest,"$7,546.89 ",N/A,6/2/2025,6/2/2025,6/28/2025,0,21,6,3.60,0,No,No,Medium,ADJ-1030,Standard,Team Beta,90.2,7.1
CLM-2025-00621,CNT-100621,CUST-59228,AZ,Southwest,"$7,467.72 ",6/18/2025,6/20/2025,6/21/2025,7/4/2025,1,14,2,2.61,1,No,No,Low,ADJ-1008,Standard,Team Gamma,97,9.1
CLM-2025-00622,CNT-100622,CUST-12836,NV,Southwest,$838.00 ,9/7/2025,9/7/2025,9/7/2025,9/22/2025,0,15,3,4.02,1,No,No, Medium ,ADJ-1024,Senior,Team Beta,92.5,8.3
CLM-2025-00623,CNT-100623,CUST-95221,AZ,Southwest,"$2,099.01 ",2/10/2025,2/13/2025,2/14/2025,2/23/2025,1,10,2,2.66,0,,No,Low,ADJ-1050,Standard,Team SouthTeam West,90.7,7.5
CLM-2025-00624,CNT-100624,UNKNOWN,IL,Midwest,"$46,236.09 ",7/5/2025,7/5/2025,7/3/2025,9/5/2025,-2,62,7,2.67,1,No,No,High,ADJ-1004,Standard,Team Team Central,89.2,6.5
CLM-2025-00625,CNT-100625,CUST-16630,OR,West,"$2,177.87 ",12/14/2025,12/18/2025,12/20/2025,1/12/2026,2,25,1,3.96,2,Yes,No,High,ADJ-1045,Senior,Team Gamma,86.1,5.6
CLM-2025-00626,CNT-100626,CUST-50068,NV,Southwest,"$23,039.35 ",4/9/2025,4/10/2025,4/12/2025,5/27/2025,2,-47,5,2.81,1,No,No,Low,ADJ-1058,Senior,Team Team West,97.2,
CLM-2025-00145,CNT-100145,CUST-68292,AZ,Southwest,"$7,171.67 ",6/23/2025,6/23/2025,6/25/2025,,2,4,4,3.55,0,No,No,Low,ADJ-1046,Senior,Team Echo,91.5,6.7
CLM-2025-00628,CNT-100628,CUST-53909,AZ,Southwest,"$22,058.67 ",6/18/2025,6/20/2025,6/22/2025,8/11/2025,,52,8,4.32,1,No,No,Major,ADJ-1036,,Team Team Alpha,88,6.2
CLM-2025-00629,CNT-100629,CUST-84293,AZ,Southwest,"$2,085.00 ",8/29/2025,9/2/2025,9/3/2025,9/30/2025,1,28,4,3.03,2,Yes,No,High,ADJ-1040,Trainee,Team Beta,80.9,6.5
CLM-2025-00630,CNT-100630,CUST-38133,TX,South Central,"$24,950.17 ",6/24/2025,6/24/2025,6/25/2025,8/12/2025,,49,8,5.42,0,No,No,Medium,ADJ-1045,Senior,Team SouthTeam West,93.6,4.9
CLM-2025-00631,CNT-100631,CUST-78738,GA,Southeast,"$11,359.42 ",11/4/2025,11/5/2025,11/9/2025,1/14/2026,4,70,8,2.30,1,No,No,High,ADJ-1045,Standard,Team Beta,94.6,6.3
CLM-2025-00632,CNT-100632,CUST-79357,TX,South Central,"$4,715.45 ",11/11/2025,11/11/2025,,12/2/2025,3,21,5,5.74,1,No,No,Low,ADJ-1030,Standard,Team Beta,86.9,5.2
CLM-2025-00633,CNT-100633,UNKNOWN,UT,Mountain,$722.69 ,,3/2/2025,3/3/2025,3/15/2025,1,13,3,3.75,1,Yes,No,High,ADJ-1035,Standard,Team Beta,91.5,7.6
CLM-2025-00634,CNT-100634,CUST-71298,TX,South Central,"$1,621.18 ",7/2/2025,7/3/2025,7/6/2025,7/8/2025,3,5,2,3.78,1,No,No,Minor,ADJ-1028,Trainee,Team Team Alpha,91.1,6.7
CLM-2025-00635,CNT-100635,CUST-81764,NV,Southwest,"$5,119.20 ",10/16/2025,10/18/2025,10/18/2025,11/4/2025,0,17,3,2.26,0,No,No,Low,ADJ-1028,Trainee,Team Gamma,93,7.1
CLM-2025-00636,CNT-100636,CUST-76941,NM,Southwest,"$1,870.25 ",8/9/2025,8/11/2025,8/12/2025,N/A,1,12,2,2.92,0,No,No,High,ADJ-1020,Senior,Team Team Central,87.5,8
CLM-2025-00637,CNT-100637,CUST-51813,WA,West,$521.10 ,3/22/2025,3/24/2025,3/25/2025,3/30/2025,1,6,3,2.64,0,No,No,Medium,ADJ-1025,Senior,Team SouthTeam West,95.5,8
CLM-2025-00638,CNT-100638,CUST-85866,NV,Southwest,"$2,058.38 ",10/23/2025,10/26/2025,10/28/2025,11/14/2025,2,19,4,1.74,1,No,No,Medium,ADJ-1025,Standard,Team Beta,96.3,5.5
CLM-2025-00639,CNT-100639,CUST-29818,GA,Southeast,"$12,906.85 ",12/9/2025,12/13/2025,12/13/2025,1/22/2026,,40,5,2.55,1,Yes,No, Medium ,ADJ-1041,Standard,Team Gamma,85.4,7.4
CLM-2025-00640,CNT-100640,CUST-92147,AZ,Southwest,"$72,450.42 ",4/1/2025,4/1/2025,4/4/2025,5/30/2025,3,59,6,4.56,0,Yes,No,medium,ADJ-1043,Senior,Team Echo,83.4,6.8
CLM-2025-00641,,CUST-49628,CA,West,"$1,803.17 ",2/24/2025,2/26/2025,2/26/2025,3/9/2025,0,11,2,1.91,1,No,No,Low,ADJ-1063,Standard,Team Team Central,98.8,7.2
CLM-2025-00642,CNT-100642,CUST-19590,WA,West,"$28,084.00 ",11/8/2025,11/8/2025,11/9/2025,1/6/2026,N/A,59,5,3.13,2,No,No,Low,ADJ-1022,Standard,Team Team West,96.5,5.7
CLM-2025-00643,CNT-100643,CUST-21016,WA,West,"$38,379.62 ",4/1/2025,4/1/2025,4/1/2025,5/20/2025,0,49,5,2.22,2, no ,Yes,High,ADJ-1073,Senior,Team Echo,,6.9
CLM-2025-00644,CNT-100644,CUST-57199,WA,West,"$6,466.32 ",7/17/2025,7/18/2025,7/20/2025,7/26/2025,2,8,2,N/A,0,No,No,Low,ADJ-1008,Standard,Team Beta,100,7.2
CLM-2025-00645,CNT-100645,CUST-57149,CA,West,"$8,188.30 ",6/3/2025,6/7/2025,6/7/2025,6/6/2025,0,-1,3,4.87,0,No,No,HIGH,ADJ-1069,Senior,Team Team Alpha,86.4,6.2
CLM-2025-00646,CNT-100646,CUST-74945,WA,West,"$4,372.87 ",10/23/2025,10/23/2025,10/24/2025,11/5/2025,1,13,3,3.20,1,No,No,Low,ADJ-1051,Standard,Team Gamma,97.5,6.7
CLM-2025-00647,CNT-100647,CUST-72762,TX,South Central,"$2,420.99 ",6/20/2025,6/20/2025,6/21/2025,6/21/2025,1,1,3,4.49,2,No,No,Low,ADJ-1012,Standard,Team Delta,91.9,11
CLM-2025-00648,CNT-100648,CUST-93626,CA,West,"$23,993.03 ",8/8/2025,8/9/2025,8/11/2025,9/24/2025,N/A,46,5,3.34,1,No,No,High,ADJ-1034,Senior,Team Echo,91.6,5.7
CLM-2025-00649,CNT-100649,CUST-93301,TX,South Central,"$5,527.58 ",8/29/2025,8/30/2025,9/3/2025,9/29/2025,4,30,5,5.30,0,No,No,Low,ADJ-1019,Standard,Team Team Alpha,89.2,4.5
CLM-2025-00650,CNT-100650,CUST-82261,CA,West,"$7,745.04 ",9/4/2025,9/6/2025,9/8/2025,9/21/2025,2,15,4,3.92,1,No,No,Medium,ADJ-1072,Standard,Team Beta,91.2,7.4
CLM-2025-00651,CNT-100651,CUST-88560,WA,West,"$1,806.49 ",7/20/2025,7/23/2025,7/24/2025,7/27/2025,-1,4,1,3.46,0,No,No,Medium,ADJ-1034,Standard,Team SouthTeam West,94.1,8.6
CLM-2025-00652,CNT-100652,CUST-69219,AZ,Southwest,"$1,186.89 ",9/2/2025,9/5/2025,9/5/2025,9/19/2025,0,14,4,2.67,0,No,No,Medium,ADJ-1071,Senior,Team Gamma,91.9,7.6
CLM-2025-00653,CNT-100653,CUST-23200,CO,Mountain,"$3,059.82 ",4/12/2025,4/12/2025,4/14/2025,13/32/2025,2 days,19,4,3.98,1,No,No,Medium,ADJ-1014,Standard,Team Team West,94.2,7.9
CLM-2025-00654,CNT-100654,CUST-80425,WA,West,"$40,794.57 ",3/25/2025,3/25/2025,3/27/2025,6/9/2025,2,76,7,3.86,2,No,No,High,ADJ-1076,Standard,Team Beta,97.3,4.5
CLM-2025-00655,CNT-100655,CUST-16104,CA,West,"$1,898.94 ",9/20/2025,9/20/2025,9/21/2025,9/29/2025,1,9,2,3.89,0,No,No,Medium,ADJ-1038,Standard,Team Echo,95.1,6
CLM-2025-00656,CNT-100656,CUST-88212,CA,West,"$5,010.51 ",5/12/2025,5/15/2025,5/19/2025,6/25/2025,4,41,4,1.29,0,No,No,Low,ADJ-1052,Senior,Team Delta,93.9,6.9
CLM-2025-00657,CNT-100657,CUST-55211,CO,Mountain,"$1,847.36 ",5/4/2025,,5/7/2025,5/15/2025,-1,9,1,2.86,0,No,No,Medium,ADJ-1008,Standard,Team Team Central,94.8,6.8
CLM-2025-00658,CNT-100658,CUST-58736,FL,Southeast,"$3,079.87 ",5/2/2025,5/2/2025,5/2/2025,5/16/2025,0,14,1,2.09,0,No,Yes,Low,ADJ-1039,Standard,Team Team Alpha,,6.8
CLM-2025-00659,CNT-100659,CUST-55616,TX,South Central,"$22,973.14 ",4/2/2025,4/2/2025,4/3/2025,5/15/2025,1,N/A,9,6.22,1,No,No,Medium,ADJ-1060,Standard,Team Beta,95.1,7.1
CLM-2025-00660,CNT-100660,CUST-68134,FL,Southeast,"$18,561.90 ",2/11/2025,2/11/2025,2/12/2025,3/31/2025,1,48,2,2.70,1,No,No,Low,ADJ-1005,Standard,Team Gamma,99.3,4.7
CLM-2025-00661,CNT-100661,CUST-45055,WA,West,"$14,522.32 ",,6/16/2025,6/16/2025,7/17/2025,0,31,3,3.22,0,No,,Medium,ADJ-1016,Trainee,Team Team Alpha,94.9,8.5
CLM-2025-00662,CNT-100662,CUST-79012,AZ,Unknown,"$1,449.26 ",5/2/2025,,5/3/2025,5/22/2025,0,19,4,3.28,0,No,,Medium,ADJ-1016,Standard,Team Echo,94.8,6.9
CLM-2025-00663,CNT-100663,CUST-20898,FL,Southeast,"$13,161.07 ",6/12/2025,6/15/2025,6/18/2025,8/15/2025,3,61,6,4.43,1, no ,Yes,High,ADJ-1070,Standard,Team Team West,92,3.8
CLM-2025-00664,CNT-100664,CUST-15019,UT,Mountain,"$23,782.50 ",7/27/2025,7/27/2025,7/29/2025,9/8/2025,2,43,5,2.87,1,Yes,No,High,ADJ-1047,Standard,Team Echo,81.8,6.9
CLM-2025-00665,CNT-100665,CUST-46248,GA,Southeast,"$1,077.46 ",1/1/2025,1/3/2025,1/3/2025,1/17/2025,0,14,3,3.01,2,No,No,Medium,ADJ-1039,Trainee,Team Team Alpha,99,7.6
CLM-2025-00666,CNT-100666,CUST-33049,WA,West,$703.34 ,9/19/2025,9/23/2025,9/26/2025,9/25/2025,3,2,3,2.60,0,No,No,Minor,ADJ-1011,Standard,Team Delta,95.5,7
CLM-2025-00667,CNT-100667,CUST-15048,NV,Southwest,"$3,502.42 ",4/30/2025,5/2/2025,5/4/2025,5/26/2025,2,24,2,2.34,1,No,No,Medium,ADJ-1065,Standard,Team Delta,94.6,7.3
CLM-2025-00668,CNT-100668,CUST-59072,FL,Southeast,"$2,922.71 ",5/16/2025,5/18/2025,5/18/2025,6/22/2025,0,35,6,1.95,1,No,No,Medium,ADJ-1059,Standard,Team Team West,97.4,8.4
CLM-2025-00669,CNT-100669,CUST-99825,WA,West,"$1,493.27 ",12/19/2025,12/24/2025,12/27/2025,1/28/2026,3,35,3,2.70,1,No,Yes,High,ADJ-1013,Standard,Team Echo,82.9,5.5
CLM-2025-00670,CNT-100670,CUST-36558,FL,Southeast,"$1,745.28 ",12/11/2025,12/11/2025,12/12/2025,,1,26,4,4.60,1,No,No,Medium,ADJ-1041,Standard,Team Gamma,97,5.4
CLM-2025-00671,CNT-100671,CUST-44116,TX,South Central,$646.62 ,7/15/2025,7/16/2025,7/18/2025,8/6/2025,2,21,3,4.56,N/A,No,Yes,Low,ADJ-1058,Standard,Team Team Central,87.6,4.6
CLM-2025-00672,CNT-100672,CUST-52604,CA,West,"$5,149.24 ",11/17/2025,11/18/2025,11/21/2025,12/22/2025,3,34,5,4.43,0,No,No,medium,ADJ-1027,Standard,Team SouthTeam West,90.5,6.9
CLM-2025-00673,CNT-100673,CUST-36555,NM,Southwest,$807.15 ,9/21/2025,9/22/2025,9/22/2025,9/23/2025,0,1,1,6.00,0,Yes,No,Low,ADJ-1064,Standard,Team Team Alpha,85.3,8.1
CLM-2025-00674,CNT-100674,CUST-62720,TX,South Central,"$22,861.62 ",9/23/2025,9/26/2025,9/28/2025,10/31/2025,2,35,5,5.66,2,No,No,High,ADJ-1060,Senior,Team Delta,105,6.2
CLM-2025-00675,CNT-100675,CUST-27476,TX,South Central,"$7,541.43 ",9/8/2025,9/9/2025,9/11/2025,10/15/2025,4,36,4,2.96,1,No,Yes,Medium,ADJ-1053,Standard,Team Gamma,98.4,6.9
CLM-2025-00676,CNT-100676,UNKNOWN,NV,Southwest,"$4,023.83 ",10/9/2025,10/15/2025,10/16/2025,10/28/2025,1,13,4,3.30,0,No,No,medium,ADJ-1020,Trainee,Team Beta,91.4,5
CLM-2025-00677,CNT-100677,CUST-30524,CO,Mountain,$912.09 ,11/20/2025,11/22/2025,11/25/2025,12/20/2025,3,28,4,2.52,2,No,No,High,ADJ-1030,Trainee,Team Delta,86.1,6
CLM-2025-00678,CNT-100678,CUST-14873,TX,South Central,"$6,978.93 ",9/9/2025,9/12/2025,9/14/2025,10/2/2025,2,20,3,5.28,1,Yes,Yes,medium,ADJ-1019,Standard,Team Beta,80.7,4
CLM-2025-00679,CNT-100679,CUST-21094,TX,South Central,"$6,555.28 ",7/8/2025,7/8/2025,7/9/2025,7/30/2025,1,22,6,4.10,1,No,No,Low,ADJ-1039,Senior,Team Delta,98.9,7.5
CLM-2025-00680,CNT-100680,CUST-22553,GA,Southeast,"$32,404.27 ",3/17/2025,3/19/2025,3/20/2025,4/30/2025,1,42,6,2.91,0,No,No,Low,ADJ-1006,Specialist,Team Gamma,94.5,6.4
CLM-2025-00681,CNT-100681,CUST-76704,CA,West,"$1,731.83 ",12/30/2025,12/31/2025,1/4/2026,1/29/2026,4,29,5,5.21,1,No,No,High,ADJ-1080,Standard,Team Team West,86.5,6
CLM-2025-00682,CNT-100682,CUST-29226,FL,Southeast,$628.25 ,10/9/2025,10/9/2025,10/10/2025,10/17/2025,1,8,3,3.63,1,No,No,Medium,ADJ-1053,Standard,Team Delta,95.9,6.7
CLM-2025-00683,CNT-100683,CUST-27476,CA,West,"$22,939.10 ",6/7/2025,6/7/2025,6/7/2025,7/24/2025,0,47,5,4.10,1,Yes,Yes,High,ADJ-1075,Standard,Team Echo,83.3,6.3
CLM-2025-00684,CNT-100684,CUST-24764,TX,South Central,$638.23 ,11/16/2025,11/17/2025,11/18/2025,11/27/2025,1,10,1,5.83,1,No,No,Low,ADJ-1076,Standard,Team Beta,96.5,5.5
CLM-2025-00685,CNT-100685,CUST-78629,FL,Southeast,"$11,336.58 ",9/11/2025,9/14/2025,9/15/2025,10/19/2025,1,35,4,3.57,3,No,Yes,High,ADJ-1063,Senior,Team Delta,85.7,5.7
CLM-2025-00686,CNT-100686,CUST-20221,TX,South Central,"$2,392.84 ",12/24/2025,12/26/2025,12/27/2025,12/30/2025,1,4,6,7.90,1,Yes,No,High,ADJ-1077,Senior,Team Team Alpha,90.7,5.2
CLM-2025-00687,CNT-100687,CUST-28804,CO,Mountain,"$24,077.86 ",7/14/2025,7/14/2025,7/17/2025,9/6/2025,3,74,7,2.77,0,No,No,High,ADJ-1075,Senior,Team Echo,86.7,5.3
CLM-2025-00688,CNT-100688,CUST-49629,TX,South Central,"$5,938.74 ",1/2/2025,1/3/2025,1/1/2025,2/4/2025,-2,32,5,3.53,0,No,Yes,Medium,ADJ-1075,Standard,Team Gamma,85.1,6.5
CLM-2025-00689,CNT-100689,CUST-45355,GA,Southeast,"$4,117.66 ",11/24/2025,11/28/2025,12/1/2025,12/26/2025,3,28,3,3.84,2,No,No,Low,ADJ-1052,Senior,Team Team West,90.4,5.4
CLM-2025-00690,CNT-100690,CUST-89806,NV,Southwest,"$4,214.48 ",12/30/2025,1/1/2026,1/4/2026,1/21/2026,3,20,6,3.60,0,No,No,Medium,ADJ-1011,Trainee,Team Echo,85.6,5.5
CLM-2025-00691,CNT-100691,CUST-58534,CO,Mountain,"$5,712.55 ",7/27/2025,7/30/2025,8/2/2025,8/17/2025,3,-18,3,2.23,1,No,No,Low,ADJ-1020,Senior,Team Echo,93.7,6.9
CLM-2025-00692,CNT-100692,CUST-74219,CA,West,"$6,483.60 ",6/3/2025,6/4/2025,13/32/2025,7/7/2025,2,33,7,3.99,0,No,Yes,Low,ADJ-1047,Specialist,Team Team Central,90.9,4.5
CLM-2025-00693,CNT-100693,CUST-27190,CA,West,"$5,138.24 ",11/24/2025,11/26/2025,11/28/2025,12/24/2025,2,,6,6.18,1,Yes,No,Medium,ADJ-1031,Senior,Team Gamma,91.1,3.8
CLM-2025-00694,CNT-100694,CUST-55511,FL,Southeast,"$1,385.48 ",8/30/2025,9/2/2025,9/4/2025,9/27/2025,2,25,1,2.35,0,No,Yes,Medium,ADJ-1076,Senior,Team Team Alpha,93.5,5.4
CLM-2025-00695,CNT-100695,CUST-13870,FL,Southeast,"$2,246.29 ",8/18/2025,13/32/2025,8/21/2025,9/4/2025,0,14,3,1.30,1,No,No,High,ADJ-1042,Standard,Team Gamma,91.8,10
CLM-2025-00696,CNT-100696,CUST-49109,UT,Mountain,"$1,037.15 ",12/23/2025,12/26/2025,12/28/2025,12/31/2025,2,5,3,3.17,0,No,No,Low,ADJ-1065,Standard,Team Delta,93.2,6.1
CLM-2025-00016,CNT-100697,CUST-28422,CA,West,"$3,126.78 ",10/17/2025,10/17/2025,10/18/2025,10/28/2025,1,11,4,3.83,0,Yes,No,Medium,ADJ-1044,Standard,Team Gamma,83.6,6.9
CLM-2025-00698,CNT-100698,CUST-27362,OR,,"$12,693.63 ",3/6/2025,3/10/2025,3/11/2025,4/13/2025,1,34,4,2.85,2,No,No,High,ADJ-1041,Senior,Team Team West,100,6.3
CLM-2025-00699,CNT-100699,CUST-14420,CA,West,"$1,795.55 ",9/25/2025,9/27/2025,9/30/2025,9/30/2025,N/A,3,1,1.18,0,Yes,Yes,Minor,ADJ-1010,Senior,Team Team West,84.7,7
CLM-2025-00700,CNT-100700,CUST-19606,NM,Southwest,"$18,083.78 ",8/23/2025,8/24/2025,8/24/2025,9/26/2025,0,33,4,3.64,0,No,No,High,ADJ-1071,Senior,Team Echo,93.5,6.9
CLM-2025-00701,CNT-100701,CUST-36213,AZ,Southwest,"$1,837.31 ",6/7/2025,6/8/2025,6/8/2025,7/2/2025,0,24,4,2.92,0,No,No,Medium,ADJ-1058,Standard,Team Team Central,87.4,8.1
CLM-2025-00702,CNT-100702,CUST-40188,AZ,Southwest,$868.15 ,12/14/2025,12/16/2025,12/19/2025,1/10/2026,3,25,4,4.61,0,Yes,No,Medium,ADJ-1008,Senior,Team SouthTeam West,88.1,5.8
CLM-2025-00703,CNT-100703,CUST-45544,CA,West,"$2,043.44 ",6/21/2025,6/23/2025,6/26/2025,7/12/2025,3,19,6,5.22,1,No,No,LOW,ADJ-1044,Senior,Team Gamma,90.9,4.1
CLM-2025-00704,CNT-100704,CUST-20551,NM,Southwest,"$1,933.03 ",6/16/2025,6/17/2025,6/19/2025,7/1/2025,2,14,3,2.60,0,No,Yes,Medium,ADJ-1014,Senior,Team Team West,96.2,6.1
CLM-2025-00705,CNT-100705,CUST-71922,NV,Southwest,"$3,752.89 ",13/32/2025,1/6/2025,1/6/2025,2/6/2025,0,31,2,3.93,1,No,Yes,High,ADJ-1001,Senior,Team Echo,85.9,6.1
CLM-2025-00706,CNT-100706,CUST-32683,CA,West,"$18,465.82 ",4/1/2025,4/4/2025,4/4/2025,5/4/2025,0,30,3,4.52,1,No,No,Medium,ADJ-1025,Senior,Team Beta,99.9,7.6
CLM-2025-00707,CNT-100707,CUST-66512,TX,South Central,"$2,190.11 ",10/17/2025,10/17/2025,10/21/2025,10/28/2025,4,11,4,5.23,0,No,No,Low,ADJ-1060,Standard,Team Delta,100,5.4
CLM-2025-00708,CNT-100708,CUST-18957,IL,Midwest,"$16,805.95 ",12/8/2025,12/10/2025,12/11/2025,1/13/2026,1,34,4,6.00,0,No,No,Low,ADJ-1008,Trainee,Team Beta,95.8,5.5
CLM-2025-00709,CNT-100709,CUST-14292,NV,Southwest,$681.82 ,4/24/2025,4/24/2025,4/24/2025,5/8/2025,0,14,2,2.98,0,No,No,Medium,ADJ-1006,Senior,Team Delta,95.2,6.4
CLM-2025-00710,CNT-100710,CUST-65896,OR,West,"$2,487.24 ",9/28/2025,9/29/2025,10/3/2025,10/26/2025,4,27,5,2.89,,No,No,Medium,ADJ-1013,Specialist,Team Beta,92.4,7.4
CLM-2025-00711,CNT-100711,CUST-76118,CA,West,"$1,756.50 ",6/29/2025,7/1/2025,7/3/2025,7/18/2025,2,17,4,2.84,0,No,Yes,Low,ADJ-1035,Specialist,Team Gamma,88.4,6.5
CLM-2025-00712,CNT-100712,CUST-87612,TX,South Central,$494.49 ,3/11/2025,3/12/2025,3/16/2025,3/20/2025,4,8,5,5.72,1,No,No,Medium,ADJ-1078,Senior,Team Beta,90.9,4.7
CLM-2025-00713,CNT-100713,CUST-49544,NV,Southwest,"$1,352.82 ",12/14/2025,12/15/2025,12/18/2025,12/27/2025,3,12,2,3.82,0,No,No,High,ADJ-1043,Trainee,Team Echo,92.8,6.5
CLM-2025-00714,CNT-100714,CUST-31228,FL,Southeast,"$2,025.71 ",11/24/2025,11/25/2025,11/26/2025,12/4/2025,1,14,1,2.29,0,No,No,Low,ADJ-1062,Standard,Team Team Alpha,92.4,7.8
CLM-2025-00715,CNT-100715,CUST-28041,NM,Southwest,"$2,330.36 ",1/31/2025,1/31/2025,2/3/2025,2/21/2025,3,21,1,2.38,1,No,No,Low,ADJ-1037,Senior,Team Echo,93.2,6.6
CLM-2025-00716,CNT-100716,CUST-57590,GA,Southeast,"$7,039.44 ",8/20/2025,8/22/2025,8/23/2025,9/19/2025,1,28,3,2.35,1,No,No,High,ADJ-1063,Standard,Team Team West,87.1,7
CLM-2025-00717,CNT-100717,CUST-39995,AZ,Southwest,"$1,243.11 ",13/32/2025,7/10/2025,7/11/2025,7/21/2025,1,11,1,3.14,3,No,No,Medium,ADJ-1049,Standard,Team Beta,105,7.9
CLM-2025-00718,CNT-100718,CUST-90425,TX,South Central,"$14,799.13 ",2/16/2025,2/17/2025,2/19/2025,3/12/2025,4,23,5,3.65,0,No,No,Low,ADJ-1024,Standard,Team Beta,93.7,6.7
CLM-2025-00719,CNT-100719,CUST-34804,AZ,Southwest,"$3,725.34 ",11/29/2025,11/30/2025,11/30/2025,12/22/2025,0,22,4,3.89,0,No,Yes,Low,ADJ-1080,Specialist,Team Gamma,93.9,7.4
CLM-2025-00720,CNT-100720,CUST-81424,WA,West,"$2,389.61 ",9/14/2025,9/15/2025,9/16/2025,9/24/2025,1,9,2,1.65,0,,No,Low,ADJ-1055,Standard,Team Gamma,86.9,6.7
CLM-2025-00501,CNT-100721,CUST-79665,TX,South Central,"$40,165.15 ",2/24/2025,2/27/2025,3/1/2025,4/18/2025,2,50,6,4.24,1,No,No,Low,ADJ-1023,Standard,Team Team Alpha,98.5,6.2
CLM-2025-00722,CNT-100722,CUST-25325,GA,Southeast,"$2,205.02 ",10/21/2025,10/21/2025,10/22/2025,10/29/2025,1,8,2,3.35,0,No,Yes,Low,ADJ-1066,Standard,Team Beta,85.4,7.1
CLM-2025-00723,CNT-100723,CUST-28213,CA,West,"$21,486.63 ",3/26/2025,3/28/2025,,,1,26,3,4.39,0,No,No,Low,ADJ-1058,Senior,Team Team West,93.2,6.5
CLM-2025-00724,CNT-100724,CUST-18514,CA,West,,9/5/2025,9/8/2025,9/8/2025,11/20/2025,0,73,8,4.71,0,No,No,High,ADJ-1055,Senior,Team Gamma,90.4,6.4
CLM-2025-00725,CNT-100725,CUST-83137,AZ,Southwest,"$7,941.16 ",12/24/2025,12/27/2025,12/27/2025,1/8/2026,0,17,4,3.30,0,No,No,Low,ADJ-1060,Specialist,Team Beta,97.2,9.1
CLM-2025-00726,CNT-100726,CUST-54584,TX,South Central,"$4,121.92 ",5/4/2025,5/7/2025,5/7/2025,6/1/2025,0,25,,4.03,1,No,Yes,Low,ADJ-1019,Trainee,Team Echo,93,6.2
CLM-2025-00727,CNT-100727,CUST-39590,WA,West,"$7,365.17 ",3/18/2025,3/19/2025,3/19/2025,,0,17,4,2.47,0,No,No,Low,ADJ-1014,Senior,Team Team Central,100,7.2
CLM-2025-00728,CNT-100728,CUST-21717,GA,Southeast,"$5,786.59 ",8/20/2025,8/20/2025,8/20/2025,9/6/2025,0,17,3,2.71,0,No,No,Medium,ADJ-1002,Trainee,Team Gamma,94.1,7.7
CLM-2025-00729,CNT-100729,CUST-60123,FL,Southeast,"$3,582.12 ",9/27/2025,9/28/2025,9/29/2025,10/20/2025,1,22,1,2.82,1,No,No,Medium,ADJ-1011,Standard,Team Beta,88.5,9.1
CLM-2025-00730,CNT-100730,CUST-72529,CO,Mountain,"$1,522.62 ",7/19/2025,7/21/2025,7/22/2025,8/8/2025,1,18,5,2.48,0,No,No,High,ADJ-1074,Senior,Team Gamma,89.4,8.3
CLM-2025-00731,CNT-100731,CUST-10029,TX,South Central,"$6,342.58 ",2/15/2025,2/20/2025,2/22/2025,3/1/2025,2,9,4,3.45,0,No,No,Low,ADJ-1055,Standard,Team Gamma,92.8,5.8
CLM-2025-00732,CNT-100732,CUST-49489,TX,South Central,"$3,189.92 ",2/27/2025,3/1/2025,3/2/2025,3/25/2025,1,24,6,5.12,1,No,Yes,Low,ADJ-1029,Senior,Team Delta,93.6,8
CLM-2025-00733,CNT-100733,CUST-84793,CA,West,"$4,781.01 ",1/16/2025,1/16/2025,1/13/2025,2/3/2025,-3,18,3,2.90,,No,Yes,Medium,ADJ-1062,Trainee,Team Gamma,90.8,6.6
CLM-2025-00734,CNT-100734,CUST-35401,CO,Mountain,"$5,534.49 ",10/2/2025,10/5/2025,10/6/2025,10/27/2025,1,22,2,3.10,1,No,No,Medium,ADJ-1012,Standard,Team Beta,87,6.9
CLM-2025-00735,CNT-100735,CUST-29659,WA,West,"$2,222.43 ",7/14/2025,7/14/2025,7/15/2025,7/29/2025,1,15,3,1.79,0,No,Yes,Medium,ADJ-1007,Senior,Team Team Central,88,7
CLM-2025-00736,CNT-100736,CUST-71768,NM,Southwest,"$5,046.86 ",6/8/2025,6/12/2025,6/14/2025,7/15/2025,2,45,5,4.18,2,No,No,High,ADJ-1026,Trainee,Team Beta,87,7.1
CLM-2025-00737,CNT-100737,CUST-30092,TX,South Central,"$2,160.68 ",3/26/2025,3/30/2025,4/1/2025,4/1/2025,2,2,2,5.37,0,No,No,Low,ADJ-1037,Standard,Team Delta,98,5.1
CLM-2025-00738,CNT-100738,CUST-95112,CO,Mountain,$589.33 ,6/17/2025,6/17/2025,6/19/2025,7/4/2025,-1,17,2,3.62,1,No,No,High,ADJ-1010,Standard,Team SouthTeam West,87.6,7.9
CLM-2025-00739,CNT-100739,CUST-55018,OR,West,"$11,759.87 ",5/23/2025,5/25/2025,5/26/2025,7/18/2025,1,54,5,4.78,3,Yes,Yes,High,ADJ-1039,Standard,Team Gamma,76,4.8
CLM-2025-00740,CNT-100740,CUST-31608,WA,West,"$1,451.27 ",7/8/2025,7/8/2025,7/8/2025,7/9/2025,0,1,2,2.53,1,No,No,Low,ADJ-1014,Standard,Team SouthTeam West,94.9,8.2
CLM-2025-00741,CNT-100741,CUST-80439,UT,Mountain,"$3,862.29 ",2/10/2025,2/10/2025,2/13/2025,3/7/2025,3,25,4,3.09,0,Yes,No,Low,ADJ-1080,Senior,Team Team Central,87,5.7
CLM-2025-00742,CNT-100742,CUST-91948,TX,South Central,"$6,689.91 ",12/31/2025,1/5/2026,1/6/2026,1/12/2026,1,7,2,4.73,2,No,Yes,Minor,ADJ-1014,Standard,Team Beta,90.1,6.2
CLM-2025-00743,CNT-100743,CUST-70625,TX,South Central,"$3,769.38 ",11/15/2025,11/16/2025,11/19/2025,12/8/2025,3,17,3,4.96,2,No,No,Medium,ADJ-1025,Specialist,Team Echo,85.2,7
CLM-2025-00744,CNT-100744,CUST-63631,AZ,Southwest,"$13,652.69 ",,7/10/2025,7/11/2025,8/15/2025,1,36,6,2.44,0,No,No,Low,ADJ-1061,Standard,Team Team Alpha,96,8
CLM-2025-00745,CNT-100745,CUST-67832,WA,West,"$15,210.98 ",12/14/2025,12/14/2025,12/14/2025,1/29/2026,0,46,5,4.17,2,No,No,High,ADJ-1012,Senior,Team Team Alpha,91.2,6.3
CLM-2025-00746,CNT-100746,CUST-66725,AZ,Southwest,"$1,855.84 ",9/25/2025,9/28/2025,10/2/2025,10/30/2025,4,32,3,3.24,2,No,No,High,ADJ-1001,Senior,Team SouthTeam West,95.2,7.3
CLM-2025-00747,CNT-100747,CUST-42009,CA,West,"$19,539.61 ",1/16/2025,1/18/2025,1/19/2025,3/4/2025,1,45,6,3.68,1, no ,No,High,ADJ-1032,Standard,Team Team West,92.9,6.8
CLM-2025-00748,CNT-100748,CUST-10597,CO,Mountain,"$15,470.10 ",3/11/2025,3/11/2025,3/12/2025,4/10/2025,1,30,3,2.20,0,No,No,Medium,ADJ-1025,Senior,Team SouthTeam West,85.3,7.7
CLM-2025-00749,CNT-100749,CUST-43268,OR,West,$807.13 ,4/23/2025,4/24/2025,4/25/2025,5/1/2025,1,7,5,3.25,,No,No,Low,ADJ-1059,Senior,Team Team Central,89.3,7.6
CLM-2025-00750,CNT-100750,CUST-53762,UT,Mountain,"$7,841.43 ",7/16/2025,7/17/2025,7/21/2025,8/30/2025,4,44,8,4.81,1,Yes,No,Medium,ADJ-1061,Senior,Team Delta,83.9,4.9
CLM-2025-00751,CNT-100751,CUST-17362,IL,,"$7,018.22 ",4/28/2025,4/28/2025,4/29/2025,5/24/2025,8,26,3,4.26,0,No,Yes,Medium,ADJ-1014,Senior,Team Team West,90.1,5.5
CLM-2025-00752,CNT-100752,CUST-88148,AZ,Southwest,"$2,333.88 ",7/22/2025,7/23/2025,7/23/2025,7/31/2025,0,8,4,4.50,0,No,No,Medium,ADJ-1030,Standard,Team Team West,95.2,8.4
CLM-2025-00753,CNT-100753,CUST-63338,CO,Mountain,"$10,211.25 ",9/23/2025,9/24/2025,9/25/2025,11/10/2025,1,47,4,2.09,0,,No,Medium,ADJ-1026,Standard,Team Team West,94.4,7.4
CLM-2025-00754,CNT-100754,CUST-12856,IL,Midwest,"$61,778.15 ",10/18/2025,10/18/2025,10/19/2025,12/21/2025,1,64,8,6.28,3,No,No,High,ADJ-1078,Senior,Team Beta,93.3,4.5
CLM-2025-00755,CNT-100755,CUST-61713,NM,Southwest,"$15,938.31 ",7/11/2025,7/14/2025,7/15/2025,8/23/2025,1,40,N/A,3.97,0,No,No,Medium,ADJ-1031,Standard,Team SouthTeam West,92,5.7
CLM-2025-00756,CNT-100756,CUST-62610,GA,Southeast,"$50,079.92 ",7/20/2025,7/22/2025,7/23/2025,9/7/2025,1,47,7,5.17,0,No,,Low,ADJ-1014,Trainee,Team Team Alpha,91.1,5.3
CLM-2025-00356,CNT-100757,CUST-30565,CA,West,"$6,334.38 ",1/11/2025,1/12/2025,1/14/2025,2/5/2025,2,24,6,4.09,1,No,No,Low,ADJ-1048,Standard,Team Gamma,92.2,7.4
CLM-2025-00758,CNT-100758,CUST-20599,GA,Southeast,"$5,099.89 ",4/4/2025,4/4/2025,4/6/2025,4/26/2025,2,22,5,2.21,0,No,No,Medium,ADJ-1053,Standard,Team Delta,91.8,7.3
CLM-2025-00759,CNT-100759,CUST-40004,CO,Mountain,"$14,993.94 ",3/12/2025,3/12/2025,3/12/2025,4/4/2025,0,23,5,3.00,1,No,No,Low,ADJ-1020,Standard,Team Beta,96.6,7.5
CLM-2025-00760,CNT-100760,CUST-90224,CO,Mountain,$918.73 ,3/17/2025,3/17/2025,3/18/2025,,1,8,2,3.30,0,No,No,Medium,ADJ-1037,Senior,Team Gamma,91.9,8.5
CLM-2025-00761,CNT-100761,CUST-77195,NM,Southwest,"$13,269.35 ",5/26/2025,5/27/2025,5/30/2025,7/19/2025,3,53,6,2.41,1,No,No,High,ADJ-1042,Standard,Team Team Alpha,92.5,6.9
CLM-2025-00762,CNT-100762,CUST-34503,TX,South Central,"$1,143.60 ",11/21/2025,11/25/2025,11/27/2025,12/1/2025,2,6,1,3.83,0,No,No,Medium,ADJ-1050,Senior,Team Team Central,N/A,7.6
CLM-2025-00763,CNT-100763,CUST-23162,GA,Southeast,$499.93 ,9/12/2025,9/16/2025,9/17/2025,9/30/2025,1,14,4,2.06,0,No,No,Medium,ADJ-1058,Standard,Team Team Central,84.6,7.8
CLM-2025-00764,CNT-100764,CUST-10769,TX,South Central,"$4,296.16 ",9/29/2025,9/29/2025,9/29/2025,10/17/2025,0,18,4,3.03,0,No,No,Low,ADJ-1071,Specialist,Team Beta,88.2,7.2
CLM-2025-00765,CNT-100765,CUST-14663,GA,Southeast,"$13,568.77 ",3/14/2025,3/14/2025,3/15/2025,4/25/2025,1,42,6,3.13,1,No,No,High,ADJ-1066,Trainee,Team SouthTeam West,82.9,7.4
CLM-2025-00766,CNT-100766,CUST-50928,CA,West,"$2,328.03 ",3/22/2025,3/24/2025,3/24/2025,3/30/2025,0,6,4,4.07,1,No,No,Medium,ADJ-1068,Standard,Team Team West,83,6.4
CLM-2025-00767,CNT-100767,CUST-38737,NV,Southwest,"$68,427.28 ",7/31/2025,7/31/2025,8/1/2025,10/14/2025,,80,N/A,3.84,1,No,No,High,ADJ-1080,Standard,Team SouthTeam West,90.9,6.7
CLM-2025-00768,CNT-100768,CUST-44125,TX,South Central,"$2,153.32 ",6/7/2025,6/8/2025,6/12/2025,6/23/2025,4,15,3,4.36,1,No,No,Low,ADJ-1027,Standard,Team Gamma,91.4,6
CLM-2025-00769,CNT-100769,CUST-33568,AZ,Southwest,"$1,006.56 ",10/22/2025,10/24/2025,10/26/2025,10/31/2025,2,7,1,3.47,0,No,No,Medium,ADJ-1071,Trainee,Team Echo,98.4,6.6
CLM-2025-00770,CNT-100770,CUST-39603,CO,Mountain,"$7,536.71 ",6/24/2025,6/25/2025,6/26/2025,7/16/2025,1,21,7,4.08,0,No,No,Medium,ADJ-1045,Standard,Team Team Central,90.6,6.7
CLM-2025-00771,CNT-100771,CUST-61304,AZ,Southwest,$622.64 ,4/23/2025,4/23/2025,4/23/2025,5/9/2025,0,16,6,1.66,0,No,No,High,ADJ-1068,Standard,Team Team Central,96,9.2
CLM-2025-00772,CNT-100772,CUST-56840,UT,Mountain,"$17,042.42 ",9/29/2025,10/1/2025,10/3/2025,11/15/2025,2,45,5,4.33,1,No,No,High,ADJ-1072,Senior,Team Team West,91.5,6.3
CLM-2025-00773,CNT-100773,UNKNOWN,GA,Southeast,"$6,498.47 ",4/1/2025,4/4/2025,4/4/2025,4/20/2025,-3,16,4,4.53,0,No,No,Low,ADJ-1034,Trainee,Team Delta,95.2,7.3
CLM-2025-00774,CNT-100774,CUST-94668,CO,Mountain,"$6,647.28 ",12/11/2025,12/11/2025,12/12/2025,1/8/2026,1,40,5,4.09,1,No,No,Medium,ADJ-1057,Trainee,Team Delta,95.9,6.2
CLM-2025-00775,CNT-100775,CUST-95601,UT,Mountain,"$1,825.32 ",13/32/2025,7/20/2025,7/21/2025,8/4/2025,1,15,3,1.77,0,No,No,Low,ADJ-1064,Senior,Team Central,93.2,8.2
CLM-2025-00776,CNT-100776,CUST-55224,TX,South Central,"$1,567.23 ",3/7/2025,3/8/2025,3/9/2025,3/16/2025,1,8,3,4.09,1,No,No,Medium,ADJ-1050,Senior,Team Beta,93,7.1
CLM-2025-00777,CNT-100777,CUST-11137,OR,West,"$14,584.10 ",12/24/2025,12/24/2025,12/26/2025,1/22/2026,2,29,4,3.92,1,No,No,High,ADJ-1018,Standard,Team Echo,93.1,5.9
CLM-2025-00778,CNT-100778,CUST-61619,AZ,Southwest,"$42,170.41 ",2/22/2025,2/22/2025,2/25/2025,5/8/2025,3,75 days,7,6.00,1,No,No,High,ADJ-1025,Standard,Team Echo,92.1,7.7
CLM-2025-00779,CNT-100779,CUST-67276,TX,South Central,"$3,310.99 ",7/6/2025,7/8/2025,7/9/2025,8/1/2025,1,24,5,5.56,2,No,No,Medium,ADJ-1061,Standard,Team Beta,91.8,7.2
CLM-2025-00780,CNT-100780,CUST-56641,TX,South Central,"$6,786.61 ",10/20/2025,10/21/2025,10/25/2025,11/18/2025,4,28,6,5.78,2,No,No,Medium,ADJ-1062,Standard,Team Team Alpha,85.9,4.9
CLM-2025-00781,CNT-100781,CUST-38371,WA,West,$941.00 ,9/4/2025,9/5/2025,9/5/2025,9/17/2025,0,12,2,4.52,1,No,Yes, Medium ,ADJ-1049,Standard,Team Gamma,86.4,7.5
CLM-2025-00782,CNT-100782,CUST-48262,CO,Mountain,$516.35 ,7/12/2025,7/14/2025,7/15/2025,8/2/2025,1,19,4,3.70,0,No,Yes,High,ADJ-1066,Senior,Team Delta,87.8,4.6
CLM-2025-00783,CNT-100783,CUST-73434,WA,West,"$1,760.18 ",7/1/2025,7/6/2025,7/6/2025,7/22/2025,0,16,4,3.40,1,No,No, Medium ,ADJ-1017,Standard,Team Team Central,91.4,8.3
CLM-2025-00784,CNT-100784,CUST-52933,CA,West,"$1,760.74 ",2/11/2025,2/11/2025,2/13/2025,2/24/2025,2,13,3,4.33,1,No,No,Low,ADJ-1042,Senior,Team Delta,92.1,5.6
CLM-2025-00785,CNT-100785,CUST-53317,FL,Southeast,"$5,317.16 ",8/24/2025,8/26/2025,8/27/2025,10/3/2025,1,38,4,2.83,1,No,,High,ADJ-1073,Trainee,Team Beta,87.6,4.8
CLM-2025-00786,CNT-100786,CUST-22668,TX,South Central,"$3,198.51 ",2/17/2025,2/17/2025,2/19/2025,3/16/2025,2,27,7,4.73,0,No,No,Low,ADJ-1043,Senior,Team Gamma,90,5.7
CLM-2025-00787,CNT-100787,CUST-41038,CO,Mountain,"$5,401.76 ",8/2/2025,8/4/2025,8/6/2025,8/18/2025,2,14,3,2.00,N/A,Yes,No,Medium,ADJ-1061,Standard,Team Team West,92,6.6
CLM-2025-00788,CNT-100788,CUST-54233,WA,West,"$5,038.27 ",11/23/2025,11/24/2025,11/27/2025,12/15/2025,3,21,3,3.76,1,No,Yes,Medium,ADJ-1001,Standard,Team Beta,88.7,5.4
CLM-2025-00789,CNT-100789,CUST-23975,UT,Mountain,"$7,795.23 ",3/7/2025,3/7/2025,3/8/2025,3/26/2025,1,19,3,3.28,1,No,No,Medium,ADJ-1077,Trainee,Team Echo,87,7
CLM-2025-00790,CNT-100790,CUST-79762,GA,Southeast,"$1,245.74 ",,5/30/2025,6/1/2025,6/22/2025,2 days,23,2,2.50,1,No,No,Medium,ADJ-1061,Standard,Team SouthTeam West,93,8.2
CLM-2025-00791,CNT-100791,CUST-46575,NV,Southwest,"$15,879.00 ",6/21/2025,6/22/2025,6/23/2025,7/16/2025,1,24,4,1.23,0,No,No,Low,ADJ-1073,Trainee,Team Team Central,N/A,7.6
CLM-2025-00792,CNT-100792,CUST-73397,OR,West,"$2,226.46 ",1/17/2025,1/17/2025,1/20/2025,2/15/2025,3,29,4,3.66,0,No,Yes,High,ADJ-1019,Senior,Team Delta,89.1,4.7
CLM-2025-00793,CNT-100793,CUST-92195,TX,South Central,"$2,491.23 ",6/13/2025,6/15/2025,6/15/2025,,0,N/A,4,2.43,0,No,No,Medium,ADJ-1003,Senior,Team Team West,93.7,7.8
CLM-2025-00794,CNT-100794,CUST-33987,TX,South Central,"$32,055.47 ",10/9/2025,10/12/2025,10/12/2025,11/30/2025,0,49,7,5.18,2,No,No,Low,ADJ-1022,Specialist,Team Team West,97.6,6.1
CLM-2025-00795,CNT-100795,CUST-20712,FL,Southeast,$552.50 ,5/29/2025,6/1/2025,6/2/2025,6/30/2025,1,29,6,2.72,2,No,No,High,ADJ-1053,Senior,Team Gamma,90.7,6.1
CLM-2025-00796,CNT-100796,CUST-88906,TX,South Central,"$5,902.67 ",9/11/2025,9/13/2025,9/17/2025,9/26/2025,4,13,4,3.92,0,No,Yes,Low,ADJ-1002,Senior,Team Team Alpha,92.9,4.6
CLM-2025-00797,CNT-100797,CUST-61299,TX,South Central,"$1,154.33 ",8/1/2025,8/3/2025,8/5/2025,8/19/2025,6,16,3,3.38,1,No,No,Medium,ADJ-1035,Senior,Team Gamma,97,5.8
CLM-2025-00798,CNT-100798,CUST-40125,CA,West,"$22,481.27 ",3/17/2025,3/19/2025,3/20/2025,4/14/2025,1,26,2,2.35,0,No,No,Medium,ADJ-1062,Senior,Team Team West,98.1,6.6
CLM-2025-00799,CNT-100799,CUST-91789,FL,Southeast,"$5,396.53 ",11/27/2025,11/27/2025,11/28/2025,12/18/2025,1,21,5,N/A,2,No,Yes,High,ADJ-1042,Senior,Team Delta,84.4,5.2
CLM-2025-00800,CNT-100800,CUST-72635,FL,Southeast,$891.19 ,12/11/2025,12/13/2025,12/14/2025,12/26/2025,1,3,1,4.07,1,Yes,No,High,ADJ-1033,Senior,Team Delta,85.7,7.1
CLM-2025-00801,CNT-100801,CUST-12418,CA,West,"$2,694.52 ",4/4/2025,4/6/2025,4/8/2025,4/11/2025,2,5,3,4.31,0,No,No,Low,ADJ-1057,Standard,Team Team West,94.8,6.9
CLM-2025-00802,CNT-100802,CUST-94832,NM,Southwest,"$1,382.59 ",3/24/2025,3/27/2025,3/28/2025,4/17/2025,1,21,5,2.48,0,No,No,Medium,ADJ-1069,Standard,Team Gamma,92.3,6.8
CLM-2025-00803,CNT-100803,CUST-84024,OR,West,"$3,609.78 ",10/1/2025,10/2/2025,10/3/2025,10/30/2025,1,-28,2,,0,No,No,Low,ADJ-1060,Trainee,Team SouthTeam West,93.6,5.9
CLM-2025-00804,CNT-100804,CUST-14462,AZ,Southwest,"$19,508.61 ",2/9/2025,2/12/2025,2/13/2025,3/24/2025,1,N/A,4,2.99,0,No,No,Medium,ADJ-1012,Standard,Team Beta,97.4,6.2
CLM-2025-00805,CNT-100805,CUST-68291,CO,Mountain,$901.11 ,9/23/2025,10/1/2025,10/3/2025,10/9/2025,2,8,2,2.91,0,No,No,Medium,ADJ-1002,Standard,Team Team Central,95.9,7.8
CLM-2025-00806,CNT-100806,CUST-94517,CA,West,"$3,094.15 ",8/7/2025,8/8/2025,8/10/2025,8/29/2025,2,21,4,4.12,0,No,No,Low,ADJ-1017,Standard,Team Team West,96.8,6.1
CLM-2025-00807,CNT-100807,CUST-12829,CO,Mountain,"$4,414.57 ",12/11/2025,12/13/2025,12/17/2025,,4,32,6,4.49,1,No,No,High,ADJ-1039,Senior,Team Beta,86.7,6.1
CLM-2025-00808,CNT-100808,CUST-89340,CA,West,"$2,890.30 ",11/9/2025,11/10/2025,N/A,11/25/2025,1,15,4,4.47,0,No,No,Medium,ADJ-1051,Specialist,Team Team Central,88,5.5
CLM-2025-00809,CNT-100809,CUST-10930,NV,Southwest,($922.36),8/18/2025,8/23/2025,8/23/2025,8/26/2025,0,3,2,3.35,0,Yes,No,Low,ADJ-1035,Trainee,Team Beta,87.2,7.3
CLM-2025-00810,CNT-100810,CUST-72511,UT,Mountain,"$8,912.90 ",12/31/2025,1/3/2026,1/5/2026,3/5/2026,2,61,5,3.75,1,No,No,High,ADJ-1029,Trainee,Team SouthTeam West,88.2,7.1
CLM-2025-00811,CNT-100811,CUST-72819,CA,West,"$6,728.60 ",11/30/2025,12/1/2025,12/3/2025,1/2/2026,2,32,6,5.06,2,No,,Low,ADJ-1046,Specialist,Team Team West,100,5.8
CLM-2025-00812,CNT-100812,CUST-29096,NM,Southwest,$911.12 ,11/28/2025,,11/29/2025,12/1/2025,0,2,4,2.45,3,No,No,Moderate,ADJ-1027,Standard,Team Delta,100,6.8
CLM-2025-00813,CNT-100813,CUST-71205,FL,Southeast,"$6,117.87 ",11/3/2025,11/5/2025,11/9/2025,11/26/2025,4,21,4,2.60,0,Yes,No,Low,ADJ-1038,Specialist,Team Gamma,89,5.5
CLM-2025-00814,CNT-100814,CUST-39861,AZ,Southwest,"$8,642.21 ",2/5/2025,2/5/2025,2/8/2025,3/16/2025,-3,39,3,2.07,1,No,No,High,ADJ-1054,Standard,Team Team Alpha,94.7,6.8
CLM-2025-00815,CNT-100815,CUST-35832,CA,West,"$1,763.96 ",2/12/2025,2/15/2025,2/16/2025,3/2/2025,1,15,2,3.73,,No,No,Medium,ADJ-1046,Trainee,Team Team Central,93.9,7.9
CLM-2025-00816,CNT-100816,CUST-31907,IL,Midwest,"$27,350.84 ",11/9/2025,11/11/2025,11/15/2025,1/18/2026,4,68,9,5.04,1,Yes,Yes,High,ADJ-1032,Standard,Team Beta,86.1,3.9
CLM-2025-00817,CNT-100817,CUST-48341,TX,South Central,"$17,930.96 ",10/8/2025,10/9/2025,10/12/2025,11/3/2025,3,25,8,6.67,2,No,No,Low,ADJ-1046,Standard,Team Team Central,95.1,5.1
CLM-2025-00818,CNT-100818,CUST-14124,NV,Southwest,"$10,242.42 ",10/16/2025,10/18/2025,10/18/2025,12/3/2025,0,46,6,6.00,1,No,No,High,ADJ-1037,Senior,,90.6,6.3
CLM-2025-00819,CNT-100819,CUST-67593,IL,Midwest,"$7,409.14 ",5/27/2025,5/30/2025,5/30/2025,6/15/2025,0,16,1,0.20,0,No,No,Medium,ADJ-1042,Standard,Team Delta,90.8,8.3
CLM-2025-00820,CNT-100820,CUST-10429,WA,West,"$1,445.46 ",3/13/2025,3/13/2025,3/14/2025,3/27/2025,1 days,14,3,1.93,1,No,,High,ADJ-1060,Trainee,Team Gamma,89.7,7
CLM-2025-00821,CNT-100821,CUST-44778,CA,West,"($1,270.92)",3/1/2025,3/3/2025,3/6/2025,3/27/2025,3,24,4,5.13,2,Yes,No,,ADJ-1073,Trainee,Team Team West,84.7,4.5
CLM-2025-00822,CNT-100822,CUST-28667,CO,Mountain,"$2,017.12 ",,1/25/2025,1/26/2025,2/19/2025,1,25,5,1.86,0,No,No,Medium,ADJ-1061,Standard,Team Team West,94.9,8.7
CLM-2025-00823,CNT-100823,CUST-16814,CA,West,"$51,398.00 ",11/29/2025,11/30/2025,12/2/2025,1/26/2026,2,57,4,4.02,1,No,No,High,ADJ-1019,Specialist,Team Team West,95.6,5.8
CLM-2025-00824,CNT-100824,CUST-42017,IL,Midwest,"$38,515.60 ",3/29/2025,3/31/2025,3/31/2025,5/20/2025,0,50,4,3.31,0,No,No,Medium,ADJ-1066,Senior,Team SouthTeam West,95.8,7.1
CLM-2025-00825,CNT-100825,CUST-98789,IL,Midwest,"$2,600.54 ",10/12/2025,,10/16/2025,11/6/2025,2,28,2,3.60,0,No,No,Low,ADJ-1025,Standard,Team SouthTeam West,94.7,5.7
CLM-2025-00826,CNT-100826,CUST-17028,WA,West,$681.22 ,6/2/2025,N/A,6/7/2025,6/26/2025,2,21,5,2.83,0,No,No,Low,ADJ-1036,Standard,Team Delta,86.2,7.1
CLM-2025-00827,CNT-100827,CUST-99619,TX,South Central,"$2,012.86 ",1/21/2025,1/23/2025,1/25/2025,2/6/2025,-2,14,4,3.80,0,No,No,Medium,ADJ-1044,Senior,Team Delta,89.2,4.9
CLM-2025-00828,CNT-100828,CUST-58552,TX,South Central,$845.56 ,9/10/2025,9/10/2025,9/11/2025,9/22/2025,1,12,2,5.04,0,No,Yes,Low,ADJ-1057,Senior,Team Delta,93.5,6.1
CLM-2025-00829,CNT-100829,CUST-16740,IL,Midwest,"$2,982.12 ",2/20/2025,2/24/2025,2/25/2025,3/22/2025,1,26,5,2.49,0,No,No,Medium,ADJ-1026,Specialist,Team Team Central,96.3,7.9
CLM-2025-00325,CNT-100830,CUST-88876,IL,Midwest,"$2,748.59 ",10/19/2025,10/20/2025,10/20/2025,11/19/2025,0,30,3,3.10,0,No,No,medium,ADJ-1062,Senior,Team Gamma,97.5,7.7
CLM-2025-00831,CNT-100831,CUST-43014,IL,Midwest,"$4,554.00 ",2/12/2025,2/14/2025,2/15/2025,3/6/2025,1,20,5,0.20,0,No,No,medium,ADJ-1041,Specialist,Team Team West,89,8.8
CLM-2025-00832,CNT-100832,CUST-20555,WA,West,"$4,948.98 ",6/5/2025,6/9/2025,6/12/2025,7/5/2025,3,26,5,N/A,2,No,No,Medium,ADJ-1009,Standard,Team Beta,91,6.7
CLM-2025-00833,CNT-100833,CUST-54404,CO,Mountain,"$6,858.76 ",N/A,10/22/2025,10/24/2025,11/14/2025,2,23,3,4.05,0,No,No,Low,ADJ-1054,Senior,Team Echo,94.2,8.2
CLM-2025-00834,CNT-100834,CUST-77201,TX,South Central,"$1,396.33 ",8/8/2025,8/9/2025,8/13/2025,9/7/2025,4,29,4,3.20,0,No,No,Medium,ADJ-1055,Senior,Team SouthTeam West,92.6,5.9
CLM-2025-00835,CNT-100835,CUST-35082,CA,West,"$11,615.87 ",9/24/2025,9/25/2025,9/27/2025,11/12/2025,2,48,7,3.72,0,No,,High,ADJ-1038,Trainee,Team Echo,97.7,6.5
CLM-2025-00836,CNT-100836,CUST-21340,NV,Southwest,"$4,128.92 ",5/3/2025,5/7/2025,5/8/2025,5/24/2025,1,17,6,1.73,2,No,No,Medium,ADJ-1078,Standard,Team Team Alpha,93.7,8.1
CLM-2025-00837,CNT-100837,CUST-70811,UT,Mountain,"$4,302.42 ",11/17/2025,11/17/2025,11/17/2025,12/11/2025,0,24,5,3.96,2,No,No,High,ADJ-1062,Senior,Team Beta,91.6,9.5
CLM-2025-00838,CNT-100838,CUST-93439,GA,Southeast,"$1,176.04 ",3/6/2025,3/7/2025,3/7/2025,3/25/2025,0,18,3,2.87,1,No,No,Medium,ADJ-1055,Senior,Team Team Alpha,100,6.6
CLM-2025-00839,CNT-100839,CUST-74446,TX,South Central,"$1,983.72 ",12/9/2025,12/9/2025,12/10/2025,12/10/2025,1,1,5,6.74,1,,Yes,Low,ADJ-1035,Trainee,Team Gamma,92,5.2
CLM-2025-00840,CNT-100840,CUST-10737,GA,Southeast,$532.00 ,1/27/2025,1/31/2025,2/2/2025,2/1/2025,2,1,5,2.63,2,No,No,High,ADJ-1034,Standard,Team Team Alpha,93.6,8
CLM-2025-00809,CNT-100841,CUST-78883,FL,Southeast,"$15,968.03 ",12/21/2025,12/25/2025,12/22/2025,1/27/2026,-3,33,4,3.05,1,No,No,Low,ADJ-1039,Standard,Team SouthTeam West,100,6.1
CLM-2025-00842,CNT-100842,CUST-19067,AZ,Southwest,"$2,342.58 ",9/5/2025,9/7/2025,9/8/2025,9/14/2025,1,,2,2.50,0,No,No,Medium,ADJ-1063,Trainee,Team Delta,91.4,9.2
CLM-2025-00843,CNT-100843,CUST-29764,AZ,Southwest,"$7,331.93 ",4/7/2025,4/7/2025,4/9/2025,5/8/2025,2,31,4,2.57,0,,Yes,Medium,ADJ-1064,Senior,Team Team Alpha,82.6,5.9
CLM-2025-00844,CNT-100844,CUST-50264,IL,Midwest,"$2,165.10 ",6/15/2025,6/17/2025,6/18/2025,7/1/2025,1,14,2,2.07,1,Yes,No,Low,ADJ-1077,Trainee,Team Gamma,89,7
CLM-2025-00845,CNT-100845,CUST-76841,CA,West,"$7,925.26 ",7/10/2025,7/10/2025,7/14/2025,7/30/2025,4,20,3,3.55,2,No,Yes,Medium,ADJ-1001,Standard,Team SouthTeam West,90.6,6.2
CLM-2025-00846,CNT-100846,CUST-73211,CO,Mountain,"$6,710.50 ",4/13/2025,4/13/2025,4/15/2025,4/26/2025,2,13,2,1.98,0,,No,Low,ADJ-1008,Trainee,Team Echo,93.4,6.8
CLM-2025-00847,CNT-100847,CUST-74485,NV,Southwest,"$2,112.10 ",12/4/2025,12/6/2025,12/8/2025,12/14/2025,2,8,,2.32,0,No,No,Moderate,ADJ-1039,Trainee,Team SouthTeam West,88.8,6.1
CLM-2025-00848,CNT-100848,CUST-58661,UT,Mountain,"$2,064.00 ",8/11/2025,8/11/2025,8/12/2025,8/26/2025,1,15,2,1.54,0,No,Yes,Low,ADJ-1053,Standard,Team Team West,86.6,6.2
CLM-2025-00849,CNT-100849,CUST-28100,WA,West,"$9,212.17 ",3/20/2025,3/20/2025,3/22/2025,4/28/2025,2,39,3,2.93,1,No,No,High,ADJ-1032,Senior,Team Gamma,93.1,6.2
CLM-2025-00850,CNT-100850,CUST-95062,UT,Mountain,"$1,601.75 ",3/30/2025,3/30/2025,4/1/2025,4/8/2025,2,9,5,1.40,1,No,No,Medium,ADJ-1029,Trainee,,100,7.4
CLM-2025-00851,CNT-100851,CUST-53882,GA,Southeast,"$8,627.58 ",1/20/2025,1/20/2025,1/22/2025,3/6/2025,2,45,5,3.89,1,No,No,High,ADJ-1020,Standard,Team Gamma,95.1,6.1
CLM-2025-00852,CNT-100852,CUST-84502,IL,Midwest,"$1,187.00 ",3/4/2025,3/6/2025,3/6/2025,3/7/2025,0,1,1,1.56,0,No,No,Medium,ADJ-1013,Standard,Team Team West,93.9,7.9
CLM-2025-00853,CNT-100853,CUST-76620,AZ,Southwest,"$2,429.02 ",12/26/2025,12/29/2025,12/30/2025,1/2/2026,1,4,3,4.10,1,Yes,No,Low,ADJ-1077,Trainee,Team Team West,92.3,6.4
CLM-2025-00854,CNT-100854,CUST-23417,FL,Southeast,"$3,502.55 ",6/30/2025,7/1/2025,7/1/2025,7/14/2025,0,13,2,2.14,2,No,No,High,ADJ-1020,Senior,Team Beta,100,8.4
CLM-2025-00855,CNT-100855,CUST-41082,FL,Southeast,"$6,794.38 ",6/27/2025,6/30/2025,7/2/2025,7/23/2025,2,23,5,3.78,1,No,Yes,Medium,ADJ-1019,Standard,Team Echo,85.4,6.2
CLM-2025-00856,CNT-100856,CUST-73916,TX,South Central,"$1,461.18 ",5/7/2025,5/8/2025,5/8/2025,6/4/2025,4,N/A,7,4.01,2,No,No,High,ADJ-1033,Senior,Team Beta,N/A,6.8
CLM-2025-00857,CNT-100857,CUST-91929,AZ,Southwest,"($5,200.38)",8/26/2025,8/30/2025,8/31/2025,9/23/2025,1,19,2,2.48,1,No,No,Low,ADJ-1059,Standard,Team Team Alpha,91.3,6
CLM-2025-00858,CNT-100858,CUST-54573,NM,Southwest,"$9,076.72 ",11/2/2025,11/2/2025,11/4/2025,12/11/2025,-2,44,4,4.03,0,Yes,No,Medium,ADJ-1054,Senior,Team Team West,88.3,7.7
CLM-2025-00859,CNT-100859,CUST-16424,GA,Southeast,,1/29/2025,1/31/2025,1/31/2025,2/17/2025,-3,-17,4,4.99,0,No,No,Medium,ADJ-1006,Senior,Team Delta,93.5,7.3
CLM-2025-00860,CNT-100860,CUST-81750,CA,West,"$9,010.84 ",,10/12/2025,10/15/2025,11/27/2025,3,46,8,4.40,1,No,No,Medium,ADJ-1052,Standard,Team Delta,88.4,4.5
CLM-2025-00861,CNT-100861,CUST-44669,IL,Midwest,"$48,955.61 ",1/3/2025,1/6/2025,1/7/2025,,1,63,5,1.97,1,No,No,Medium,ADJ-1011,Standard,Team Team Central,81.3,4.5
CLM-2025-00862,CNT-100862,CUST-81201,UT,Mountain,"$15,721.64 ",5/27/2025,5/27/2025,5/30/2025,7/17/2025,3,51,8,3.50,0,No,No,High,ADJ-1027,Standard,Team SouthTeam West,86.8,6.2
CLM-2025-00863,CNT-100863,CUST-60236,IL,Midwest,"$4,747.43 ",7/5/2025,7/8/2025,7/10/2025,7/21/2025,2,13,2,2.79,N/A,Yes,No,Low,ADJ-1069,Standard,Team Gamma,85.7,11
CLM-2025-00864,CNT-100864,CUST-75098,IL,Midwest,"$65,494.39 ",7/24/2025,7/27/2025,7/27/2025,9/15/2025,0,50,7,3.84,1,No,No,Medium,ADJ-1028,Standard,Team Team West,93.3,7.4
CLM-2025-00865,CNT-100865,CUST-39517,CA,West,"$10,163.08 ",5/7/2025,5/7/2025,5/8/2025,6/19/2025,1,43,7,5.62,1,No,No,High,ADJ-1024,Standard,Team Gamma,90.7,6
CLM-2025-00866,CNT-100866,CUST-53536,AZ,Southwest,"$1,810.05 ",7/6/2025,7/8/2025,7/8/2025,7/16/2025,0,8,1,1.87,0,No,No,Moderate,ADJ-1030,Senior,Team Beta,97.2,7.6
CLM-2025-00867,CNT-100867,CUST-62510,TX,South Central,"$3,394.40 ",5/3/2025,,5/7/2025,5/16/2025,1,5,3,4.96,1,No,No,Low,ADJ-1025,Trainee,Team Beta,91.6,6.5
CLM-2025-00868,CNT-100868,CUST-30182,FL,Southeast,"$60,103.19 ",4/22/2025,4/22/2025,4/23/2025,6/16/2025,1,55,9,2.65,2,Yes,No,Medium,ADJ-1013,Standard,Team Delta,82.7,5.6
CLM-2025-00869,CNT-100869,CUST-68312,GA,Southeast,"$2,866.51 ",4/27/2025,4/29/2025,4/30/2025,5/21/2025,N/A,17,1,2.49,0,No,No,Low,ADJ-1072,Senior,Team Team Central,94.2,6.9
CLM-2025-00870,CNT-100870,CUST-24929,TX,South Central,"$5,219.61 ",2/14/2025,2/19/2025,2/21/2025,3/30/2025,2,39,5,3.60,1,,No,Medium,ADJ-1032,Standard,Team Team Alpha,98.6,5.3
CLM-2025-00871,CNT-100871,CUST-74840,FL,Southeast,"$3,304.87 ",1/3/2025,1/3/2025,1/6/2025,1/17/2025,1,14,3,2.18,0,No,No,Low,ADJ-1002,Senior,Team SouthTeam West,94.3,5.3
CLM-2025-00872,CNT-100872,CUST-30361,CA,West,"$37,241.17 ",11/25/2025,11/25/2025,,1/30/2026,N/A,66,9,5.11,1,No,No,High,ADJ-1006,Standard,Team Team Alpha,92.2,5.2
CLM-2025-00873,CNT-100873,CUST-29829,NV,Southwest,"$1,030.82 ",12/20/2025,12/23/2025,12/24/2025,1/9/2026,1,17,3,2.45,0,Yes,No,High,ADJ-1052,Senior,Team Beta,80.5,7.2
CLM-2025-00874,CNT-100874,CUST-45166,AZ,Southwest,$908.44 ,1/13/2025,1/16/2025,1/18/2025,2/7/2025,2,22,2,1.68,0,No,No,Medium,ADJ-1061,Senior,Team Echo,93.4,8.9
CLM-2025-00875,CNT-100875,CUST-94381,CO,Mountain,"$9,380.19 ",11/20/2025,11/24/2025,11/25/2025,,1,29,7,4.96,1,No,No,High,ADJ-1054,Standard,Team Team Alpha,95.7,7.7
CLM-2025-00876,CNT-100876,CUST-24316,NM,Southwest,"$6,312.94 ",12/31/2025,12/31/2025,1/4/2026,1/30/2026,4,30,4,,0,No,No,Low,ADJ-1021,Specialist,Team Team Alpha,97.6,4.7
CLM-2025-00877,CNT-100877,CUST-65651,TX,South Central,"$5,259.89 ",9/8/2025,9/9/2025,9/13/2025,10/14/2025,4,-35,5,5.12,1,No,No,High,ADJ-1058,Senior,Team Beta,87.9,5.3
CLM-2025-00878,CNT-100878,CUST-41356,AZ,Southwest,"$12,763.15 ",2/18/2025,2/22/2025,2/22/2025,4/3/2025,0,40,3,1.09,0,No,No,Low,ADJ-1047,Trainee,Team Team Alpha,94.9,7.3
CLM-2025-00879,CNT-100879,CUST-52762,TX,South Central,"$4,044.54 ",6/9/2025,6/9/2025,6/12/2025,7/2/2025,N/A,23,4,5.32,2,No,No,Low,ADJ-1038,Specialist,Team Team Alpha,93.4,5.2
CLM-2025-00880,CNT-100880,CUST-61428,AZ,Southwest,"$1,542.19 ",3/29/2025,3/29/2025,3/29/2025,4/3/2025,0,5,4,,1,No,No,Low,ADJ-1006,Senior,Team Team Alpha,94,7.5
CLM-2025-00091,CNT-100881,CUST-43641,NV,Southwest,"$43,751.28 ",3/17/2025,3/21/2025,3/22/2025,3/16/2025,1,-5,5,1.94,2,Yes,No,Low,ADJ-1028,Trainee,Team Beta,91.2,4.8
CLM-2025-00882,CNT-100882,CUST-15948,NM,Southwest,$590.28 ,8/28/2025,8/30/2025,8/31/2025,9/3/2025,1,4,2,2.04,0,No,No,Medium,ADJ-1064,Standard,Team SouthTeam West,94.8,7.6
CLM-2025-00883,CNT-100883,CUST-40948,CO,Mountain,"$2,557.33 ",6/28/2025,7/2/2025,7/3/2025,,1,17,1,3.10,1,No,No,Low,ADJ-1063,Senior,Team Team West,95,6.9
CLM-2025-00884,CNT-100884,CUST-67240,NV,Southwest,"$5,674.80 ",6/2/2025,6/4/2025,6/5/2025,13/32/2025,1,23,1,2.39,0,No,No,Low,ADJ-1064,Senior,Team SouthTeam West,91,7.3
CLM-2025-00885,CNT-100885,CUST-48589,CA,Unknown,$992.78 ,12/1/2025,12/3/2025,12/6/2025,1/10/2026,3,38,N/A,5.10,2,No,No,High,ADJ-1044,Standard,Team Delta,91.8,4.9
CLM-2025-00886,CNT-100886,CUST-66338,WA,West,"$72,894.79 ",11/2/2025,11/2/2025,11/5/2025,1/4/2026,3,63,6,3.61,1,No,No,High,ADJ-1041,Standard,Team SouthTeam West,91.7,5.1
CLM-2025-00887,CNT-100887,CUST-81256,AZ,Southwest,"$1,828.67 ",9/24/2025,N/A,9/27/2025,10/1/2025,3,5,1,2.69,0,No,,Medium,ADJ-1002,Senior,Team Team West,100,5.9
CLM-2025-00888,CNT-100888,CUST-12274,AZ,Southwest,,9/8/2025,9/8/2025,9/10/2025,10/23/2025,2,-45,7,3.65,2,No,Yes,High,ADJ-1076,Senior,Team Team Central,85.1,5.1
CLM-2025-00889,CNT-100889,CUST-42618,NM,Southwest,$783.53 ,10/13/2025,10/13/2025,10/15/2025,13/32/2025,2,17,2,3.83,0,Yes,No,Low,ADJ-1048,Senior,Team Beta,86.7,6.5
CLM-2025-00890,CNT-100890,CUST-71337,GA,Southeast,"$5,784.66 ",11/2/2025,11/4/2025,11/7/2025,12/12/2025,3,38,4,3.81,1,No,No,High,ADJ-1006,Standard,Team Team Alpha,82.5,5
CLM-2025-00891,CNT-100891,CUST-44478,NM,Southwest,"$14,304.02 ",8/13/2025,8/15/2025,8/17/2025,9/24/2025,2,40,4,2.40,0,No,Yes,Low,ADJ-1027,Specialist,Team Beta,105,7.9
CLM-2025-00892,CNT-100892,CUST-39570,GA,Southeast,"$2,929.55 ",11/19/2025,11/21/2025,11/21/2025,12/16/2025,0 days,25,3,3.74,1,No,No,Medium,ADJ-1032,Standard,Team Team West,86.8,5.9
CLM-2025-00893,CNT-100893,CUST-17860,UT,Mountain,"$18,963.26 ",5/20/2025,5/21/2025,5/21/2025,6/26/2025,0,36,4,2.22,1,No,No,Medium,ADJ-1070,Specialist,Team Beta,94.9,7
CLM-2025-00894,CNT-100894,CUST-61027,OR,West,"$1,297.85 ",10/13/2025,10/15/2025,10/17/2025,10/29/2025,2,14,3,4.15,0,No,No,Medium,ADJ-1027,Senior,Team Echo,100,7.4
CLM-2025-00895,CNT-100895,CUST-24045,AZ,Southwest,"$42,666.31 ",,10/27/2025,10/30/2025,1/11/2026,3,76,9,6.22,3,No,No,High,ADJ-1018,Standard,Team Team Central,93,3.6
CLM-2025-00896,CNT-100896,CUST-33680,WA,West,"$7,168.79 ",6/24/2025,6/24/2025,6/24/2025,7/16/2025,0,22,2,1.70,0,Yes,No,Medium,ADJ-1038,Senior,Team Delta,88.3,8.5
CLM-2025-00897,CNT-100897,CUST-96539,FL,Southeast,"$17,362.26 ",,,3/26/2025,5/5/2025,0,40,5,3.49,,No,No,Medium,ADJ-1047,Senior,Team Gamma,99.8,7.3
CLM-2025-00898,CNT-100898,CUST-21135,WA,West,"$2,941.33 ",3/24/2025,3/26/2025,3/28/2025,4/16/2025,2,21,2,1.20,0,Yes,No,Medium,ADJ-1024,Standard,Team Team Central,88.8,8
CLM-2025-00899,CNT-100899,CUST-29180,TX,South Central,"$43,587.92 ",3/2/2025,3/6/2025,3/11/2025,5/17/2025,5,N/A,9,4.63,2,Yes,,High,ADJ-1003,Senior,Team Echo,77.6,3.6
CLM-2025-00900,CNT-100900,CUST-90432,GA,Southeast,"$44,464.32 ",2/1/2025,,2/7/2025,4/10/2025,2,64,7,3.34,0,,No,Medium,ADJ-1014,Senior,Team Team Alpha,94,6.6
CLM-2025-00901,CNT-100901,CUST-67736,NV,Southwest,"$7,113.18 ",11/16/2025,11/17/2025,11/18/2025,12/9/2025,1,22,5,4.11,1,No,No,Medium,ADJ-1079,Trainee,Team SouthTeam West,98.4,4.5
CLM-2025-00902,CNT-100902,CUST-67165,AZ,Southwest,"$8,231.51 ",12/3/2025,12/3/2025,12/5/2025,1/6/2026,2,34,2,2.88,1,No,No,Medium,ADJ-1070,Standard,Team Delta,91.4,4.7
CLM-2025-00903,CNT-100903,CUST-15844,IL,Midwest,"$3,218.46 ",8/21/2025,8/22/2025,8/23/2025,9/24/2025,,33,4,4.07,1,No,No,Medium,ADJ-1067,Standard,Team Beta,90.9,6.4
CLM-2025-00904,CNT-100904,CUST-12975,UT,Mountain,"$7,600.86 ",4/16/2025,4/19/2025,4/21/2025,5/25/2025,2,36,4,2.56,0,No,Yes,Low,ADJ-1047,Senior,Team Team Alpha,92.7,5.9
CLM-2025-00905,CNT-100905,CUST-96689,CA,West,"$1,592.49 ",8/16/2025,8/18/2025,8/20/2025,8/26/2025,2,8,3,2.96,0,No,Yes,Low,ADJ-1060,Senior,Team Delta,94.9,6.4
CLM-2025-00906,CNT-100906,CUST-86892,AZ,Southwest,"$5,219.72 ",12/10/2025,12/15/2025,12/17/2025,1/10/2026,2,26,3,3.25,0,No,No,Medium,ADJ-1038,Standard,Team Beta,95.7,6.3
CLM-2025-00907,CNT-100907,CUST-59442,TX,South Central,"$2,417.71 ",6/21/2025,6/26/2025,6/29/2025,7/16/2025,3,20,5,3.59,0,No,Yes,Low,ADJ-1052,Trainee,Team SouthTeam West,87.6,5.5
CLM-2025-00908,CNT-100908,CUST-97726,FL,Southeast,$496.10 ,1/1/2025,1/1/2025,1/1/2025,1/21/2025,0,20,2,1.49,2,No,Yes,Medium,ADJ-1041,Standard,Team Echo,89.5,8
CLM-2025-00909,CNT-100909,CUST-86354,OR,West,,1/25/2025,1/28/2025,1/29/2025,2/23/2025,1,26,5,4.40,0,No,No,Low,ADJ-1066,Standard,Team Team West,89.2,5.7
CLM-2025-00910,CNT-100910,CUST-85125,FL,Southeast,"$7,949.92 ",5/13/2025,5/17/2025,5/20/2025,6/16/2025,3,30,4,3.83,1,No,No,High,ADJ-1019,Standard,Team Beta,91.1,5.2
CLM-2025-00911,CNT-100911,CUST-59339,TX,South Central,"$31,081.42 ",7/20/2025,7/20/2025,,9/20/2025,3,62,9,5.83,0,No,No,Low,ADJ-1028,Senior,Team Echo,88.7,3.4
CLM-2025-00912,CNT-100912,CUST-69316,NV,Southwest,"$1,253.27 ",7/27/2025,7/27/2025,7/27/2025,8/11/2025,0,15,3,2.42,0,No,No,Medium,ADJ-1005,Standard,Team Echo,95.8,8.1
CLM-2025-00913,CNT-100913,CUST-35598,WA,West,"$3,388.87 ",8/15/2025,8/15/2025,8/15/2025,9/5/2025,-2,N/A,3,2.17,1,No,Yes,Medium,ADJ-1007,Trainee,Team Beta,91.4,7.5
CLM-2025-00914,CNT-100914,CUST-10637,AZ,Southwest,"$6,916.88 ",9/7/2025,9/9/2025,9/9/2025,9/29/2025,0,20,3,3.85,1,No,No,High,ADJ-1029,Standard,Team Beta,88.9,5.7
CLM-2025-00915,CNT-100915,CUST-99724,FL,Southeast,N/A,7/27/2025,7/31/2025,8/1/2025,8/24/2025,1,24,5,3.41,0,No,No,Medium,ADJ-1032,Trainee,Team Delta,94.2,7.3
CLM-2025-00916,CNT-100916,CUST-16755,IL,Midwest,"$4,192.36 ",7/15/2025,7/15/2025,7/17/2025,8/9/2025,2,25,2,,0,No,No,Medium,ADJ-1072,Senior,Team Gamma,94.1,6
CLM-2025-00917,CNT-100917,CUST-28782,GA,Southeast,"$5,323.86 ",3/4/2025,3/4/2025,3/6/2025,4/1/2025,2,28,2,0.69,0,No,Yes,Low,ADJ-1075,Trainee,Team SouthTeam West,91.9,6.7
CLM-2025-00918,CNT-100918,CUST-49654,AZ,Southwest,"$1,786.46 ",10/28/2025,10/30/2025,10/31/2025,11/12/2025,1,13,2,3.80,0,No,No,Low,ADJ-1062,Trainee,Team Team West,97,7
CLM-2025-00919,CNT-100919,CUST-64445,TX,South Central,"$4,331.84 ",4/4/2025,4/7/2025,4/10/2025,5/11/2025,3,34,6,5.06,1,No,No,Medium,ADJ-1044,Senior,Team Team Alpha,90.7,5.8
CLM-2025-00920,CNT-100920,CUST-73676,CO,Mountain,"$41,607.90 ",11/16/2025,11/17/2025,11/18/2025,1/16/2026,1,60,8,5.30,0,No,No,Low,ADJ-1047,Senior,Team Team Central,91,5.9
CLM-2025-00921,CNT-100921,CUST-31117,WA,West,$946.60 ,9/27/2025,9/27/2025,9/29/2025,9/30/2025,2,3,2,2.55,0,No,No,Low,ADJ-1002,Standard,Team Delta,100,6.7
CLM-2025-00922,CNT-100922,CUST-53844,WA,West,"$3,541.00 ",7/20/2025,7/20/2025,7/22/2025,8/10/2025,2,21,,1.31,1,No,No,Low,ADJ-1041,Senior,Team Echo,98.7,9.1
CLM-2025-00923,CNT-100923,CUST-23723,CA,West,"$4,966.20 ",9/6/2025,9/7/2025,9/8/2025,9/21/2025,1,14,3,3.83,0,No,No,Medium,ADJ-1066,Trainee,Team Delta,99.6,7.6
CLM-2025-00924,CNT-100924,CUST-81569,FL,Southeast,"$3,131.59 ",8/8/2025,8/10/2025,8/14/2025,9/1/2025,4,22,3,2.39,0,No,No,LOW,ADJ-1036,Standard,Team Delta,86.2,
CLM-2025-00925,CNT-100925,CUST-16081,CO,Mountain,"$7,641.96 ",6/15/2025,6/18/2025,6/19/2025,7/23/2025,1,35,3,3.01,2,No,No,Medium,ADJ-1057,Trainee,Team Team Central,94.1,5.9
CLM-2025-00926,CNT-100926,CUST-84347,CA,West,"$1,009.37 ",10/28/2025,11/4/2025,11/8/2025,10/30/2025,4,-5,4,5.28,0,Yes,Yes,Medium,ADJ-1015,Senior,Team Echo,83.3,4.3
CLM-2025-00927,CNT-100927,CUST-96762,CA,West,"$24,965.10 ",4/13/2025,4/16/2025,4/21/2025,6/7/2025,5,52,5,3.70,1,No,,Medium,ADJ-1069,Senior,Team Team West,90.7,5.5
CLM-2025-00928,CNT-100928,CUST-28302,TX,South Central,"$2,640.00 ",5/13/2025,5/14/2025,5/15/2025,6/6/2025,1,23,4,5.42,0,No,No,Low,ADJ-1070,Standard,Team Gamma,100,11
CLM-2025-00929,CNT-100929,CUST-66110,TX,South Central,"$1,084.07 ",1/17/2025,1/17/2025,1/18/2025,1/18/2025,1,1,1,5.11,1,No,No,Low,ADJ-1020,Standard,Team Beta,98.2,7.2
CLM-2025-00930,CNT-100930,CUST-18087,CA,West,"$6,920.29 ",10/24/2025,10/28/2025,10/29/2025,12/4/2025,-1,-37,7,3.76,2,Yes,Yes,High,ADJ-1060,Trainee,Team Beta,83.9,5.5
CLM-2025-00931,CNT-100931,CUST-94127,OR,West,"$1,008.31 ",10/8/2025,N/A,10/11/2025,10/16/2025,0,5,1,1.96,0,No,No,Moderate,ADJ-1046,Standard,Team SouthTeam West,92.2,8.8
CLM-2025-00932,CNT-100932,CUST-13415,TX,South Central,"$7,101.36 ",10/22/2025,10/25/2025,10/27/2025,11/19/2025,2,25,6,6.37,0,Yes,No,Medium,ADJ-1023,Standard,Team Beta,88,3.9
CLM-2025-00933,CNT-100933,CUST-63367,TX,South Central,"$9,816.48 ",9/30/2025,10/1/2025,10/4/2025,11/7/2025,3,37 days,8,6.10,2,No,No,High,ADJ-1013,Senior,Team SouthTeam West,89.8,5.2
CLM-2025-00934,CNT-100934,CUST-59378,GA,Southeast,"$50,070.05 ",7/28/2025,8/1/2025,8/3/2025,10/8/2025,-2,68,6,3.38,0,No,No,High,ADJ-1014,Specialist,Team Delta,94.9,6.2
CLM-2025-00935,CNT-100935,CUST-61782,UT,Mountain,"$1,278.40 ",1/12/2025,1/13/2025,1/15/2025,1/22/2025,2,9,5,3.55,1,No,No,Low,ADJ-1039,Standard,Team Gamma,97.6,4.9
CLM-2025-00936,CNT-100936,CUST-58039,GA,Southeast,"$5,383.93 ",5/17/2025,5/18/2025,5/19/2025,6/14/2025,1,27,2,3.97,0,No,,High,ADJ-1005,Standard,Team Delta,89.1,7.7
CLM-2025-00937,CNT-100937,CUST-87215,IL,Midwest,"$1,862.80 ",5/19/2025,5/20/2025,5/22/2025,6/5/2025,2,16,4,1.27,0,No,No,Low,ADJ-1019,Specialist,Team Delta,90,8.1
CLM-2025-00938,CNT-100938,CUST-45553,TX,South Central,"$1,148.69 ",4/5/2025,4/6/2025,4/10/2025,4/23/2025,N/A,17,4,5.63,0,No,No, Medium ,ADJ-1029,Standard,Team Beta,97.1,5.7
CLM-2025-00939,CNT-100939,CUST-39587,UT,Mountain,"$2,727.92 ",5/13/2025,5/17/2025,5/20/2025,6/15/2025,3,29,3,2.12,0,No,Yes,Medium,ADJ-1024,Senior,Team Delta,,
CLM-2025-00940,CNT-100940,CUST-32092,NV,,"$1,809.46 ",7/8/2025,7/8/2025,7/8/2025,7/19/2025,0,-11,1,2.73,2,No,No,Medium,ADJ-1054,Specialist,Team Team West,87.3,6.3
CLM-2025-00941,CNT-100941,CUST-34425,OR,West,"$1,880.46 ",5/16/2025,5/19/2025,5/20/2025,6/10/2025,1,22,5,3.38,0,No,No,Medium,ADJ-1001,Standard,Team Delta,95.1,6.9
CLM-2025-00942,CNT-100942,CUST-83026,GA,Southeast,"($1,217.15)",11/21/2025,11/24/2025,11/27/2025,12/16/2025,3,22,3,4.29,N/A,,No,High,ADJ-1039,Trainee,Team Echo,87.4,6.8
CLM-2025-00943,CNT-100943,CUST-43777,UT,Mountain,"$1,995.47 ",12/30/2025,12/30/2025,1/1/2026,2/5/2026,2,37,3,2.87,1,No,No,High,ADJ-1060,Trainee,Team Team West,,8
CLM-2025-00944,CNT-100944,CUST-12743,TX,South Central,"$2,485.37 ",3/26/2025,3/27/2025,3/29/2025,4/2/2025,2,6,2,,1,No,No,Medium,ADJ-1004,Senior,Team Gamma,87.8,5.9
CLM-2025-00945,CNT-100945,CUST-32903,AZ,Southwest,"$2,155.63 ",11/6/2025,11/9/2025,11/12/2025,11/14/2025,3,5,1,2.57,0,No,,Medium,ADJ-1080,Standard,Team Echo,83.8,6.7
CLM-2025-00946,CNT-100946,CUST-57116,CO,Mountain,"$5,399.93 ",9/8/2025,9/10/2025,9/12/2025,9/25/2025,2 days,15,3,1.80,0,No,No,Medium,ADJ-1055,Standard,Team Delta,91.3,6.9
CLM-2025-00947,CNT-100947,CUST-24640,OR,West,"$5,490.28 ",,8/20/2025,8/21/2025,9/7/2025,1,18 days,1,0.94,0,No,No,Low,ADJ-1008,Standard,Team Delta,97.5,
CLM-2025-00752,CNT-100948,CUST-94582,AZ,Southwest,"$2,236.62 ",3/30/2025,4/1/2025,4/3/2025,5/2/2025,2,31,4,1.90,1,No,No,High,ADJ-1080,Standard,Team Echo,88.1,8
CLM-2025-00949,CNT-100949,CUST-14964,GA,Southeast,"$1,625.65 ",10/26/2025,10/26/2025,10/26/2025,11/16/2025,0,21,2,3.31,1,No,No,High,ADJ-1061,Senior,Team Team Central,90.5,9.6
CLM-2025-00950,CNT-100950,CUST-62833,AZ,Southwest,"$1,636.28 ",8/4/2025,8/7/2025,8/9/2025,8/10/2025,2,3,1,2.56,0,No,No,Medium,ADJ-1011,Standard,Team Beta,100,7.2
CLM-2025-00951,CNT-100951,CUST-46095,CA,West,,1/3/2025,1/3/2025,1/6/2025,2/3/2025,3,31,6,5.12,1,No,Yes,Medium,ADJ-1004,Specialist,Team Beta,87.7,3.6
CLM-2025-00952,CNT-100952,CUST-26230,NV,Southwest,"$6,599.62 ",5/27/2025,5/29/2025,5/30/2025,6/15/2025,1,17,3,3.71,1,No,No,High,ADJ-1031,Specialist,,92,6
CLM-2025-00953,CNT-100953,CUST-70278,GA,Southeast,"$1,522.35 ",7/17/2025,7/19/2025,7/20/2025,7/20/2025,1,1 days,3,3.83,1,No,No,Low,ADJ-1075,Trainee,Team Delta,89.4,7.3
CLM-2025-00954,CNT-100954,CUST-29557,GA,Southeast,$647.16 ,4/17/2025,4/23/2025,4/25/2025,5/13/2025,2,20,4,3.52,1,No,No,High,ADJ-1009,Standard,Team SouthTeam West,97.3,6.5
CLM-2025-00955,CNT-100955,CUST-57908,AZ,Southwest,"$2,076.11 ",2/2/2025,2/4/2025,2/5/2025,2/10/2025,1,6,3,3.09,0,No,No,Low,ADJ-1074,Trainee,Team SouthTeam West,90.8,7
CLM-2025-00956,CNT-100956,CUST-28139,TX,South Central,"$9,892.11 ",5/25/2025,5/26/2025,5/27/2025,6/28/2025,1,33,6,3.77,0,No,No,Low,ADJ-1053,Specialist,Team Team Central,88.2,5.6
CLM-2025-00957,CNT-100957,CUST-20169,IL,Midwest,"$4,297.49 ",11/1/2025,11/1/2025,11/2/2025,11/17/2025,1,16 days,3,4.08,1,No,No,Medium,ADJ-1050,Standard,Team Team Alpha,91.4,8.3
CLM-2025-00958,CNT-100958,CUST-52212,NV,Southwest,"$2,184.58 ",6/22/2025,,6/23/2025,7/1/2025,0,8,3,2.76,2,No,No,High,ADJ-1046,Standard,Team Delta,93.2,7.6
CLM-2025-00959,CNT-100959,CUST-35847,TX,South Central,$881.81 ,11/28/2025,11/29/2025,12/1/2025,12/6/2025,2,7,5,4.79,3,No,No,Low,ADJ-1007,Specialist,Team Gamma,91.9,5.4
CLM-2025-00960,CNT-100960,CUST-23486,CA,West,"$3,285.89 ",2/2/2025,2/4/2025,2/6/2025,3/2/2025,N/A,26,3,3.16,0,No,No,Medium,ADJ-1036,Standard,Team Delta,95.1,7
CLM-2025-00961,CNT-100961,CUST-21485,TX,South Central,$609.82 ,7/14/2025,7/15/2025,7/17/2025,8/8/2025,2,24,6,5.57,1,No,No,High,ADJ-1063,Standard,Team Team Alpha,97.3,5.2
CLM-2025-00962,CNT-100962,CUST-79353,AZ,Southwest,"$1,683.08 ",,6/4/2025,6/6/2025,6/21/2025,2,17,3,1.54,0,No,No,High,ADJ-1066,Trainee,Team Team Central,93.7,8.7
CLM-2025-00963,CNT-100963,UNKNOWN,TX,South Central,"$2,888.10 ",9/29/2025,9/29/2025,10/4/2025,11/1/2025,5,33,2,6.11,1,No,No, Low ,ADJ-1048,Standard,Team Team Alpha,89,3.9
CLM-2025-00964,CNT-100964,CUST-74473,CO,Mountain,$672.94 ,3/30/2025,13/32/2025,4/1/2025,4/13/2025,0,12,1,1.25,0,No,No,Medium,ADJ-1028,Specialist,Team Beta,97.8,9.3
CLM-2025-00965,CNT-100965,CUST-55441,CA,West,"$2,224.11 ",5/30/2025,6/2/2025,6/2/2025,6/10/2025,0,8,3,3.67,0,No,No,Medium,ADJ-1007,Standard,Team Gamma,95.7,7.4
CLM-2025-00966,CNT-100966,CUST-27780,GA,Southeast,"$3,269.56 ",3/20/2025,3/21/2025,3/22/2025,4/12/2025,1,22,3,2.57,1,Yes,No,,ADJ-1072,Standard,Team Team Alpha,89.7,5.8
CLM-2025-00967,CNT-100967,CUST-64853,FL,Southeast,"$1,889.97 ",4/26/2025,4/26/2025,4/27/2025,4/27/2025,1,1,3,2.31,0,No,, Low ,ADJ-1051,Standard,Team Team West,89,8
CLM-2025-00968,CNT-100968,CUST-25197,TX,South Central,"$2,293.37 ",7/18/2025,7/18/2025,7/19/2025,7/19/2025,1,-1,6,5.68,2,No,No,Medium,ADJ-1023,Trainee,Team Beta,100,0
CLM-2025-00969,CNT-100969,CUST-53331,UT,Mountain,"$2,407.07 ",2/4/2025,2/8/2025,2/11/2025,2/21/2025,3,13,2,2.05,0,No,No,High,ADJ-1014,Senior,Team SouthTeam West,91.6,6.9
CLM-2025-00970,CNT-100970,CUST-11023,TX,South Central,"$4,180.83 ",7/18/2025,7/19/2025,7/20/2025,8/17/2025,1,29,3,4.86,0,No,No,Medium,ADJ-1002,Trainee,Team Echo,88.2,6.2
CLM-2025-00971,CNT-100971,CUST-25909,FL,Southeast,"$5,180.34 ",7/17/2025,7/18/2025,7/19/2025,8/14/2025,1,27,3,2.23,0,No,No,High,ADJ-1049,Trainee,Team Team Central,94.7,7.6
CLM-2025-00972,CNT-100972,CUST-55859,FL,Southeast,"$7,181.12 ",7/23/2025,7/27/2025,7/27/2025,8/23/2025,0,27,3,3.86,0,No,No,Medium,ADJ-1006,Senior,Team Team Alpha,94.9,7.4
CLM-2025-00973,CNT-100973,CUST-18257,TX,South Central,"$15,124.16 ",,2/22/2025,2/23/2025,3/24/2025,1,30,3,5.15,N/A,No,No,Medium,ADJ-1067,Standard,Team SouthTeam West,89.8,5.4
CLM-2025-00974,CNT-100974,CUST-77238,WA,West,"$17,060.21 ",12/22/2025,12/24/2025,12/26/2025,N/A,2 days,34,5,3.32,0,No,,Medium,ADJ-1056,Senior,Team Echo,92.3,6.6
CLM-2025-00975,CNT-100975,CUST-16376,TX,South Central,"$19,414.46 ",8/30/2025,8/30/2025,13/32/2025,10/21/2025,3,52,8,6.44,2,Yes,No,High,ADJ-1009,Senior,Team Echo,82.8,5
CLM-2025-00976,CNT-100976,CUST-51916,CA,West,"$1,873.63 ",12/20/2025,12/20/2025,12/22/2025,12/29/2025,2,9,3,4.88,0,No,No,Medium,ADJ-1042,Senior,Team SouthTeam West,91,6.2
CLM-2025-00977,CNT-100977,CUST-99768,GA,Southeast,"$19,597.45 ",5/2/2025,5/3/2025,5/5/2025,6/9/2025,2,37,5,2.83,1,No,Yes,Low,ADJ-1036,,Team Beta,88.8,7
CLM-2025-00978,CNT-100978,CUST-70386,IL,Midwest,$588.36 ,12/8/2025,12/10/2025,12/10/2025,1/1/2026,0,22,3,3.35,0,No,No,Medium,ADJ-1035,Standard,Team Team West,88.9,6.6
CLM-2025-00979,CNT-100979,CUST-65325,UT,Mountain,"$5,472.61 ",4/5/2025,4/5/2025,4/6/2025,4/30/2025,1,15,1,2.34,1, no ,No,Low,ADJ-1016,Standard,Team Team Central,91.5,6.9
CLM-2025-00980,CNT-100980,CUST-56452,TX,South Central,"$1,631.44 ",11/23/2025,11/25/2025,11/27/2025,12/12/2025,2,17,N/A,6.37,0,No,No,Low,ADJ-1010,Specialist,Team Team Central,87.5,4.7
CLM-2025-00981,CNT-100981,CUST-23701,UT,Mountain,"$3,832.81 ",6/28/2025,6/28/2025,6/29/2025,7/16/2025,1,18,6,2.35,0,No,,Low,ADJ-1020,Standard,Team Team Alpha,86,8
CLM-2025-00982,CNT-100982,CUST-35545,AZ,Southwest,"$5,435.29 ",3/2/2025,3/3/2025,3/3/2025,4/16/2025,N/A,44,3,2.58,0,No,No,Medium,ADJ-1041,Standard,Team Echo,99.7,7.5
CLM-2025-00983,CNT-100983,CUST-37603,OR,West,N/A,4/25/2025,4/25/2025,4/27/2025,5/17/2025,4,22,4,3.89,0,No,No,High,ADJ-1077,Specialist,,92.9,6.4
CLM-2025-00984,CNT-100984,CUST-98443,WA,West,"$19,473.56 ",6/7/2025,6/10/2025,6/11/2025,7/21/2025,1,41,6,3.95,0,No,No,Medium,ADJ-1012,Standard,Team SouthTeam West,92.9,7.4
CLM-2025-00985,CNT-100985,CUST-78836,NV,Southwest,"$1,245.00 ",8/10/2025,8/10/2025,8/12/2025,8/22/2025,2,12,4,1.50,0,No,No,Medium,ADJ-1045,Standard,Team Team Alpha,96.7,8.1
CLM-2025-00986,CNT-100986,CUST-91402,OR,West,"$1,017.00 ",10/9/2025,10/10/2025,10/11/2025,10/25/2025,,15,1,4.00,,No,No,Low,ADJ-1006,Senior,Team Echo,92.7,6
CLM-2025-00987,CNT-100987,CUST-76054,FL,Southeast,"$2,388.86 ",7/17/2025,7/17/2025,7/19/2025,7/21/2025,2,4,1,2.41,0,No,Yes,Low,ADJ-1042,Trainee,Team Beta,96.4,6.9
CLM-2025-00988,CNT-100988,CUST-66669,TX,South Central,"$13,544.03 ",11/24/2025,11/24/2025,11/26/2025,12/29/2025,2,35,6,7.34,N/A,No,No,High,ADJ-1012,Trainee,Team Delta,90.6,4.6
CLM-2025-00989,CNT-100989,CUST-91259,CO,Mountain,"$3,167.69 ",8/30/2025,9/2/2025,9/3/2025,9/21/2025,1,19,4,2.70,1,Yes,No,Minor,ADJ-1015,Senior,Team SouthTeam West,92.5,6.6
CLM-2025-00990,CNT-100990,CUST-23046,OR,West,"$15,445.62 ",9/28/2025,9/29/2025,9/30/2025,11/9/2025,1,41,4,3.01,0,No,Yes,High,ADJ-1050,Standard,Team Beta,88.5,7.4
CLM-2025-00991,CNT-100991,CUST-25175,FL,Southeast,$934.34 ,6/19/2025,6/21/2025,6/22/2025,7/4/2025,1,13,3,2.06,2,No,No,Medium,ADJ-1047,Trainee,Team SouthTeam West,94.2,6.1
CLM-2025-00992,CNT-100992,CUST-54307,OR,West,"$2,554.88 ",2/17/2025,2/20/2025,2/20/2025,3/16/2025,0,24,2,2.45,0,No,No,,ADJ-1051,Standard,Team Team Central,,6.7
CLM-2025-00993,CNT-100993,CUST-34306,IL,Midwest,"$70,885.82 ",11/12/2025,11/12/2025,11/13/2025,12/29/2025,1,47 days,5,3.48,0,No,No,Low,ADJ-1009,Standard,Team SouthTeam West,97.7,6
CLM-2025-00994,CNT-100994,CUST-99719,UT,Mountain,$894.90 ,8/13/2025,8/13/2025,8/14/2025,8/14/2025,1,-9,1,2.55,1,No,No,Medium,ADJ-1055,Specialist,Team Beta,93.5,7.7
CLM-2025-00995,CNT-100995,CUST-58294,AZ,Southwest,"$1,696.28 ",4/1/2025,4/2/2025,4/7/2025,4/23/2025,5,21,1,1.57,0,No,Yes,Medium,ADJ-1079,Standard,Team Gamma,89,6.1
CLM-2025-00996,CNT-100996,CUST-25257,TX,South Central,"$6,350.24 ",1/16/2025,1/18/2025,1/19/2025,2/5/2025,1,18,2,3.88,1,No,No,Low,ADJ-1004,Standard,Team Beta,87.8,7.3
CLM-2025-00997,CNT-100997,CUST-65797,IL,Midwest,"$7,590.08 ",3/14/2025,3/15/2025,3/15/2025,4/5/2025,0,21,1,1.42,0,No,No,Medium,ADJ-1021,Standard,Team Team West,92.7,8.1
CLM-2025-00998,CNT-100998,CUST-93241,CA,West,"$21,238.16 ",8/2/2025,8/5/2025,8/7/2025,10/8/2025,2,76,5,4.94,1,No,Yes,High,ADJ-1074,Standard,Team Beta,84,4.7
CLM-2025-00999,CNT-100999,CUST-31841,CO,Mountain,$593.33 ,4/21/2025,4/21/2025,4/21/2025,5/14/2025,0,23,2,1.55,1,No,No,Medium,ADJ-1023,Trainee,Team Echo,94.6,8
CLM-2025-01000,CNT-101000,CUST-79355,NV,Southwest,,5/19/2025,5/22/2025,5/22/2025,6/3/2025,0,12,1,6.00,1,No,No,Medium,ADJ-1034,Standard,Team SouthTeam West,88,7.8
CLM-2025-01001,CNT-101001,CUST-37464,CA,West,"$24,660.94 ",1/18/2025,1/18/2025,1/20/2025,3/10/2025,2,51,N/A,3.70,1,No,No,High,ADJ-1068,Standard,Team Echo,93.1,6.3
CLM-2025-01002,CNT-101002,CUST-74682,OR,West,"$5,643.33 ",8/30/2025,8/30/2025,9/1/2025,9/19/2025,2,20,1,2.87,1,Yes,No,Minor,ADJ-1074,Senior,Team Team West,89.8,6.4
CLM-2025-01003,CNT-101003,CUST-92579,WA,West,"$2,838.07 ",10/31/2025,11/5/2025,11/8/2025,11/30/2025,3,25,3,3.66,0,No,No,Low,ADJ-1025,Standard,Team SouthTeam West,92,5.4
CLM-2025-01004,CNT-101004,CUST-16673,NV,Southwest,"$24,540.44 ",4/29/2025,5/1/2025,5/1/2025,6/5/2025,0,35,5,2.01,0,No,No,High,ADJ-1054,Standard,Team Delta,92.4,7.1
CLM-2025-01005,CNT-101005,CUST-23100,AZ,Southwest,"$1,227.27 ",6/17/2025,6/17/2025,6/19/2025,6/18/2025,N/A,1 days,2,1.25,2,No,Yes,Medium,ADJ-1014,Standard,Team SouthTeam West,90.5,7.9
CLM-2025-01006,CNT-101006,CUST-69629,AZ,Southwest,"$4,717.82 ",,1/15/2025,1/16/2025,1/28/2025,1,13,1,1.34,0,No,No,Low,ADJ-1004,Standard,Team Team Alpha,87,8.4
CLM-2025-01007,CNT-101007,CUST-43552,AZ,Southwest,$789.91 ,5/25/2025,5/26/2025,5/29/2025,5/27/2025,3,1,1,3.43,0,Yes,No,Low,ADJ-1074,Standard,Team Team West,84.5,7
CLM-2025-01008,,CUST-21597,IL,,"$6,146.96 ",1/12/2025,1/12/2025,1/14/2025,2/13/2025,2,32 days,3,1.49,1,No,Yes,High,ADJ-1005,Senior,Team Team Central,93.7,7.4
CLM-2025-01009,CNT-101009,CUST-73402,TX,South Central,"$7,009.55 ",12/6/2025,12/6/2025,12/8/2025,1/3/2026,2,28,6,6.47,1,No,Yes,Medium,ADJ-1030,Trainee,Team Beta,90.3,3.6
CLM-2025-01010,CNT-101010,CUST-43466,TX,South Central,"$39,682.73 ",9/13/2025,9/13/2025,9/15/2025,10/29/2025,2,46,3,4.53,0,No,No,Medium,ADJ-1002,Standard,Team Team Alpha,93.9,4.8
CLM-2025-01011,CNT-101011,CUST-92713,IL,Midwest,"$1,934.83 ",7/31/2025,7/31/2025,8/1/2025,8/13/2025,1,13,3,1.61,0,Yes,No,Low,ADJ-1072,Standard,Team Beta,84.7,9.2
CLM-2025-01012,CNT-101012,CUST-90048,OR,West,"$1,554.29 ",2/5/2025,2/7/2025,2/8/2025,2/14/2025,,7,2,2.06,0,No,Yes,Low,ADJ-1072,Senior,Team Delta,93.3,6.9
CLM-2025-01013,CNT-101013,CUST-52548,TX,South Central,"$2,332.22 ",5/10/2025,5/10/2025,,6/7/2025,1,28,4,3.70,1,No,No,High,ADJ-1064,Specialist,Team Gamma,92,7.2
CLM-2025-01014,CNT-101014,CUST-92280,WA,West,"$1,865.55 ",8/4/2025,8/6/2025,8/7/2025,9/8/2025,1,33,1,3.30,3,No,Yes,High,ADJ-1001,Trainee,Team SouthTeam West,85.9,7
CLM-2025-01015,CNT-101015,CUST-73301,FL,Southeast,$907.86 ,2/19/2025,2/20/2025,2/22/2025,2/28/2025,2,8,1,1.39,0,No,No,Medium,ADJ-1061,Senior,Team Gamma,97.3,7.9
CLM-2025-01016,CNT-101016,CUST-69350,AZ,Southwest,"$5,354.10 ",5/3/2025,5/4/2025,5/4/2025,5/30/2025,0,26,2,2.70,0,No,No,Medium,ADJ-1043,Specialist,Team Team West,94.3,8.2
CLM-2025-01017,CNT-101017,CUST-85972,OR,West,"$14,658.76 ",9/11/2025,9/14/2025,9/15/2025,10/26/2025,1,42,5,2.61,1,,Yes,Medium,ADJ-1031,Senior,Team Team Central,88.7,7.4
CLM-2025-01018,CNT-101018,CUST-56699,TX,South Central,"$15,423.71 ",12/7/2025,12/10/2025,12/13/2025,1/30/2026,3,51,8,6.60,1,No,Yes,High,ADJ-1067,Senior,Team Beta,89.3,N/A
CLM-2025-01019,CNT-101019,CUST-38444,GA,Southeast,"$22,586.38 ",7/16/2025,7/18/2025,7/20/2025,8/29/2025,2,42,6,4.10,1,No,No,High,ADJ-1042,Standard,Team Beta,98.2,6.5
CLM-2025-01020,CNT-101020,CUST-14729,UT,Mountain,"$6,776.30 ",11/2/2025,11/5/2025,11/8/2025,12/13/2025,3,38,5,4.68,0,No,No,Medium,ADJ-1055,Standard,Team Team Alpha,105,6.2
CLM-2025-01021,CNT-101021,CUST-45164,FL,Southeast,"$63,366.15 ",5/1/2025,5/1/2025,5/2/2025,7/9/2025,1,69,7,4.26,1,No,No,High,ADJ-1062,Trainee,Team SouthTeam West,90.6,4.8
CLM-2025-01022,CNT-101022,CUST-52274,CA,West,"$11,686.02 ",8/3/2025,8/4/2025,8/5/2025,9/17/2025,1,44,6,2.97,1,No,No,Medium,ADJ-1043,Standard,Team Team Central,89.6,7.1
CLM-2025-01023,CNT-101023,CUST-58785,IL,Midwest,"$3,898.06 ",11/3/2025,11/3/2025,11/5/2025,12/14/2025,2,41,N/A,4.38,0,No,No,Medium,ADJ-1067,Senior,Team Delta,86.1,5.9
CLM-2025-01024,CNT-101024,CUST-69983,FL,Southeast,"$43,827.15 ",,7/10/2025,7/12/2025,9/17/2025,2,69,5,3.03,1,No,No,High,ADJ-1058,Standard,Team Delta,89.1,5.7
CLM-2025-01025,CNT-101025,CUST-10953,OR,West,"$66,231.36 ",4/1/2025,4/4/2025,4/6/2025,6/13/2025,2,N/A,8,3.83,,No,No,,ADJ-1025,Standard,Team Echo,91.9,5.8
CLM-2025-01026,CNT-101026,CUST-17455,NM,Southwest,$469.58 ,2/6/2025,2/6/2025,2/8/2025,2/17/2025,2,16,2,2.69,0,No,No,Low,ADJ-1061,Standard,Team Delta,92.3,6.2
CLM-2025-01027,CNT-101027,CUST-13701,TX,South Central,"$4,187.31 ",4/10/2025,4/13/2025,4/15/2025,5/9/2025,2,16,4,5.71,1,No,No,Medium,ADJ-1028,Standard,Team Beta,97.4,5
CLM-2025-01028,CNT-101028,CUST-65547,TX,South Central,"$7,068.97 ",6/17/2025,6/20/2025,6/21/2025,7/3/2025,1,13,4,4.31,1,No,No,Medium,ADJ-1013,Standard,Team Team Alpha,91.8,7.5
CLM-2025-01029,CNT-101029,CUST-82578,CO,Mountain,"$2,220.94 ",10/10/2025,10/11/2025,10/11/2025,10/22/2025,0,11,2,3.15,0,No,No,Low,ADJ-1006,Trainee,Team Team Alpha,99.8,7.3
CLM-2025-01030,CNT-101030,CUST-52093,FL,Southeast,"$6,956.06 ",8/19/2025,8/22/2025,8/23/2025,9/30/2025,1,39,4,2.01,0,No,No,Medium,ADJ-1002,Senior,Team Team Central,93.5,8.1
CLM-2025-01031,CNT-101031,CUST-82360,CO,Mountain,"$19,309.45 ",2/21/2025,2/22/2025,2/23/2025,4/1/2025,1,38,7,2.78,0,No,No,Medium,ADJ-1030,Specialist,Team Echo,95.1,6.8
CLM-2025-01032,CNT-101032,UNKNOWN,NV,Southwest,"$2,100.68 ",1/5/2025,1/5/2025,1/7/2025,1/6/2025,2,1,1,1.28,0,Yes,No,Low,ADJ-1009,Standard,Team Echo,78.2,9.1
CLM-2025-01033,CNT-101033,CUST-80226,NV,Southwest,"$2,142.13 ",11/19/2025,11/22/2025,11/22/2025,11/28/2025,0,6,1,4.03,0,No,No,Low,ADJ-1010,Senior,Team SouthTeam West,94.1,8.1
CLM-2025-01034,CNT-101034,CUST-30272,TX,South Central,"$7,643.35 ",10/1/2025,10/2/2025,10/4/2025,10/26/2025,2,24,7,4.96,1,No,No,Medium,ADJ-1016,Standard,Team Team West,98.3,6
CLM-2025-01035,CNT-101035,CUST-21353,CA,West,"$4,231.14 ",8/13/2025,8/13/2025,8/14/2025,9/3/2025,1,21,3,2.69,0,No,No,Low,ADJ-1037,Senior,Team Delta,89.4,8.3
CLM-2025-01036,CNT-101036,CUST-71138,FL,Southeast,"$7,446.37 ",11/22/2025,11/22/2025,11/25/2025,12/18/2025,3,26,1,2.17,1,No,No,Medium,ADJ-1064,Specialist,,93.3,5.7
CLM-2025-01037,CNT-101037,CUST-99166,CA,West,"$1,487.18 ",12/27/2025,12/31/2025,1/2/2026,1/8/2026,2,8,5,4.80,1,Yes,Yes,High,ADJ-1016,Standard,Team Team Alpha,79.3,6
CLM-2025-01038,CNT-101038,CUST-36841,TX,South Central,"$1,417.52 ",2/14/2025,2/18/2025,2/20/2025,3/3/2025,2,13,5,5.10,,No,No,Medium,ADJ-1067,Standard,Team Team West,95.1,5.5
CLM-2025-01039,CNT-101039,CUST-87816,AZ,Southwest,"$1,918.22 ",10/8/2025,10/8/2025,10/10/2025,11/3/2025,2,26,4,4.57,2,No,No,High,ADJ-1022,Standard,Team Echo,88.9,6.2
CLM-2025-01040,CNT-101040,CUST-88876,WA,West,"$3,477.63 ",7/9/2025,7/11/2025,7/11/2025,8/8/2025,0,28,1,2.36,0,No,No,medium,ADJ-1031,Standard,Team Team Central,93.4,5.5
CLM-2025-01041,CNT-101041,CUST-20658,IL,Midwest,"$15,778.08 ",8/29/2025,8/29/2025,8/29/2025,8/31/2025,0,2,1,4.40,0,No,No,Low,ADJ-1036,Senior,Team SouthTeam West,90.4,6.7
CLM-2025-01042,CNT-101042,CUST-97207,UT,Mountain,"$18,138.88 ",3/13/2025,3/16/2025,3/18/2025,4/21/2025,2,36,4,3.71,0,No,No,Low,ADJ-1029,Senior,Team Team Alpha,92.8,5.1
CLM-2025-01043,CNT-101043,CUST-53576,WA,West,"$5,747.96 ",11/24/2025,11/24/2025,11/26/2025,12/9/2025,2,15,3,2.75,0,No,No,Medium,ADJ-1019,Senior,Team Team Central,95.8,8.1
CLM-2025-01044,CNT-101044,CUST-45666,AZ,Southwest,"$2,227.00 ",5/26/2025,5/27/2025,5/28/2025,5/28/2025,5,1,3,2.61,0,No,No,Low,ADJ-1075,Trainee,Team Team West,90.6,7
CLM-2025-01045,CNT-101045,CUST-37128,TX,South Central,"$14,991.27 ",4/3/2025,4/4/2025,4/8/2025,5/22/2025,4,48,7,3.37,2,No,No,High,ADJ-1048,Senior,Team SouthTeam West,88.3,6.4
CLM-2025-01046,CNT-101046,CUST-49149,TX,South Central,"$4,473.05 ",1/13/2025,1/14/2025,1/15/2025,1/31/2025,1,17,4,3.91,0,Yes,Yes,,ADJ-1021,Senior,Team Team West,83.6,7.6
CLM-2025-01047,CNT-101047,CUST-11914,FL,Southeast,"$3,677.00 ",9/21/2025,9/22/2025,9/22/2025,10/16/2025,0,24,2,2.70,0,No,No,Medium,ADJ-1071,Senior,Team Echo,92.9,6.9
CLM-2025-01048,CNT-101048,CUST-50909,NV,Southwest,"$6,471.68 ",9/25/2025,9/26/2025,9/27/2025,10/9/2025,1,13,3,4.09,1,No,Yes,Medium,ADJ-1007,Standard,Team Team West,93.5,6.2
CLM-2025-01049,CNT-101049,CUST-35624,NV,Southwest,"$18,814.99 ",5/20/2025,5/23/2025,5/25/2025,7/2/2025,2,40,2,4.01,0,No,No,Medium,ADJ-1057,Standard,Team Team Alpha,94.7,5.9
CLM-2025-01050,CNT-101050,CUST-45092,AZ,Southwest,"$3,137.70 ",12/10/2025,12/10/2025,12/12/2025,1/7/2026,2,28,1,1.93,1,No,No,High,ADJ-1012,Standard,Team Team West,93.5,7.7
CLM-2025-01051,CNT-101051,CUST-90399,GA,Southeast,"$20,675.73 ",9/19/2025,9/22/2025,9/23/2025,10/29/2025,1,37,5,3.87,0,No,No,Low,ADJ-1007,Senior,Team Team Central,94.6,6.6
CLM-2025-01052,CNT-101052,CUST-22923,AZ,,"$4,597.70 ",4/12/2025,4/12/2025,4/13/2025,4/28/2025,1,16,1,2.15,1,No,No,Medium,ADJ-1034,Standard,Team Echo,96,6.9
CLM-2025-01053,CNT-101053,CUST-77222,FL,Southeast,"$20,398.62 ",10/22/2025,10/24/2025,10/25/2025,12/21/2025,1,58,9,4.48,2,No,Yes,High,ADJ-1044,Specialist,Team SouthTeam West,87.3,4.2
CLM-2025-01054,CNT-101054,CUST-46790,CA,West,"$4,299.70 ",9/24/2025,9/27/2025,9/29/2025,10/28/2025,2,31,6,2.24,2,No,No,High,ADJ-1008,Standard,Team Gamma,80.8,6.9
CLM-2025-01055,CNT-101055,CUST-61845,TX,South Central,"$4,856.24 ",3/27/2025,3/29/2025,3/31/2025,4/15/2025,2,17,5,6.53,3,No,Yes,High,ADJ-1007,Senior,Team Team Alpha,91.3,5.8
CLM-2025-01056,CNT-101056,CUST-29010,NV,Southwest,"$10,629.71 ",5/9/2025,5/10/2025,5/12/2025,6/27/2025,2,48,5,4.48,0,No,Yes,High,ADJ-1002,Specialist,Team Team Central,83.5,6
CLM-2025-01057,CNT-101057,CUST-50751,UT,Mountain,"$4,960.89 ",7/27/2025,7/30/2025,8/1/2025,8/30/2025,2,31,4,1.33,1,No,No,Low,ADJ-1079,Standard,Team Echo,91.3,7.2
CLM-2025-01058,CNT-101058,CUST-30885,CA,West,"$7,782.54 ",,8/4/2025,8/7/2025,8/25/2025,3,21 days,2,4.15,0,No,Yes,Medium,ADJ-1060,Standard,Team Team West,90.1,4.6
CLM-2025-01059,CNT-101059,CUST-53041,CA,West,"$14,916.14 ",10/11/2025,10/13/2025,10/13/2025,12/6/2025,0,,6,4.08,0,No,No,Low,ADJ-1003,Specialist,Team Gamma,93.1,5.6
CLM-2025-01060,CNT-101060,CUST-82590,TX,South Central,"$2,033.95 ",6/25/2025,6/25/2025,6/27/2025,7/22/2025,2 days,27,5,4.57,1,No,No,High,ADJ-1009,Specialist,Team Team Alpha,92.5,6.6
CLM-2025-01061,CNT-101061,CUST-86002,NM,Southwest,$544.66 ,9/30/2025,9/30/2025,10/2/2025,10/6/2025,2,6,1,2.12,0,No,No,Medium,ADJ-1060,Standard,Team Echo,,7.3
CLM-2025-01062,CNT-101062,CUST-57082,NM,Southwest,N/A,1/20/2025,1/24/2025,1/25/2025,,1,77,9,4.95,2,No,Yes,High,ADJ-1071,Specialist,Team Echo,87.3,3.7
CLM-2025-01063,CNT-101063,CUST-87980,OR,West,"$1,890.20 ",3/26/2025,3/27/2025,3/29/2025,4/4/2025,2,8,1,1.90,1,,No,Low,ADJ-1021,Senior,Team Team Alpha,89.1,7.7
CLM-2025-01064,CNT-101064,CUST-42978,FL,Southeast,"$1,738.71 ",8/11/2025,8/14/2025,8/15/2025,8/30/2025,1,16,1,0.80,0,No,No,Low,ADJ-1027,Senior,Team Beta,94.4,7
CLM-2025-01065,CNT-101065,CUST-79765,TX,South Central,"$1,167.53 ",4/6/2025,4/6/2025,4/9/2025,4/22/2025,3,16,3,4.80,3,No,Yes,Low,ADJ-1010,Standard,Team Team West,84.4,5.8
CLM-2025-01066,CNT-101066,CUST-21606,CA,West,"$3,549.10 ",5/17/2025,5/17/2025,5/17/2025,5/27/2025,0,10,3,3.62,0,No,No,Low,ADJ-1062,Standard,Team Echo,95.7,7.6
CLM-2025-01067,CNT-101067,CUST-51451,AZ,Southwest,"$46,126.13 ",4/13/2025,4/15/2025,4/18/2025,6/24/2025,3,70,6,3.86,0,Yes,No,Medium,ADJ-1069,Trainee,Team Team Alpha,86,3.7
CLM-2025-01068,CNT-101068,CUST-32214,UT,Mountain,"$1,690.39 ",10/16/2025,10/18/2025,10/18/2025,10/19/2025,7,1,4,3.36,,No,No,Low,,Standard,Team Team Alpha,90.9,8.7
CLM-2025-01069,CNT-101069,CUST-18037,NM,Southwest,"$2,252.77 ",4/10/2025,4/10/2025,4/12/2025,5/5/2025,2,25,3,2.27,1,No,No,High,ADJ-1060,Trainee,Team Beta,95.5,6.5
CLM-2025-01070,CNT-101070,CUST-36762,FL,Southeast,"$5,559.16 ",7/26/2025,7/26/2025,7/27/2025,8/17/2025,1,22,5,2.05,1,No,No,Low,ADJ-1066,Senior,Team SouthTeam West,87.5,6.3
CLM-2025-01071,CNT-101071,CUST-73249,WA,West,"$18,097.65 ",4/5/2025,4/6/2025,,5/13/2025,7,37,1,2.12,0,No,,Medium,ADJ-1071,Senior,Team Team Central,87.5,7
CLM-2025-01072,CNT-101072,CUST-67967,UT,Mountain,"$13,336.06 ",12/28/2025,12/28/2025,12/29/2025,,1,19,3,4.59,0, no ,,Low,ADJ-1039,Standard,Team Team West,90.4,7.2
CLM-2025-01073,CNT-101073,CUST-32573,CA,West,"$2,019.91 ",,12/29/2025,12/29/2025,12/30/2025,0,,2,4.07,0,No,,Low,ADJ-1056,Standard,Team Echo,88.2,7.6
CLM-2025-01074,,CUST-54060,GA,Southeast,"$12,066.87 ",4/14/2025,4/16/2025,4/18/2025,5/22/2025,2,36,2,1.72,1,No,No,Medium,ADJ-1061,Standard,Team Beta,89.9,6.7
CLM-2025-01075,CNT-101075,CUST-53103,WA,West,,10/30/2025,11/2/2025,N/A,11/18/2025,1,36,1,3.53,0,Yes,No,Low,ADJ-1045,Specialist,Team Team Alpha,84.2,6
CLM-2025-01076,CNT-101076,CUST-54980,GA,Southeast,"$4,239.56 ",12/14/2025,12/18/2025,12/20/2025,1/7/2026,2 days,20,2,3.10,0,No,No,Medium,ADJ-1078,Standard,Team Echo,98,7.1
CLM-2025-01077,CNT-101077,CUST-70022,WA,West,"$6,202.75 ",2/11/2025,2/16/2025,2/16/2025,3/14/2025,0,26,3,3.02,1,No,No,Low,ADJ-1036,Senior,Team Delta,93.2,7.1
CLM-2025-01078,CNT-101078,CUST-87596,CO,Mountain,"$16,094.40 ",9/28/2025,9/30/2025,9/30/2025,10/27/2025,0,27,4,3.07,0,No,No,Medium,ADJ-1010,Senior,Team Gamma,90.1,6
CLM-2025-01079,CNT-101079,CUST-53024,TX,South Central,,12/24/2025,12/24/2025,,1/11/2026,3,18,4,5.56,1,No,No,Low,ADJ-1055,Standard,Team Beta,89.4,5.2
CLM-2025-01080,CNT-101080,CUST-12822,WA,West,"$51,917.89 ",3/23/2025,3/23/2025,3/24/2025,5/15/2025,1,53,4,2.37,1,No,No,Medium,ADJ-1061,Standard,Team Echo,-5,7.2
CLM-2025-01081,CNT-101081,CUST-40053,NV,Unknown,$974.41 ,11/8/2025,11/8/2025,11/9/2025,11/16/2025,1,8,3,4.15,0,No,No,Moderate,ADJ-1069,Standard,Team SouthTeam West,94.9,6.3
CLM-2025-01082,CNT-101082,CUST-99134,CA,West,"$1,234.68 ",5/28/2025,5/31/2025,6/2/2025,6/10/2025,2,10 days,2,2.13,0,No,No,Low,ADJ-1066,Senior,Team Gamma,95.6,8.3
CLM-2025-01083,CNT-101083,CUST-89659,AZ,Southwest,"$7,428.59 ",5/3/2025,5/6/2025,5/8/2025,6/7/2025,2,32,2,3.56,1,Yes,No,Moderate,ADJ-1012,Standard,Team Beta,82.3,5.2
CLM-2025-01084,CNT-101084,CUST-37805,CO,Mountain,"$2,190.76 ",12/22/2025,12/25/2025,12/26/2025,1/4/2026,1,10,2,4.29,3,No,Yes,High,ADJ-1013,Standard,Team Gamma,86.7,7
CLM-2025-01085,CNT-101085,CUST-21978,NM,Southwest,$876.57 ,11/11/2025,11/14/2025,11/16/2025,11/21/2025,2,7,3,4.54,1,No,No,Low,ADJ-1008,Senior,Team Team Central,92.7,5.8
CLM-2025-01086,CNT-101086,CUST-62167,FL,Southeast,"$1,940.15 ",10/29/2025,11/1/2025,11/3/2025,11/13/2025,2,12,3,2.31,0,Yes,No,Medium,ADJ-1042,Standard,Team Gamma,89.7,7.6
CLM-2025-01087,CNT-101087,CUST-73109,CA,West,$683.68 ,12/18/2025,12/18/2025,12/21/2025,1/7/2026,3,20,4,3.41,1,No,No,Medium,ADJ-1060,Standard,Team Delta,86.4,7.6
CLM-2025-01088,CNT-101088,CUST-46893,TX,South Central,"$7,594.98 ",8/1/2025,8/1/2025,8/3/2025,8/16/2025,2,15,5,4.84,0,No,No,Low,ADJ-1008,Standard,Team Team Central,98,5.5
CLM-2025-01089,CNT-101089,CUST-63951,IL,Midwest,"$1,930.94 ",1/21/2025,1/22/2025,1/25/2025,2/12/2025,3,26,2,0.86,0,No,No,Medium,ADJ-1026,Standard,Team Beta,100,8.9
CLM-2025-01090,CNT-101090,CUST-69485,NM,Southwest,"$5,597.09 ",1/9/2025,1/9/2025,1/10/2025,1/31/2025,1,22,1,,1,No,No,Low,ADJ-1063,Senior,Team Team West,95.2,5.8
CLM-2025-01091,CNT-101091,CUST-46690,CA,West,"$47,876.98 ",9/21/2025,9/22/2025,9/22/2025,11/10/2025,0,49,7,3.59,0,No,No,Low,ADJ-1028,Specialist,Team SouthTeam West,N/A,7.8
CLM-2025-01092,CNT-101092,CUST-23381,OR,West,"$2,368.88 ",5/3/2025,5/5/2025,5/7/2025,5/15/2025,,10,2,2.04,,No,No,Low,ADJ-1049,Senior,Team Team Central,85.8,6.6
CLM-2025-01093,CNT-101093,CUST-94090,TX,South Central,"$5,245.34 ",9/25/2025,9/25/2025,9/27/2025,10/19/2025,N/A,24,5,6.56,0,No,Yes,Medium,ADJ-1025,Standard,Team Team Central,89.1,5.3
CLM-2025-01094,CNT-101094,CUST-64935,GA,Unknown,"$7,516.23 ",4/14/2025,4/14/2025,4/14/2025,5/7/2025,0,23,4,3.30,1,No,No,Medium,ADJ-1044,Specialist,Team SouthTeam West,95,6.9
CLM-2025-01095,CNT-101095,CUST-98639,UT,Mountain,"$5,667.50 ",8/2/2025,8/6/2025,8/8/2025,9/4/2025,2,29,7,3.47,0,No,No,Low,ADJ-1030,Specialist,Team Team Central,85.8,8.9
CLM-2025-01096,CNT-101096,CUST-80678,WA,West,"$7,991.82 ",4/10/2025,4/12/2025,4/14/2025,4/30/2025,2,18,4,5.14,0,,No,Low,ADJ-1057,Senior,Team Team Central,93.4,6.7
CLM-2025-01097,CNT-101097,CUST-43638,AZ,Southwest,"$1,597.76 ",6/9/2025,6/12/2025,6/13/2025,7/1/2025,1,19,2,2.85,0,No,No,Medium,ADJ-1024,Senior,Team Echo,92.6,7.2
CLM-2025-01098,CNT-101098,CUST-63882,FL,Southeast,$478.24 ,2/6/2025,2/6/2025,2/8/2025,2/16/2025,2,10,3,1.60,1,No,No,Low,ADJ-1059,Senior,Team Team Alpha,95,7.6
CLM-2025-01099,CNT-101099,CUST-67011,TX,South Central,"$7,471.41 ",5/5/2025,5/8/2025,5/9/2025,5/21/2025,1,13,5,6.34,0,No,No,Low,ADJ-1045,Standard,Team Echo,94.8,5.3
CLM-2025-01100,CNT-101100,CUST-78103,GA,Southeast,"$2,341.71 ",3/2/2025,3/4/2025,3/4/2025,3/18/2025,0,14,2,2.71,0,No,No,Medium,ADJ-1050,Specialist,Team SouthTeam West,94.4,8.4
CLM-2025-01101,CNT-101101,CUST-70881,OR,West,$720.85 ,11/14/2025,11/18/2025,11/19/2025,12/2/2025,1,14,3,4.30,0,No,No,Medium,ADJ-1079,Trainee,Team Gamma,98.2,7.2
CLM-2025-01102,CNT-101102,CUST-87259,AZ,Southwest,"$1,618.53 ",3/2/2025,3/2/2025,3/2/2025,3/21/2025,0,19,1,2.46,1,No,No,High,ADJ-1056,Standard,Team Team Central,90.6,9.1
CLM-2025-01103,CNT-101103,CUST-23903,FL,Southeast,"$9,234.63 ",11/10/2025,11/12/2025,,1/18/2026,-1,-67,7,6.67,1,No,No,Major,ADJ-1075,Trainee,Team Delta,99.8,5.4
CLM-2025-01104,CNT-101104,CUST-54383,AZ,Southwest,,3/9/2025,3/12/2025,3/9/2025,3/30/2025,-3,18,5,2.76,0,No,No,Medium,ADJ-1014,Standard,Team Team Central,91.2,6.4
CLM-2025-01105,CNT-101105,CUST-82768,WA,West,"$1,844.32 ",7/25/2025,7/26/2025,7/27/2025,8/7/2025,1,,1,2.24,0,No,No,Low,ADJ-1042,Standard,Team SouthTeam West,93.1,8.3
CLM-2025-01106,CNT-101106,CUST-33325,UT,Mountain,$894.88 ,4/22/2025,4/23/2025,4/24/2025,5/4/2025,-2,11,2,1.83,1,No,No,Medium,ADJ-1011,Standard,Team Beta,96.7,7.9
CLM-2025-01107,CNT-101107,CUST-29563,IL,Midwest,"$4,084.07 ",1/16/2025,1/19/2025,1/21/2025,2/28/2025,2,40,3,3.17,1,No,No, High ,ADJ-1075,Senior,Team Gamma,94,6.6
CLM-2025-01108,CNT-101108,CUST-11856,CA,West,"$4,135.27 ",9/13/2025,9/14/2025,9/17/2025,10/12/2025,3,23,4,2.59,0,No,No,Low,ADJ-1042,Trainee,Team Team Alpha,90.2,6.9
CLM-2025-01109,CNT-101109,CUST-21576,TX,South Central,"$22,402.57 ",11/18/2025,,11/22/2025,1/4/2026,2,45,9,6.24,2,No,No,High,ADJ-1005,Trainee,Team Team West,105,5.1
CLM-2025-01110,CNT-101110,CUST-14610,CA,West,"$1,837.11 ",4/22/2025,4/27/2025,4/27/2025,5/17/2025,0,20,6,3.88,1,No,No,High,ADJ-1052,Standard,Team Echo,91,7.2
CLM-2025-01111,CNT-101111,CUST-38922,NV,Southwest,"$5,144.28 ",12/28/2025,12/29/2025,12/31/2025,1/15/2026,2,17,5,3.83,0,No,No,Low,ADJ-1008,Trainee,Team Echo,96.3,6.6
CLM-2025-01112,CNT-101112,CUST-70843,NM,Southwest,"$1,959.24 ",9/24/2025,9/25/2025,9/25/2025,10/7/2025,0,N/A,1,3.33,0,No,No,Low,ADJ-1022,Senior,Team SouthTeam West,100,8.2
CLM-2025-01113,CNT-101113,CUST-84270,UT,Mountain,"$5,675.56 ",7/12/2025,7/14/2025,7/15/2025,8/1/2025,1,18,4,1.73,2,No,No,Low,ADJ-1037,Senior,Team Team Alpha,100,7.5
CLM-2025-01114,CNT-101114,CUST-52356,TX,South Central,"$1,507.71 ",2/12/2025,2/13/2025,2/15/2025,3/8/2025,2,23,4,6.00,1,No,No, Medium ,ADJ-1031,Standard,Team Team Central,93.3,6
CLM-2025-01115,CNT-101115,CUST-94268,WA,West,"$3,623.24 ",3/12/2025,3/12/2025,3/12/2025,3/22/2025,0,10,2,1.99,0,No,No,Medium,ADJ-1007,Senior,Team Beta,90.7,
CLM-2025-01116,CNT-101116,CUST-11267,CA,West,"$4,085.79 ",3/18/2025,3/22/2025,3/25/2025,4/9/2025,3,23,4,3.19,1,No,No,Low,ADJ-1003,Standard,Team Gamma,93.2,7.8
CLM-2025-01117,CNT-101117,CUST-51519,TX,South Central,"$2,254.48 ",3/15/2025,3/17/2025,3/19/2025,4/9/2025,2,23,4,3.88,0,No,No,Medium,ADJ-1075,Standard,Team Delta,,6.4
CLM-2025-01118,CNT-101118,CUST-91397,WA,West,"$2,302.22 ",6/14/2025,6/14/2025,6/14/2025,6/29/2025,,15,3,2.95,0,No,No,Low,ADJ-1053,Senior,Team Echo,92.9,8.5
CLM-2025-01119,CNT-101119,CUST-72039,TX,South Central,"$4,040.29 ",4/9/2025,4/9/2025,4/11/2025,5/1/2025,2,22,4,3.39,0,No,No,LOW,ADJ-1020,Senior,Team Gamma,96.8,5
CLM-2025-01120,CNT-101120,CUST-87017,FL,Southeast,"$55,726.00 ",11/7/2025,11/9/2025,11/11/2025,12/31/2025,2,N/A,6,4.10,1,No,Yes,High,ADJ-1029,Senior,Team Echo,92,6.3
CLM-2025-01121,CNT-101121,CUST-76651,AZ,Southwest,"$1,748.33 ",5/7/2025,5/10/2025,5/13/2025,5/26/2025,3,16,3,,0,No,No,Low,ADJ-1007,Trainee,Team Echo,81.6,6.7
CLM-2025-01122,CNT-101122,CUST-38511,GA,Southeast,"$1,553.00 ",12/17/2025,12/18/2025,12/20/2025,1/1/2026,2,14,1,2.94,0,No,No,Low,ADJ-1024,Standard,Team Team West,97.7,7.2
CLM-2025-01123,CNT-101123,CUST-93906,NV,Southwest,"$22,085.51 ",1/6/2025,1/6/2025,1/9/2025,2/6/2025,3,31,4,1.49,0,No,No,Medium,ADJ-1015,Senior,Team Beta,N/A,6.5
CLM-2025-01124,CNT-101124,CUST-95152,NV,Southwest,"$1,792.56 ",6/29/2025,,6/29/2025,7/8/2025,0,9,1,2.54,0,No,No,Low,ADJ-1064,Senior,Team Gamma,100,8.8
CLM-2025-01125,CNT-101125,CUST-80821,TX,South Central,"$7,116.87 ",6/23/2025,6/25/2025,6/27/2025,7/13/2025,2,18,6,5.90,1,No,No,Low,ADJ-1061,Standard,Team Delta,95.5,4.7
CLM-2025-01126,CNT-101126,CUST-69919,WA,West,"$3,447.70 ",10/17/2025,10/18/2025,10/21/2025,11/29/2025,3,42,7,3.14,N/A,No,,High,ADJ-1015,Standard,Team Echo,96,5.7
CLM-2025-01127,CNT-101127,CUST-12023,CA,West,,7/15/2025,7/16/2025,7/17/2025,9/18/2025,1,64,7,6.00,1,No,No, Medium ,ADJ-1073,Standard,Team Delta,91.5,6.5
CLM-2025-01128,CNT-101128,CUST-39065,NM,Southwest,"$2,721.78 ",5/15/2025,5/20/2025,5/21/2025,6/4/2025,1,15,3,1.74,0,No,No,Medium,ADJ-1042,Senior,Team Team Alpha,97.1,7.6
CLM-2025-01129,CNT-101129,CUST-26591,GA,Southeast,"$17,168.66 ",10/15/2025,10/18/2025,10/17/2025,11/30/2025,-1,43,4,2.83,0,No,No,Medium,ADJ-1046,Standard,Team Gamma,94.4,5.1
CLM-2025-01130,CNT-101130,CUST-76415,GA,Southeast,$924.14 ,8/29/2025,8/30/2025,,9/4/2025,1,5,1,2.71,0,No,No,Medium,ADJ-1038,Senior,Team Team West,96.4,6.4
CLM-2025-01131,CNT-101131,CUST-29520,NV,Southwest,"$2,325.54 ",6/7/2025,6/7/2025,6/7/2025,7/4/2025,0,27,5,2.98,0,Yes,No,High,ADJ-1061,Standard,Team Team Alpha,81.9,6.6
CLM-2025-01132,CNT-101132,CUST-29635,TX,South Central,"$5,616.99 ",3/26/2025,3/29/2025,4/1/2025,4/19/2025,3,21,5,4.00,0,No,No,Low,ADJ-1003,Standard,Team Gamma,89.6,6.6
CLM-2025-01133,CNT-101133,CUST-59324,TX,South Central,"$35,948.85 ",2/24/2025,2/26/2025,2/24/2025,4/29/2025,-2,62,10,4.28,2,No,No,Medium,ADJ-1021,Specialist,Team Echo,97.5,N/A
CLM-2025-01134,CNT-101134,CUST-27113,OR,West,"$53,257.18 ",2/22/2025,2/22/2025,2/25/2025,4/17/2025,3,54,3,2.82,1,No,Yes,Medium,ADJ-1058,Standard,Team Beta,89.7,4.5
CLM-2025-01135,CNT-101135,CUST-68283,NM,Southwest,"$2,375.20 ",11/23/2025,11/27/2025,11/27/2025,12/6/2025,0,9,4,3.30,1,No,No,Low,ADJ-1050,Standard,Team Gamma,88.5,8.1
CLM-2025-01136,CNT-101136,CUST-44536,TX,South Central,"$1,016.30 ",8/1/2025,8/4/2025,8/7/2025,8/15/2025,-3,11,7,5.28,0,,No,Low,ADJ-1036,Senior,Team Delta,88.5,5.1
CLM-2025-01137,CNT-101137,CUST-61807,CA,West,"$1,627.87 ",8/3/2025,8/3/2025,8/4/2025,8/14/2025,1,11,3,3.53,1,,No,Low,ADJ-1078,Senior,Team Beta,90.9,6.5
CLM-2025-01138,CNT-101138,CUST-42728,TX,South Central,"$5,931.97 ",3/24/2025,3/24/2025,3/25/2025,4/28/2025,1,35,6,5.25,1,No,No,Medium,ADJ-1049,Standard,Team Gamma,84,7.2
CLM-2025-01139,CNT-101139,CUST-78612,TX,South Central,"$6,604.93 ",,4/11/2025,4/15/2025,5/7/2025,4,26,3,4.63,1,No,No,Medium,ADJ-1028,Standard,Team Delta,96.6,N/A
CLM-2025-01140,CNT-101140,CUST-48315,NV,Southwest,$829.71 ,3/9/2025,3/12/2025,3/15/2025,3/22/2025,3,10,1,2.31,0,No,No,Medium,ADJ-1025,Standard,Team Team Central,95.7,6.9
CLM-2025-01141,CNT-101141,CUST-59034,WA,West,"$2,350.96 ",5/12/2025,5/13/2025,5/14/2025,5/19/2025,1,6,2,1.48,0,No,No,Medium,ADJ-1035,Standard,Team Beta,93.6,8
CLM-2025-01142,CNT-101142,CUST-87293,TX,South Central,"$6,944.74 ",9/3/2025,9/6/2025,9/7/2025,9/24/2025,1,18,3,4.65,0,No,No,Low,ADJ-1041,Standard,Team SouthTeam West,94.1,6.7
CLM-2025-01143,CNT-101143,CUST-90609,IL,Midwest,$916.16 ,3/8/2025,3/8/2025,3/9/2025,3/22/2025,1,14,4,3.73,0,No,No,Medium,ADJ-1001,Standard,Team SouthTeam West,96.9,6
CLM-2025-00955,CNT-101144,CUST-80159,GA,Southeast,$971.51 ,8/18/2025,8/18/2025,8/19/2025,8/19/2025,1,1,2,0.71,0,No,No,Medium,ADJ-1037,Standard,Team Team West,95.2,8.2
CLM-2025-01145,CNT-101145,CUST-62171,NM,Southwest,$629.89 ,6/3/2025,6/4/2025,6/5/2025,6/9/2025,1,5,1,3.28,0,No,No,Medium,ADJ-1008,Standard,Team Gamma,100,7.7
CLM-2025-01146,CNT-101146,CUST-75782,WA,West,"$9,795.66 ",4/9/2025,4/11/2025,4/12/2025,5/7/2025,1,26,2,3.00,1,No,No,Low,ADJ-1056,Standard,Team Gamma,93.7,6.7
CLM-2025-01147,CNT-101147,CUST-14674,WA,West,"$15,484.32 ",4/7/2025,4/9/2025,4/10/2025,5/16/2025,-1,37,4,2.89,,No,No,Medium,ADJ-1030,Specialist,Team Team West,93.8,5.8
CLM-2025-01148,CNT-101148,CUST-52610,CO,Mountain,$593.12 ,10/5/2025,10/8/2025,10/10/2025,10/25/2025,2,17,2,3.95,2,No,No, High ,ADJ-1068,Standard,Team Echo,,5.7
CLM-2025-00451,CNT-100451,CUST-35302,TX,South Central,"$20,584.39 ",4/20/2025,4/24/2025,4/27/2025,6/3/2025,3,45,8,,2,No,No,Medium,ADJ-1007,Standard,Team Team Alpha,83.9,6.5
CLM-2025-01150,CNT-101150,CUST-75102,AZ,Southwest,"$1,983.80 ",10/22/2025,,10/24/2025,11/12/2025,0,19,3,3.40,3,No,No,High,ADJ-1056,Standard,Team Team Alpha,100,8.3
CLM-2025-01151,CNT-101151,CUST-34502,UT,Mountain,"$51,185.18 ",1/26/2025,1/27/2025,,3/6/2025,0,38,N/A,2.16,2,No,No,Medium,ADJ-1020,Senior,Team Team Central,95.5,7.6
CLM-2025-01152,CNT-101152,CUST-25604,AR,Southwest,"$14,238.83 ",8/12/2025,8/14/2025,8/15/2025,10/7/2025,1,54,5,1.01,0,No,No,Low,ADJ-1018,Specialist,Team Team West,89.3,6.9
CLM-2025-01153,CNT-101153,CUST-53274,TX,South Central,"$3,433.14 ",11/28/2025,12/1/2025,12/4/2025,12/19/2025,3,18,5,5.91,0,No,Yes,Low,ADJ-1072,Senior,Team Gamma,,3.6
CLM-2025-01154,CNT-101154,CUST-70784,OR,West,"$16,319.43 ",2/11/2025,2/14/2025,2/16/2025,4/10/2025,2,55,4,3.64,1,No,No,High,ADJ-1020,Senior,Team SouthTeam West,95.1,6.2
CLM-2025-01155,CNT-101155,CUST-21774,CO,Mountain,"$1,947.51 ",3/9/2025,3/11/2025,3/12/2025,3/20/2025,1,9,3,3.57,0,No,No,Medium,ADJ-1021,Trainee,Team Team West,,6.2
CLM-2025-01156,CNT-101156,CUST-32586,OR,West,"$67,802.73 ",8/1/2025,8/3/2025,8/4/2025,10/2/2025,1,60,5,2.77,0,No,No,Low,ADJ-1079,Specialist,Team Team Central,91.4,5.9
CLM-2025-01157,CNT-101157,CUST-72924,OR,West,N/A,12/28/2025,12/31/2025,12/31/2025,12/29/2025,0,-2,3,3.04,1, no ,No,High,ADJ-1078,Senior,Team Team Central,86.7,8.3
CLM-2025-01158,CNT-101158,CUST-41746,UT,Mountain,"$26,470.11 ",6/28/2025,6/28/2025,6/30/2025,8/15/2025,2,48,4,3.08,0,No,No,Low,ADJ-1022,Standard,Team Beta,91.6,6.4
CLM-2025-01159,CNT-101159,CUST-82566,AZ,Southwest,"$1,320.13 ",11/25/2025,11/28/2025,11/30/2025,12/20/2025,4 days,22,3,4.21,3,Yes,No,High,ADJ-1069,Standard,Team Delta,82.2,6.4
CLM-2025-01160,CNT-101160,CUST-36561,TX,South Central,"$16,710.98 ",9/13/2025,9/14/2025,9/17/2025,10/21/2025,3,57,4,5.96,0,No,No,Medium,ADJ-1060,Standard,Team Beta,86.9,4
CLM-2025-01161,CNT-101161,CUST-32365,UT,Mountain,"$7,526.86 ",12/6/2025,12/8/2025,12/10/2025,12/25/2025,2,17,4,3.22,1,No,No,Low,ADJ-1021,Specialist,Team Team Alpha,92.8,6
CLM-2025-01162,CNT-101162,CUST-36781,OR,West,"$2,689.42 ",5/15/2025,5/18/2025,5/19/2025,5/30/2025,1,12,2,3.88,0,No,Yes,Low,ADJ-1009,Standard,Team Team Alpha,92.4,7.2
CLM-2025-01163,CNT-101163,CUST-57328,IL,Midwest,"$4,198.05 ",4/1/2025,4/3/2025,4/4/2025,4/29/2025,1,26,2,6.00,0,No,No,Medium,ADJ-1009,Standard,Team Echo,89,8.8
CLM-2025-01164,CNT-101164,CUST-58102,AZ,Southwest,"$1,763.26 ",11/10/2025,11/14/2025,11/15/2025,11/22/2025,1,8,2,1.65,0,No,No,Low,ADJ-1062,Senior,Team SouthTeam West,98,7.3
CLM-2025-01165,CNT-101165,CUST-41050,GA,Southeast,"$4,176.90 ",2/9/2025,2/10/2025,2/10/2025,3/7/2025,0,25,5,2.38,0,No,No,Medium,ADJ-1073,Senior,Team Team West,100,7.5
CLM-2025-00557,CNT-100557,CUST-38801,TX,South Central,"$2,435.44 ",8/22/2025,8/24/2025,8/24/2025,8/28/2025,4,4,5,4.28,1,No,Yes,Medium,ADJ-1041,Senior,Team Gamma,95.4,6.5
CLM-2025-01167,CNT-101167,CUST-77103,GA,Southeast,"$2,564.07 ",12/27/2025,12/27/2025,12/29/2025,1/10/2026,2,14,6,4.74,0,No,No,Medium,ADJ-1047,Specialist,Team Team Alpha,92.3,5.8
CLM-2025-01168,CNT-101168,CUST-94066,TX,South Central,"$3,018.13 ",6/20/2025,6/25/2025,6/26/2025,7/9/2025,1,14,4,6.02,1,No,No,Low,ADJ-1048,Specialist,Team Team West,97.5,7.3
CLM-2025-01169,CNT-101169,CUST-54168,NV,Southwest,"$1,902.55 ",8/6/2025,8/6/2025,8/5/2025,8/25/2025,-1,19,7,3.68,0,No,No,Medium,ADJ-1026,Standard,Team SouthTeam West,94.3,6.2
CLM-2025-01170,CNT-101170,CUST-84173,NM,Southwest,"$7,087.89 ",9/3/2025,9/8/2025,9/8/2025,10/6/2025,0,28,2,1.99,0,,No,Medium,ADJ-1050,Standard,Team Beta,95.3,8.2
CLM-2025-01171,CNT-101171,CUST-86030,UT,Mountain,"$9,582.46 ",5/14/2025,5/16/2025,5/17/2025,6/23/2025,1,38,5,3.90,,No,,Medium,ADJ-1068,Standard,Team Gamma,92.2,
CLM-2025-01172,CNT-101172,CUST-77085,CO,Mountain,$912.82 ,6/23/2025,6/24/2025,6/24/2025,7/11/2025,0,17,,3.00,0,No,No,Medium,ADJ-1035,Senior,Team SouthTeam West,93.4,8.9
CLM-2025-01173,CNT-101173,CUST-28106,AZ,Southwest,"$3,150.13 ",1/16/2025,1/17/2025,1/18/2025,2/13/2025,1,27,2,1.20,0,No,No,Low,ADJ-1052,Senior,Team Echo,92.9,8
CLM-2025-01174,CNT-101174,CUST-82677,CO,Mountain,"$6,167.81 ",8/25/2025,8/27/2025,8/29/2025,9/26/2025,2,30,3,2.35,1,Yes,No,High,ADJ-1074,Standard,Team Gamma,86.9,6.2
CLM-2025-01175,CNT-101175,CUST-96944,TX,South Central,"$18,177.06 ",5/10/2025,5/11/2025,5/11/2025,N/A,0,49,2,5.01,0,No,No,High,ADJ-1003,Standard,Team Delta,,6.9
CLM-2025-01176,CNT-101176,CUST-53415,GA,Southeast,"$4,312.82 ",8/9/2025,8/9/2025,8/10/2025,9/6/2025,1,28,4,3.10,0,No,No,High,ADJ-1071,Senior,Team Team Alpha,88.1,8
CLM-2025-01177,CNT-101177,CUST-35131,NV,Southwest,"$7,302.73 ",9/13/2025,9/14/2025,9/15/2025,10/20/2025,1,36,4,2.54,0,No,No,Medium,ADJ-1018,Standard,Team SouthTeam West,92.6,7.5
CLM-2025-01178,CNT-101178,CUST-98029,CA,West,"$7,192.17 ",10/10/2025,10/11/2025,10/13/2025,10/30/2025,2,19,4,4.62,0,No,No,Medium,ADJ-1056,Standard,Team Team West,83.7,7.9
CLM-2025-00229,CNT-101179,CUST-81521,TX,South Central,"$4,000.87 ",2/20/2025,2/22/2025,N/A,3/7/2025,1,13,3,3.94,1,No,Yes,Low,ADJ-1024,Trainee,Team SouthTeam West,89.3,6.2
CLM-2025-01180,CNT-101180,CUST-68051,CA,West,"$3,953.28 ",1/9/2025,1/12/2025,1/13/2025,2/14/2025,,38,8,5.35,2,No,No,High,ADJ-1050,Specialist,Team Team Alpha,92.3,5.7
CLM-2025-01181,CNT-101181,CUST-75840,FL,Southeast,"$1,101.13 ",3/16/2025,3/16/2025,3/16/2025,4/17/2025,0,32,5,3.25,1,No,No,High,ADJ-1001,Senior,Team Echo,94.4,6.7
CLM-2025-01182,CNT-101182,CUST-15370,TX,South Central,"$4,480.33 ",9/12/2025,9/12/2025,9/14/2025,9/30/2025,2,18,2,4.62,1,No,No,Medium,ADJ-1061,Standard,Team Team Alpha,89.5,7.1
CLM-2025-01183,CNT-101183,CUST-91274,FL,Southeast,"$34,333.42 ",3/23/2025,3/24/2025,3/26/2025,6/1/2025,2,69,8,4.11,2,No,No,Low,ADJ-1079,Senior,Team Team Alpha,,5.8
CLM-2025-01184,CNT-101184,CUST-62627,AZ,Southwest,$961.55 ,,,4/3/2025,4/5/2025,1,3,2,3.17,1,No,No,Low,ADJ-1014,Standard,Team Echo,86.8,7.4
CLM-2025-01185,CNT-101185,CUST-84359,CA,West,"$17,384.63 ",8/18/2025,8/19/2025,8/21/2025,10/15/2025,2,57,6,6.09,2,No,No,High,ADJ-1024,Standard,Team Beta,80.5,6.3
CLM-2025-01186,,CUST-77462,NV,Southwest,"$11,074.83 ",5/21/2025,5/22/2025,5/25/2025,7/21/2025,3,60,6,2.85,1,No,No,Low,ADJ-1058,Senior,Team Team Alpha,89.7,5.5
CLM-2025-01187,CNT-101187,CUST-12886,GA,Southeast,$967.70 ,7/31/2025,7/31/2025,7/31/2025,8/7/2025,0,7,1,1.79,0,No,No,Medium,ADJ-1004,Senior,Team Team Central,95.6,7.6
CLM-2025-01188,CNT-101188,CUST-69438,AZ,Southwest,"$1,122.34 ",8/19/2025,8/21/2025,8/23/2025,9/14/2025,2,,6,4.06,1,No,No,High,ADJ-1006,Standard,Team Team Alpha,89.9,5.1
CLM-2025-01189,CNT-101189,CUST-46321,NV,Southwest,"$2,080.92 ",4/20/2025,4/22/2025,4/23/2025,5/14/2025,1,22,2,2.81,0,No,No,Medium,ADJ-1041,Senior,Team Gamma,90.3,6.9
CLM-2025-01190,CNT-101190,CUST-63376,UT,Mountain,"$7,219.04 ",8/22/2025,8/25/2025,8/26/2025,9/15/2025,1,21,2,4.24,0,No,Yes,Low,ADJ-1018,Specialist,Team Delta,96.2,7.1
CLM-2025-00752,CNT-100752,CUST-88148,AZ,Southwest,"$2,333.88 ",7/22/2025,7/23/2025,7/23/2025,7/31/2025,0,8,4,4.50,0,No,No,Medium,ADJ-1030,Standard,Team Team West,95.2,8.4
CLM-2025-01192,CNT-101192,CUST-16085,CA,West,"$36,494.08 ",8/21/2025,8/24/2025,8/29/2025,11/3/2025,5,71,10,5.59,2,No,No,High,ADJ-1002,Standard,Team Echo,90.7,3.7
CLM-2025-01193,CNT-101193,CUST-13537,OR,West,"$7,071.56 ",7/30/2025,7/31/2025,7/31/2025,8/26/2025,0,26,2,2.40,2,Yes,Yes,High,ADJ-1056,Senior,Team Delta,83.9,7.9
CLM-2025-00898,CNT-101194,CUST-14626,GA,Southeast,"$3,762.06 ",6/1/2025,6/4/2025,6/6/2025,6/25/2025,2,21,3,1.50,0,No,No,Low,ADJ-1050,Standard,Team Team Central,97.3,8.3
CLM-2025-01195,CNT-101195,CUST-70580,NV,Southwest,"$50,093.05 ",8/20/2025,8/24/2025,8/25/2025,10/31/2025,1,68,5,2.81,2,No,No,High,ADJ-1066,Standard,Team SouthTeam West,93,6.8
CLM-2025-01196,CNT-101196,CUST-90542,TX,South Central,"$3,456.87 ",11/9/2025,11/12/2025,11/15/2025,12/1/2025,3,19,3,6.17,1,No,No,Low,ADJ-1012,Standard,Team Beta,93.6,3
CLM-2025-01197,CNT-101197,CUST-57164,TX,South Central,"$1,697.28 ",4/22/2025,4/23/2025,4/25/2025,5/6/2025,2,13,2,3.00,0,No,No,Low,ADJ-1069,Senior,Team Team West,95.4,8.1
CLM-2025-01198,CNT-101198,CUST-30022,TX,South Central,"$18,023.51 ",8/5/2025,8/6/2025,8/8/2025,9/14/2025,-2,39,7,5.40,1,No,No,Medium,ADJ-1058,Senior,Team Beta,100,5.9
CLM-2025-01199,CNT-101199,CUST-60766,AR,Southwest,"$4,270.37 ",3/14/2025,3/17/2025,3/17/2025,3/31/2025,0,14,2,2.62,0,No,No,Low,ADJ-1061,Standard,Team Echo,90.3,6.9
CLM-2025-01200,CNT-101200,CUST-65450,CA,West,"$9,152.09 ",12/27/2025,12/30/2025,1/4/2026,2/28/2026,5,60,10,6.53,1,No,No,High,ADJ-1022,Senior,Team SouthTeam West,89.7,3.7
CLM-2025-01201,CNT-101201,CUST-65638,OR,West,"$26,547.44 ",10/16/2025,10/19/2025,10/19/2025,12/8/2025,0,50,6,5.14,0,No,No,Medium,ADJ-1066,Standard,Team Team West,98.7,5.8
CLM-2025-01202,CNT-101202,CUST-76720,CA,West,"$1,641.04 ",2/2/2025,2/4/2025,2/6/2025,,2,4,3,2.79,0,No,No,Low,ADJ-1015,Standard,Team Team Alpha,85.1,7.1
CLM-2025-01203,CNT-101203,CUST-64358,CA,West,$820.31 ,8/28/2025,8/30/2025,9/1/2025,9/27/2025,2,,1,3.50,1,No,No,High,ADJ-1023,Trainee,Team Team Alpha,92,8.3
CLM-2025-01204,CNT-101204,CUST-86873,OR,West,"$1,103.77 ",1/9/2025,1/14/2025,1/15/2025,1/20/2025,1,6,3,3.31,1,No,No,Low,ADJ-1058,Standard,Team Team Central,95.3,7.7
CLM-2025-01205,CNT-101205,CUST-46159,NV,Southwest,"$1,868.68 ",2/26/2025,2/27/2025,2/27/2025,3/11/2025,0,12,5,3.15,0,Yes,No,High,ADJ-1029,Senior,Team Team West,89.3,6.7
CLM-2025-01206,CNT-101206,CUST-99454,WA,West,"$5,788.26 ",5/21/2025,5/22/2025,5/24/2025,5/26/2025,4,4,1,3.85,0,No,No,Low,ADJ-1032,Standard,Team Echo,92.6,7.4
CLM-2025-01207,CNT-101207,CUST-42238,AZ,Southwest,"$16,805.86 ",12/28/2025,12/29/2025,12/30/2025,1/19/2026,1,21,6,4.79,1,No,No,medium,ADJ-1042,Standard,Team Delta,91.1,6.2
CLM-2025-01208,CNT-101208,CUST-11655,CA,West,$797.74 ,1/5/2025,1/7/2025,1/10/2025,1/29/2025,3,22,,4.03,0,Yes,Yes,Medium,ADJ-1017,Standard,Team Team West,81.8,5.2
CLM-2025-01209,CNT-101209,CUST-88801,WA,West,"$1,015.93 ",2/19/2025,N/A,2/22/2025,3/12/2025,2,20,,3.99,1,,No,High,ADJ-1040,Specialist,Team Team Central,94.6,5.7
CLM-2025-01210,CNT-101210,CUST-25278,FL,Southeast,$788.59 ,7/1/2025,7/3/2025,7/4/2025,7/10/2025,1,7,3,2.73,0,Yes,Yes,Medium,,Senior,Team Delta,78.6,6.3
CLM-2025-01211,CNT-101211,CUST-13526,AZ,Southwest,"$2,209.56 ",4/12/2025,4/12/2025,4/12/2025,4/24/2025,0,12,3,1.59,0,No,No,Medium,ADJ-1032,Senior,Team Team Alpha,98.2,8.4
CLM-2025-01212,CNT-101212,CUST-84977,FL,Southeast,"$6,261.22 ",12/17/2025,12/19/2025,12/19/2025,1/15/2026,0,27,3,4.90,1,Yes,Yes,Medium,ADJ-1067,Standard,Team Team Central,76.9,5.7
CLM-2025-01213,CNT-101213,CUST-72082,AZ,Southwest,$875.32 ,8/16/2025,8/16/2025,8/17/2025,8/19/2025,1,3 days,2,3.20,2,No,No,Low,ADJ-1027,Standard,Team Team West,100,6.1
CLM-2025-01214,CNT-101214,CUST-39470,CA,West,"$5,888.00 ",4/23/2025,4/24/2025,4/25/2025,5/19/2025,1 days,25,3,2.73,0,No,No,Medium,ADJ-1019,Senior,Team SouthTeam West,94.1,7.5
CLM-2025-01215,CNT-101215,CUST-86703,TX,South Central,"$18,944.72 ",9/20/2025,9/21/2025,9/22/2025,10/12/2025,1,21,6,5.75,0,No,No,Low,ADJ-1078,Specialist,Team Team West,92.1,4.9
CLM-2025-01216,CNT-101216,CUST-25962,CO,Mountain,"$1,127.39 ",11/17/2025,11/18/2025,11/21/2025,12/4/2025,3,-16,5,3.10,0,No,No,Low,ADJ-1003,Standard,Team Beta,96.1,6
CLM-2025-01217,CNT-101217,CUST-79833,OR,West,$613.71 ,2/1/2025,2/6/2025,2/8/2025,3/10/2025,2,32,5,3.92,1,No,No,High,ADJ-1024,Senior,Team Beta,86.1,5.9
CLM-2025-01218,CNT-101218,CUST-28833,GA,Southeast,"$47,121.51 ",6/10/2025,6/11/2025,6/12/2025,8/9/2025,1,59,4,6.00,0,No,No,Medium,ADJ-1065,Senior,Team Delta,92.2,5.7
CLM-2025-01219,CNT-101219,CUST-97873,GA,Southeast,"$7,581.00 ",1/2/2025,1/5/2025,1/6/2025,2/8/2025,1,34,2,1.56,N/A,No,No,Low,ADJ-1004,Senior,Team Echo,88,8.6
CLM-2025-01220,CNT-101220,CUST-72465,CO,Mountain,"$3,004.80 ",3/24/2025,3/26/2025,3/28/2025,4/17/2025,2,22,4,3.88,0,No,No,Medium,ADJ-1025,Senior,Team Beta,94.5,6.4
CLM-2025-01221,CNT-101221,CUST-63914,TX,South Central,"$1,944.16 ",8/8/2025,8/13/2025,8/15/2025,8/25/2025,2,12,6,4.33,1,No,Yes,Medium,ADJ-1079,Trainee,Team Beta,82.3,6
CLM-2025-01222,CNT-101222,CUST-57116,TX,South Central,"$24,171.74 ",9/24/2025,9/25/2025,9/25/2025,11/11/2025,0,47,7,3.80,2,No,Yes,High,ADJ-1018,Standard,Team Delta,86.4,4.5
CLM-2025-01223,CNT-101223,CUST-96926,AZ,Southwest,$770.86 ,8/15/2025,8/18/2025,8/18/2025,8/23/2025,,5,2,3.87,0,No,No,Medium,ADJ-1020,Standard,Team SouthTeam West,,8.3
CLM-2025-01224,CNT-101224,CUST-50179,IL,Midwest,$949.84 ,11/29/2025,12/1/2025,12/3/2025,12/5/2025,2,4,5,3.55,1,No,No,Medium,ADJ-1042,Standard,Team Team Alpha,93.3,
CLM-2025-01225,CNT-101225,CUST-70761,CA,West,"$4,049.72 ",2/3/2025,2/5/2025,2/6/2025,2/18/2025,1,13,4,3.76,0,No,No,Medium,ADJ-1072,Senior,Team Beta,93.4,8.3
CLM-2025-01226,CNT-101226,CUST-59577,TX,South Central,"$2,125.00 ",3/17/2025,3/20/2025,3/23/2025,4/2/2025,3,13,2,3.32,0,No,No, Low ,ADJ-1070,Trainee,Team Echo,94,5.8
CLM-2025-01227,CNT-101227,CUST-46815,GA,Southeast,"$10,660.20 ",2/19/2025,2/20/2025,2/21/2025,3/27/2025,1,35,2,0.82,0,No,Yes,,ADJ-1026,Senior,Team Team West,91.9,7.5
CLM-2025-01228,CNT-101228,CUST-15200,GA,Southeast,N/A,6/3/2025,13/32/2025,6/6/2025,6/18/2025,1,13,3,2.00,0,No,,Low,ADJ-1020,Specialist,Team Team Alpha,94.7,8
CLM-2025-01229,CNT-101229,CUST-37482,FL,Southeast,"$20,414.81 ",2/7/2025,2/11/2025,2/13/2025,3/24/2025,6,41,4,3.35,1,No,No,High,ADJ-1068,Senior,Team Beta,92.8,7
CLM-2025-01230,CNT-101230,CUST-91272,NM,Southwest,"$7,377.04 ",9/18/2025,9/18/2025,9/19/2025,10/12/2025,1,24,4,3.57,0,,No,Medium,ADJ-1055,Senior,Team SouthTeam West,90.7,7.1
CLM-2025-01231,CNT-101231,CUST-63646,TX,South Central,"$9,043.89 ",5/28/2025,5/30/2025,6/2/2025,7/8/2025,3,39,8,5.11,1,No,No,Medium,ADJ-1050,Standard,Team SouthTeam West,86.9,5.3
CLM-2025-01232,CNT-101232,CUST-38759,CO,Mountain,"$2,435.62 ",1/22/2025,1/24/2025,1/24/2025,1/30/2025,0,6,3,2.64,0,Yes,No,Low,ADJ-1052,Specialist,Team SouthTeam West,84.8,9.7
CLM-2025-01233,CNT-101233,CUST-19638,WA,West,"$6,145.63 ",7/20/2025,7/22/2025,7/23/2025,8/16/2025,1,25,3,2.77,0,No,No,Medium,ADJ-1073,Specialist,Team Delta,95.4,6.5
CLM-2025-01234,CNT-101234,CUST-85668,AZ,Southwest,"$16,670.98 ",5/26/2025,5/29/2025,6/2/2025,7/14/2025,4,46,3,2.08,0,No,No,Low,ADJ-1009,Standard,Team Team Central,92.2,6.8
CLM-2025-01235,CNT-101235,CUST-97957,GA,Southeast,"$11,823.08 ",13/32/2025,2/1/2025,2/4/2025,3/1/2025,3,23,5,1.82,1,No,No,Low,ADJ-1045,Standard,Team Team Central,88.1,6.1
CLM-2025-01236,CNT-101236,CUST-81350,WA,West,"$38,776.88 ",1/14/2025,1/17/2025,1/18/2025,3/10/2025,1,,3,1.68,0,No,No,Medium,ADJ-1024,Standard,Team Team Central,93.3,6.6
CLM-2025-01237,CNT-101237,CUST-47606,CA,West,"$60,957.55 ",2/2/2025,2/3/2025,2/4/2025,3/27/2025,N/A,52,6,5.05,0,No,No,Low,ADJ-1061,Senior,Team Gamma,94,4.5
CLM-2025-01238,CNT-101238,CUST-83470,CA,West,"$5,037.01 ",6/9/2025,6/9/2025,6/10/2025,7/4/2025,1,25,2,2.79,0,No,No,Low,ADJ-1055,Trainee,Team Delta,93.7,6.2
CLM-2025-01239,CNT-101239,CUST-77979,GA,Southeast,"$72,961.52 ",1/6/2025,N/A,1/7/2025,3/10/2025,1,63,6,3.06,0,No,No,Medium,ADJ-1001,Senior,Team Beta,93.5,5.8
CLM-2025-01240,CNT-101240,CUST-51441,TX,South Central,"$7,296.58 ",7/18/2025,7/20/2025,7/22/2025,8/3/2025,2,14,6,4.74,0,No,No, Medium ,ADJ-1009,Trainee,Team Team Central,97,6.2
CLM-2025-01241,CNT-101241,CUST-83548,OR,West,"$23,978.82 ",12/19/2025,12/21/2025,12/21/2025,1/25/2026,0,35,,3.11,0,No,No,Low,ADJ-1035,Standard,Team Delta,100,5.5
CLM-2025-01242,CNT-101242,CUST-56885,NM,Southwest,"$1,623.41 ",7/12/2025,7/14/2025,7/14/2025,7/11/2025,0,-3,1,1.26,0,Yes,No,Low,ADJ-1058,Standard,Team Gamma,81.7,9.9
CLM-2025-01243,CNT-101243,CUST-44401,NV,Southwest,"$26,454.34 ",4/13/2025,4/13/2025,4/14/2025,6/8/2025,1,56,6,2.36,0,,No,Medium,ADJ-1043,Standard,Team Echo,92.1,6.6
CLM-2025-01244,CNT-101244,CUST-67007,IL,Midwest,"$1,616.96 ",,1/26/2025,1/28/2025,2/10/2025,2,15,3,2.52,0,Yes,No,,ADJ-1051,Standard,Team Team Central,94.2,4.8
CLM-2025-01245,CNT-101245,CUST-62324,IL,Midwest,"$7,853.59 ",11/21/2025,11/23/2025,11/25/2025,12/18/2025,2,25,4,4.99,0,No,No,Low,ADJ-1014,Specialist,Team Echo,94.3,5.3
CLM-2025-01246,CNT-101246,CUST-53573,UT,Mountain,"$9,404.44 ",,4/27/2025,4/30/2025,6/21/2025,3,55,6,2.70,0,No,No,High,ADJ-1027,Senior,Team SouthTeam West,87.2,6
CLM-2025-01247,CNT-101247,CUST-83366,UT,Mountain,,3/7/2025,3/9/2025,3/11/2025,4/10/2025,2,32,4,4.00,0,No,No,High,ADJ-1023,Standard,Team Delta,90.7,7.2
CLM-2025-01248,CNT-101248,CUST-11995,GA,Southeast,$774.87 ,4/21/2025,4/23/2025,4/24/2025,5/9/2025,1,16,3,2.58,N/A,No,No,Low,ADJ-1066,Senior,Team Team Alpha,93.5,8.5
CLM-2025-01249,CNT-101249,CUST-83602,NV,Southwest,"$12,232.27 ",11/6/2025,11/7/2025,11/10/2025,12/31/2025,3,54,8,5.69,1,No,No,High,ADJ-1049,Standard,Team Beta,84.5,4.4
CLM-2025-01250,CNT-101250,CUST-46869,AZ,Southwest,"$13,363.31 ",6/26/2025,6/28/2025,7/1/2025,8/12/2025,3,45,6,4.11,1,No,No,High,ADJ-1036,Senior,Team Team West,86.5,6.5
CLM-2025-01251,CNT-101251,CUST-64666,CO,Mountain,$975.49 ,2/4/2025,2/5/2025,2/7/2025,2/15/2025,2,10,1,2.46,N/A,No,No,Low,ADJ-1009,Senior,Team SouthTeam West,89.6,8.6
CLM-2025-01252,CNT-101252,CUST-19106,WA,West,"$20,951.15 ",11/27/2025,11/27/2025,12/1/2025,1/21/2026,4,55,6,4.44,1,No,No,High,ADJ-1008,Specialist,Team Beta,95.5,6.9
CLM-2025-01253,CNT-101253,CUST-21668,NM,Southwest,$722.12 ,5/16/2025,5/19/2025,5/22/2025,6/7/2025,-3,19,5,3.70,0,,No,Low,ADJ-1006,Trainee,Team Team West,93.7,5.8
CLM-2025-01254,CNT-101254,CUST-36291,NM,Southwest,"$2,493.38 ",1/16/2025,1/19/2025,1/21/2025,2/4/2025,2,16,4,3.40,0,No,No,Medium,ADJ-1065,Senior,Team Gamma,97.5,6.1
CLM-2025-01255,CNT-101255,CUST-99867,UT,Mountain,"$14,678.40 ",2/22/2025,2/23/2025,2/23/2025,4/6/2025,0,N/A,3,4.03,1,No,No,High,ADJ-1061,Senior,Team Team Alpha,92,5.8
CLM-2025-01256,CNT-101256,CUST-74017,NV,Southwest,$811.13 ,6/9/2025,6/11/2025,6/13/2025,6/15/2025,2,4,2,3.37,0,No,No,Low,ADJ-1019,Standard,Team SouthTeam West,98,7.7
CLM-2025-01257,CNT-101257,CUST-59455,CO,Mountain,"$1,696.56 ",12/24/2025,12/29/2025,12/31/2025,1/15/2026,2,17 days,3,2.60,0,No,No,medium,ADJ-1027,Senior,Team Delta,92,6.4
CLM-2025-01258,CNT-101258,CUST-46932,NV,Southwest,"$7,891.22 ",7/16/2025,7/18/2025,7/21/2025,8/18/2025,3,N/A,2,1.50,0,No,No,Medium,ADJ-1067,Standard,Team SouthTeam West,90.4,6.2
CLM-2025-01259,CNT-101259,CUST-77030,TX,South Central,"$3,672.45 ",2/10/2025,2/12/2025,2/13/2025,3/5/2025,1 days,21,4,5.17,0,No,Yes,Medium,ADJ-1074,Senior,Team Beta,97.3,5.3
CLM-2025-01260,CNT-101260,CUST-63837,TX,South Central,"$1,791.82 ",6/17/2025,6/19/2025,6/22/2025,6/30/2025,3,11,7,3.67,2,No,No,Low,ADJ-1029,Senior,Team Team Central,91.2,7.3
CLM-2025-01261,CNT-101261,CUST-47395,WA,West,"$1,003.82 ",7/29/2025,7/30/2025,N/A,7/31/2025,N/A,1,2,2.60,0,No,No,Low,ADJ-1071,Senior,Team Team Central,88,6.9
CLM-2025-00461,CNT-101262,CUST-52772,UT,Mountain,"$16,703.08 ",1/24/2025,1/24/2025,1/25/2025,3/8/2025,1,43,5,3.20,0,No,No,High,ADJ-1030,Senior,Team Beta,93.7,6.5
CLM-2025-01263,CNT-101263,CUST-30440,NV,Southwest,"$4,194.85 ",4/2/2025,4/2/2025,4/4/2025,4/21/2025,2,19,4,1.30,1,No,No,Low,ADJ-1001,Standard,Team Delta,,7.1
CLM-2025-01264,CNT-101264,CUST-61362,CA,West,"$2,123.85 ",2/18/2025,2/19/2025,2/20/2025,3/5/2025,1,14,5,5.62,1,No,No,Low,ADJ-1040,Standard,Team SouthTeam West,N/A,6.3
CLM-2025-01265,CNT-101265,CUST-58974,CA,West,"$1,934.32 ",2/23/2025,2/25/2025,3/1/2025,2/20/2025,4,-5,5,5.03,0,No,No,Medium,ADJ-1038,Standard,Team Beta,94.4,4.5
CLM-2025-01266,CNT-101266,CUST-29129,TX,South Central,"$1,616.96 ",8/14/2025,8/16/2025,8/18/2025,9/8/2025,2,23,3,,0,No,Yes,Medium,ADJ-1027,Trainee,Team SouthTeam West,86.5,5.5
CLM-2025-01267,CNT-101267,CUST-72190,AZ,Southwest,"$10,214.20 ",3/11/2025,3/14/2025,3/17/2025,5/2/2025,3,49,N/A,2.68,0,Yes,No,High,ADJ-1047,Specialist,Team Echo,78.2,5.5
CLM-2025-01268,CNT-101268,CUST-95456,AZ,Southwest,"$2,437.60 ",11/22/2025,11/23/2025,11/23/2025,11/25/2025,0,2,1,3.10,0,Yes,No,Low,ADJ-1032,Standard,Team Gamma,96.8,8.9
CLM-2025-01269,CNT-101269,CUST-59394,TX,South Central,,8/3/2025,8/6/2025,8/6/2025,8/18/2025,0,12,1,3.74,0,No,,Medium,ADJ-1040,Trainee,Team Team Central,95.3,6.9
CLM-2025-01270,CNT-101270,CUST-17697,CO,Mountain,"$1,117.64 ",6/15/2025,6/16/2025,,6/26/2025,N/A,10,1,1.60,0,No,No,Medium,ADJ-1074,Trainee,Team Echo,81.9,7.2
CLM-2025-01271,CNT-101271,CUST-95807,IL,Midwest,$982.99 ,10/6/2025,10/7/2025,10/10/2025,10/15/2025,3,8,3,3.40,0,No,No,Low,ADJ-1039,Standard,Team Delta,83.6,6.6
CLM-2025-01272,CNT-101272,CUST-25511,GA,Southeast,"$1,398.94 ",1/16/2025,1/19/2025,1/20/2025,N/A,5,26,4,4.41,1,No,No,Medium,ADJ-1080,Senior,Team Team Alpha,86.6,5.7
CLM-2025-01273,CNT-101273,CUST-92412,WA,West,"$1,466.91 ",2/24/2025,2/24/2025,2/26/2025,3/3/2025,2,7,2,2.19,1,No,,Medium,ADJ-1079,Standard,Team Team West,94.7,7
CLM-2025-01274,CNT-101274,CUST-91696,UT,Mountain,"$2,821.55 ",9/14/2025,9/15/2025,9/17/2025,10/10/2025,2,25,2,2.27,0,No,No,Low,ADJ-1022,Standard,Team SouthTeam West,97.6,7.7
CLM-2025-01275,CNT-101275,CUST-44587,CA,West,"$2,362.88 ",10/14/2025,N/A,10/18/2025,11/5/2025,3,21,3,6.65,1,No,No,Medium,ADJ-1009,Specialist,Team Team West,89,4.7
CLM-2025-01276,CNT-101276,CUST-67074,OR,West,"$1,778.62 ",1/19/2025,1/19/2025,1/21/2025,2/7/2025,2,19,1,0.71,2,No,Yes,Medium,ADJ-1066,Specialist,Team Team West,89.8,7.9
CLM-2025-01277,CNT-101277,CUST-35042,CO,Mountain,$790.78 ,11/25/2025,11/26/2025,11/28/2025,12/9/2025,2,13,2,4.43,1,No,No,Medium,ADJ-1045,Senior,Team Gamma,91.3,5
CLM-2025-01278,CNT-101278,CUST-12238,CA,West,"$8,873.97 ",8/29/2025,8/29/2025,9/1/2025,10/3/2025,3,35,5,5.78,0,No,No,High,ADJ-1043,Senior,Team Team Central,82.1,3.4
CLM-2025-00772,CNT-101279,CUST-58805,FL,Southeast,"$1,287.73 ",8/21/2025,8/22/2025,8/24/2025,8/27/2025,2,17,2,N/A,1,No,Yes,Medium,ADJ-1079,Standard,Team Gamma,100,5.8
CLM-2025-01280,CNT-101280,CUST-61810,FL,Southeast,"$1,373.24 ",6/4/2025,6/4/2025,6/5/2025,6/17/2025,1,13,3,4.01,0,No,No,Low,ADJ-1049,Specialist,Team Delta,97.9,7.8
CLM-2025-01281,CNT-101281,CUST-15420,CO,Mountain,"$67,344.84 ",5/8/2025,5/10/2025,5/10/2025,7/15/2025,0,66,6,4.29,1,No,No, High ,ADJ-1003,Trainee,Team Team Central,90.8,4.5
CLM-2025-01282,CNT-101282,CUST-99787,CA,West,"$2,584.40 ",8/31/2025,9/1/2025,9/3/2025,9/10/2025,2,9,4,2.95,0,No,No,Medium,ADJ-1005,Trainee,Team Beta,95.8,6.2
CLM-2025-01283,CNT-101283,CUST-68555,TX,South Central,"$1,111.42 ",3/18/2025,3/22/2025,3/22/2025,3/29/2025,0,7,3,6.03,2,No,Yes,Low,ADJ-1024,Trainee,Team Echo,88.3,5.7
CLM-2025-01284,CNT-101284,CUST-57159,NV,Southwest,"$2,306.01 ",8/1/2025,8/4/2025,8/4/2025,8/12/2025,0,8,1,1.64,0,Yes,No,Medium,ADJ-1079,Standard,Team Beta,84.9,7.5
CLM-2025-01285,CNT-101285,CUST-68651,FL,Southeast,"$36,029.34 ",5/28/2025,6/1/2025,6/2/2025,7/31/2025,1,60,9,1.72,1,No,No,High,ADJ-1061,Trainee,Team Team Alpha,88.9,5.9
CLM-2025-01286,CNT-101286,CUST-35159,CO,Mountain,"$23,765.19 ",8/22/2025,8/23/2025,8/24/2025,10/9/2025,1,47,7,3.08,1,No,No,High,ADJ-1025,Specialist,Team Echo,87,7.7
CLM-2025-01287,CNT-101287,CUST-89310,CO,Mountain,"$23,039.94 ",1/27/2025,1/27/2025,1/28/2025,3/26/2025,1,58,6,5.28,3,No,Yes,High,ADJ-1013,Senior,Team Echo,85.8,5
CLM-2025-01288,CNT-101288,CUST-85201,CA,West,$978.19 ,5/27/2025,5/28/2025,5/30/2025,6/21/2025,2,24,3,3.56,1,No,No,Low,ADJ-1027,Standard,Team SouthTeam West,94.6,6.7
CLM-2025-01289,CNT-101289,CUST-31237,GA,Southeast,"$3,086.90 ",12/14/2025,12/17/2025,12/19/2025,1/8/2026,2,22,4,1.41,0,No,No,Medium,ADJ-1073,Standard,Team Echo,96.1,7
CLM-2025-01290,CNT-101290,CUST-35767,WA,West,"$2,137.90 ",6/22/2025,6/23/2025,6/24/2025,6/28/2025,1,5,2,2.05,0,No,No,LOW,ADJ-1074,Standard,Team Gamma,96.3,6.9
CLM-2025-01291,CNT-101291,CUST-91337,NV,Southwest,"$17,060.13 ",5/14/2025,5/15/2025,5/16/2025,6/28/2025,1,N/A,6,3.23,0,No,No,High,ADJ-1037,Trainee,Team Delta,N/A,5.8
CLM-2025-01292,CNT-101292,CUST-65476,CA,West,"$4,283.28 ",3/1/2025,3/3/2025,3/4/2025,3/23/2025,1,20,5,4.15,1,No,No,Low,ADJ-1026,Standard,Team Echo,90.5,7.1
CLM-2025-01293,CNT-101293,CUST-94579,OR,West,N/A,3/23/2025,3/24/2025,3/25/2025,4/23/2025,1,30,6,2.98,1,No,No,High,ADJ-1048,Standard,Team Gamma,90.8,8.2
CLM-2025-01294,CNT-101294,CUST-81929,NV,Southwest,"$23,271.01 ",2/5/2025,2/6/2025,13/32/2025,3/23/2025,2,45,5,2.91,0,No,No,Minor,ADJ-1061,Standard,Team Team West,100,7
CLM-2025-01295,CNT-101295,CUST-27553,CA,West,,5/25/2025,5/28/2025,5/30/2025,6/21/2025,2,24,4,3.54,0,No,No,Low,ADJ-1073,Standard,Team Team Central,91,5.5
CLM-2025-01296,CNT-101296,CUST-33519,FL,Southeast,"$5,324.19 ",2/21/2025,2/22/2025,2/24/2025,3/20/2025,2,26,3,3.14,0,No,No,Low,ADJ-1080,Senior,Team Team Central,94.5,6.7
CLM-2025-01297,CNT-101297,CUST-14408,TX,South Central,$494.63 ,4/6/2025,4/6/2025,4/8/2025,4/10/2025,2,4,4,6.07,1,Yes,No,Low,ADJ-1028,Senior,Team Delta,87.1,4.5
CLM-2025-01298,CNT-101298,CUST-32496,AZ,Southwest,"$6,911.02 ",8/16/2025,8/16/2025,8/18/2025,9/2/2025,2,17,3,1.22,0,No,No,Medium,ADJ-1053,Senior,Team Delta,92.3,7.9
CLM-2025-01299,CNT-101299,CUST-53071,UT,Mountain,"$52,043.17 ",5/8/2025,5/11/2025,5/12/2025,6/29/2025,3,49,1,1.40,1,Yes,No,Low,ADJ-1015,Senior,Team Team Central,83.3,7.9
CLM-2025-01300,CNT-101300,CUST-70816,UT,Mountain,"$4,725.70 ",7/20/2025,7/23/2025,7/24/2025,8/11/2025,1,19,3,4.33,1,No,No,Low,ADJ-1068,Standard,Team Gamma,91.5,6.1
CLM-2025-01301,CNT-101301,CUST-89078,NV,Southwest,"$22,465.82 ",1/26/2025,1/30/2025,1/30/2025,3/13/2025,0,42,2,3.09,1,No,No,Low,ADJ-1002,Senior,Team Echo,92.3,6.9
CLM-2025-01302,CNT-101302,CUST-20711,UT,Mountain,"$6,618.86 ",2/28/2025,3/2/2025,3/5/2025,4/16/2025,3,45,7,3.63,1,No,No,High,ADJ-1037,Senior,Team Delta,91.9,6.3
CLM-2025-01303,CNT-101303,CUST-88707,CO,Mountain,"$23,175.75 ",12/8/2025,12/13/2025,,1/8/2026,0,26,2,2.50,0,No,No,Low,ADJ-1026,Specialist,Team Team West,95.2,6.9
CLM-2025-01304,CNT-101304,CUST-28042,AR,Southwest,$619.82 ,7/20/2025,7/22/2025,7/23/2025,8/9/2025,1,18,5,5.09,0,,,Medium,ADJ-1073,Trainee,Team Team West,95.5,4.4
CLM-2025-01305,CNT-101305,CUST-94913,FL,Southeast,"$2,422.08 ",,5/24/2025,5/25/2025,6/20/2025,1,27,5,1.97,0,No,No,Medium,ADJ-1019,Specialist,Team Team Central,,7.6
CLM-2025-01306,CNT-101306,CUST-37229,CA,West,"$2,020.79 ",12/23/2025,12/24/2025,,12/30/2025,2,6,3,4.75,1,No,No,Medium,ADJ-1009,Specialist,Team Echo,92.5,7.5
CLM-2025-01307,CNT-101307,CUST-34959,NM,Southwest,"$1,980.19 ",6/9/2025,6/10/2025,6/12/2025,6/18/2025,2,8,4,2.64,1,No,No,Medium,ADJ-1046,Trainee,Team Team Alpha,92.1,6.5
CLM-2025-01308,CNT-101308,CUST-56630,FL,Southeast,"$8,181.60 ",1/13/2025,1/14/2025,1/16/2025,3/4/2025,2,49,6,4.53,2,No,Yes,HIGH,ADJ-1039,Senior,Team Delta,89.5,4.9
CLM-2025-01309,CNT-101309,CUST-17392,AZ,Southwest,"$1,635.78 ",6/13/2025,6/15/2025,6/17/2025,7/9/2025,2,24,4,3.19,0,No,Yes,High,ADJ-1049,Standard,Team Gamma,86,5.9
CLM-2025-01310,CNT-101310,CUST-65746,OR,West,"$1,548.30 ",8/5/2025,8/6/2025,8/6/2025,N/A,0,5,1,3.45,0,No,No,Medium,ADJ-1070,Standard,Team SouthTeam West,100,8.2
CLM-2025-01311,CNT-101311,CUST-12942,UT,Mountain,"$23,796.05 ",7/16/2025,7/18/2025,13/32/2025,8/29/2025,1,42,5,2.30,3,No,No,High,ADJ-1050,Standard,Team SouthTeam West,90.5,8.6
CLM-2025-01312,CNT-101312,CUST-62842,TX,South Central,"$2,323.78 ",1/10/2025,1/11/2025,1/14/2025,1/24/2025,3,13 days,5,5.10,1,No,No,Medium,ADJ-1009,Senior,Team Echo,88.9,6.4
CLM-2025-01313,CNT-101313,UNKNOWN,CA,West,"$2,852.43 ",6/20/2025,6/22/2025,6/23/2025,7/20/2025,1,28,3,4.25,1,No,No,Medium,ADJ-1035,Standard,Team Team Central,95.8,6.2
CLM-2025-01314,CNT-101314,CUST-62156,NV,Southwest,"$2,063.18 ",12/28/2025,,1/1/2026,1/23/2026,-3,25,7,3.81,1,No,No,Low,ADJ-1073,Senior,Team Delta,96.9,5.5
CLM-2025-01315,CNT-101315,CUST-63053,TX,South Central,"$1,893.20 ",4/21/2025,4/24/2025,4/25/2025,4/25/2025,1,1,4,5.36,1, no ,No,,ADJ-1043,Specialist,Team Beta,99.3,5.8
CLM-2025-01316,CNT-101316,CUST-12813,TX,South Central,"$1,091.91 ",8/5/2025,8/5/2025,8/6/2025,8/12/2025,1,7,5,4.35,0,No,No,Low,ADJ-1020,Standard,Team Beta,93.2,7.6
CLM-2025-01317,CNT-101317,CUST-63680,AZ,Southwest,"$22,899.60 ",1/27/2025,1/28/2025,1/29/2025,3/14/2025,1,45,4,3.15,1,No,Yes,High,ADJ-1063,Senior,Team Team West,83.9,5.5
CLM-2025-01318,CNT-101318,CUST-87569,WA,West,$646.67 ,8/28/2025,8/30/2025,8/30/2025,9/15/2025,0,16,3,3.87,0,No,No,Medium,ADJ-1022,Standard,Team Gamma,89,8.6
CLM-2025-01319,CNT-101319,CUST-69012,NV,Southwest,"$2,328.93 ",3/19/2025,,3/20/2025,4/8/2025,0,19,1,2.54,0,No,No,High,ADJ-1033,Standard,Team Echo,91.8,7.5
CLM-2025-01320,CNT-101320,CUST-97387,GA,Southeast,$923.38 ,1/4/2025,1/6/2025,1/8/2025,1/14/2025,4,8,1,,1,No,Yes,High,ADJ-1019,Standard,Team Delta,91.6,5.9
CLM-2025-01321,CNT-101321,CUST-38119,AZ,Southwest,"$2,980.14 ",12/20/2025,12/20/2025,12/22/2025,1/14/2026,2,25,5,3.23,1,,No,Medium,ADJ-1012,Senior,Team Beta,93.5,7.4
CLM-2025-01322,CNT-101322,CUST-43946,CO,Mountain,"$17,360.87 ",6/7/2025,6/8/2025,6/10/2025,7/22/2025,2,44,5,3.86,,No,Yes,High,ADJ-1029,Specialist,Team Echo,N/A,4.6
CLM-2025-01323,CNT-101323,CUST-20199,CO,Mountain,"$1,057.68 ",4/11/2025,4/11/2025,4/14/2025,4/30/2025,3,9,1,2.74,0,No,No,Medium,ADJ-1052,Senior,Team Delta,87.4,7
CLM-2025-01324,CNT-101324,CUST-81718,AZ,Southwest,"$6,444.20 ",5/28/2025,5/28/2025,5/30/2025,6/20/2025,2,23,N/A,4.01,0,Yes,No,Medium,ADJ-1046,Standard,Team Team Central,89.3,5.4
CLM-2025-01325,CNT-101325,CUST-15188,GA,Southeast,"$4,101.92 ",9/1/2025,9/2/2025,9/2/2025,9/24/2025,,22,5,2.85,0,No,No,Medium,ADJ-1057,Specialist,Team Beta,91.4,5.6
CLM-2025-01326,CNT-101326,CUST-37127,NM,Southwest,"$7,265.78 ",2/12/2025,2/12/2025,2/13/2025,3/14/2025,1,30,3,4.07,0,No,No,High,ADJ-1075,Senior,Team Delta,90.2,7.2
CLM-2025-01327,CNT-101327,CUST-97668,FL,Southeast,"$7,360.63 ",1/10/2025,1/10/2025,1/11/2025,1/25/2025,-1,15,1,2.14,0,No,No,Low,ADJ-1062,Senior,Team Delta,96.6,7.5
CLM-2025-01328,CNT-101328,CUST-10088,CO,Mountain,$795.07 ,9/3/2025,9/3/2025,9/7/2025,9/12/2025,4,9,6,3.80,0,No,No,Low,ADJ-1030,Standard,Team SouthTeam West,91.2,7.4
CLM-2025-01329,CNT-101329,CUST-57833,CA,West,"$3,404.12 ",8/14/2025,8/17/2025,8/19/2025,9/23/2025,2,37,4,5.71,1,No,No,High,ADJ-1080,Senior,Team Team Alpha,89.3,5.1
CLM-2025-01330,CNT-101330,CUST-56703,NM,Southwest,"$2,309.14 ",5/8/2025,5/10/2025,5/13/2025,5/31/2025,3,33,3,2.06,0,Yes,Yes,High,ADJ-1011,,Team Team West,80.5,7.4
CLM-2025-01331,CNT-101331,CUST-66976,GA,Southeast,$950.90 ,11/23/2025,11/24/2025,11/25/2025,11/28/2025,1,4,3,3.89,0,No,No,Low,ADJ-1072,Senior,Team Gamma,,7
CLM-2025-01332,CNT-101332,CUST-66407,TX,South Central,"$2,237.37 ",12/17/2025,12/19/2025,12/20/2025,12/29/2025,1,10,3,5.75,0,No,No,Low,ADJ-1010,Specialist,Team Team Alpha,88.7,7
CLM-2025-01333,CNT-101333,CUST-28593,TX,South Central,"$10,398.36 ",7/17/2025,7/17/2025,7/19/2025,8/24/2025,2,38,7,6.95,1,No,No,High,ADJ-1058,Senior,Team Team Central,92,5.8
CLM-2025-01334,CNT-101334,CUST-14427,NV,Southwest,"$1,074.79 ",7/30/2025,7/30/2025,7/30/2025,8/9/2025,0,10,3,2.25,1,No,No,Medium,ADJ-1071,Specialist,Team Beta,97.7,8.1
CLM-2025-01335,CNT-101335,CUST-25145,IL,Midwest,"$4,360.01 ",1/20/2025,1/24/2025,1/25/2025,2/21/2025,1,28,5,3.55,1,No,No,High,ADJ-1076,Senior,Team Gamma,90.7,6.4
CLM-2025-01336,CNT-101336,CUST-99764,AR,Southwest,"$5,385.22 ",9/4/2025,9/4/2025,9/4/2025,9/29/2025,0,25,3,,1,No,No,Medium,ADJ-1064,Specialist,Team Team Central,94.5,6.1
CLM-2025-01337,CNT-101337,CUST-71711,OR,West,"$2,339.82 ",1/24/2025,1/26/2025,1/27/2025,2/1/2025,1,6 days,2,3.70,0,No,No,Low,ADJ-1005,Specialist,Team Team West,95.2,7.7
CLM-2025-01338,CNT-101338,CUST-29125,CA,West,"$4,449.45 ",9/6/2025,9/9/2025,9/9/2025,9/28/2025,0,19,5,2.76,0,No,No,Low,ADJ-1052,Standard,Team Beta,97.8,7.6
CLM-2025-01339,CNT-101339,CUST-72208,WA,West,"$9,027.05 ",2/4/2025,2/4/2025,2/5/2025,3/8/2025,1,32,4,2.32,1,No,No,Medium,ADJ-1044,Senior,Team Team Central,88.7,7.5
CLM-2025-01340,CNT-101340,CUST-35075,NV,Southwest,$751.24 ,10/26/2025,10/29/2025,N/A,11/20/2025,1,22,4,3.96,0,No,No,High,ADJ-1015,,Team Team West,100,5.2
CLM-2025-01341,CNT-101341,CUST-62262,CA,West,"$2,262.51 ",6/21/2025,6/21/2025,6/23/2025,7/14/2025,2,23,5,4.07,2,No,No,High,ADJ-1034,Senior,Team SouthTeam West,95,7
CLM-2025-01342,CNT-101342,CUST-99506,NV,Southwest,"$1,904.32 ",5/12/2025,5/13/2025,5/13/2025,5/18/2025,0,5,1,3.44,1,No,No,Medium,ADJ-1018,Senior,Team Beta,90.3,7
CLM-2025-01343,CNT-101343,CUST-34233,AZ,Southwest,"$1,573.80 ",3/29/2025,4/1/2025,4/1/2025,4/8/2025,0,7,3,3.86,0,,No,Medium,ADJ-1066,Standard,Team Team Alpha,95,8.7
CLM-2025-01344,CNT-101344,CUST-92027,AZ,Southwest,"$2,278.86 ",13/32/2025,10/19/2025,10/22/2025,11/22/2025,3,34,7,4.44,2,No,No,High,ADJ-1029,Specialist,Team SouthTeam West,92.4,4.7
CLM-2025-01345,CNT-101345,CUST-73856,UT,Mountain,"$6,312.98 ",2/27/2025,3/1/2025,3/1/2025,3/18/2025,0,17,4,3.00,0,No,No,LOW,ADJ-1021,Senior,Team Gamma,97.2,6.3
CLM-2025-01346,CNT-101346,CUST-99111,TX,South Central,"$16,164.15 ",5/16/2025,5/21/2025,5/22/2025,7/5/2025,1,45,5,6.96,2,No,No,High,ADJ-1009,Standard,Team Echo,97.6,3.9
CLM-2025-01347,CNT-101347,CUST-62798,CO,Mountain,"$1,441.43 ",9/21/2025,9/22/2025,9/23/2025,10/8/2025,1,16,4,2.75,0,No,No,Medium,ADJ-1078,Senior,Team Gamma,90.2,6
CLM-2025-01348,CNT-101348,CUST-82068,AZ,Southwest,"$4,509.67 ",1/19/2025,1/21/2025,1/23/2025,1/25/2025,2,4,2,1.45,0,No,No,Low,ADJ-1046,Standard,Team Echo,91.2,8.9
CLM-2025-01349,CNT-101349,CUST-69454,OR,West,"$1,961.45 ",6/16/2025,,6/19/2025,7/7/2025,1,19,3,N/A,0,No,No,Medium,ADJ-1060,Trainee,Team Echo,99.5,7.3
CLM-2025-01350,CNT-101350,UNKNOWN,CA,West,"$13,358.57 ",2/17/2025,2/17/2025,2/19/2025,3/12/2025,2,23,2,3.91,1,No,No,low,ADJ-1066,Senior,Team SouthTeam West,93,5.8
CLM-2025-01351,CNT-101351,CUST-21386,TX,South Central,$536.29 ,9/6/2025,9/6/2025,9/7/2025,9/25/2025,1,19,3,4.86,1,No,No,Medium,ADJ-1008,Standard,Team Beta,90.3,7.7
CLM-2025-01352,CNT-101352,CUST-33568,UT,Mountain,"$1,315.39 ",8/10/2025,8/11/2025,8/12/2025,8/19/2025,1,8,2,3.07,0,No,No,Medium,ADJ-1007,Standard,Team Echo,91.5,6.3
CLM-2025-01353,CNT-101353,CUST-31578,NV,Southwest,"$45,535.00 ",6/22/2025,6/23/2025,6/25/2025,8/11/2025,2,49,4,1.11,0,No,No,Low,ADJ-1001,Standard,Team Gamma,90.6,7.4
CLM-2025-01354,CNT-101354,CUST-40322,CA,West,"$13,169.10 ",9/29/2025,10/1/2025,10/4/2025,11/19/2025,3,49,8,6.35,1,No,Yes,,ADJ-1033,Specialist,Team Delta,85.3,4.2
CLM-2025-01355,CNT-101355,CUST-39316,AZ,Southwest,"$3,014.47 ",8/18/2025,8/21/2025,8/22/2025,9/15/2025,1,25,3,2.20,1,No,No,High,ADJ-1013,Senior,Team Echo,93.7,7.5
CLM-2025-01356,CNT-101356,CUST-35238,GA,Southeast,"$1,382.77 ",10/6/2025,10/8/2025,10/11/2025,10/26/2025,3,18,6,4.71,1,Yes,Yes,High,ADJ-1015,Trainee,Team Team Alpha,82.6,5.6
CLM-2025-00317,CNT-100317,CUST-12774,AZ,Southwest,$556.37 ,9/3/2025,9/6/2025,9/8/2025,9/26/2025,2,20,5,1.37,0,No,Yes,Medium,ADJ-1020,Standard,Team Team Central,85,6
CLM-2025-01358,CNT-101358,CUST-96785,TX,South Central,"$1,769.59 ",9/15/2025,9/16/2025,9/18/2025,9/26/2025,2,10,4,4.67,0,No,No,Medium,ADJ-1034,Senior,Team Delta,95.2,5.6
CLM-2025-01359,CNT-101359,CUST-22600,AZ,Southwest,"$1,817.80 ",6/1/2025,6/5/2025,6/8/2025,6/29/2025,3,24,3,2.70,0,No,No,Medium,ADJ-1003,Standard,Team Beta,,5.9
CLM-2025-01360,CNT-101360,CUST-51605,AZ,Southwest,"$6,884.78 ",7/10/2025,7/12/2025,7/12/2025,7/25/2025,0,13,4,4.22,1,No,No,Low,ADJ-1062,Standard,Team Delta,95.9,6.1
CLM-2025-01361,CNT-101361,CUST-55971,GA,Southeast,"$32,326.08 ",9/29/2025,10/3/2025,10/4/2025,11/30/2025,1,58,6,3.19,0,No,No,Medium,ADJ-1047,Senior,Team Team West,93.1,8
CLM-2025-01362,CNT-101362,CUST-91620,CA,West,"$6,521.67 ",11/5/2025,11/8/2025,11/13/2025,12/1/2025,5,23,6,3.09,0,Yes,Yes,Low,ADJ-1054,Senior,Team Echo,77.8,5.8
CLM-2025-01297,CNT-101363,CUST-13600,TX,South Central,"$17,218.88 ",9/8/2025,9/9/2025,9/12/2025,10/26/2025,3,47,6,4.04,3,No,No,High,ADJ-1059,Standard,Team Team Alpha,93,5.6
CLM-2025-01364,CNT-101364,CUST-26106,WA,West,"$6,042.96 ",5/5/2025,5/7/2025,5/9/2025,6/5/2025,2,29,3,2.20,0,No,No,Medium,ADJ-1051,Standard,Team Delta,100,6
CLM-2025-01365,CNT-101365,CUST-31708,OR,West,"$1,122.76 ",9/7/2025,9/10/2025,9/12/2025,9/27/2025,2,17,3,2.77,0,Yes,No,Low,ADJ-1040,Specialist,Team Team West,89,7.3
CLM-2025-01230,CNT-101366,UNKNOWN,CA,West,"$7,116.99 ",4/28/2025,4/29/2025,4/29/2025,5/20/2025,0,21,2,3.12,0,No,No,Medium,ADJ-1033,Standard,Team SouthTeam West,,6
CLM-2025-01367,CNT-101367,CUST-28086,WA,West,"$47,483.90 ",4/5/2025,4/5/2025,4/5/2025,6/6/2025,0,62,7,4.19,0,No,No,High,ADJ-1063,Senior,Team Echo,91,6.6
CLM-2025-01368,CNT-101368,CUST-26870,IL,Midwest,$783.11 ,8/26/2025,8/26/2025,8/28/2025,9/22/2025,2,27,5,3.64,0,No,No,High,ADJ-1080,Senior,Team Team Alpha,100,5.8
CLM-2025-01369,CNT-101369,CUST-92096,TX,South Central,"$2,381.44 ",11/15/2025,11/16/2025,11/21/2025,12/4/2025,5,30,7,6.87,1,No,No,Medium,ADJ-1004,Senior,Team SouthTeam West,89.2,3.3
CLM-2025-01370,CNT-101370,CUST-25568,CA,West,"$6,718.69 ",,3/9/2025,3/10/2025,4/4/2025,1,26,5,5.06,0,No,No,Low,ADJ-1007,Senior,Team Team Central,89.2,6.3
CLM-2025-01371,CNT-101371,CUST-74300,UT,Mountain,"$8,291.04 ",12/31/2025,1/2/2026,1/5/2026,2/27/2026,3,56,5,4.54,0,No,Yes,High,ADJ-1028,Standard,Team Echo,80,5.2
CLM-2025-00606,CNT-101372,CUST-10348,FL,Southeast,"$3,323.26 ",2/6/2025,2/7/2025,2/8/2025,3/7/2025,1,28,4,3.23,1,No,No,Medium,ADJ-1042,Standard,Team Team West,93.8,7.5
CLM-2025-01373,CNT-101373,CUST-10054,TX,South Central,$984.27 ,11/5/2025,11/8/2025,11/11/2025,11/20/2025,3,12,7,4.21,0,No,No,Low,ADJ-1011,Standard,Team Delta,91.7,6.5
CLM-2025-01374,CNT-101374,CUST-68642,OR,West,"$1,214.74 ",2/19/2025,2/22/2025,2/23/2025,3/6/2025,1,12,2,2.61,0,No,No,Medium,ADJ-1049,Specialist,Team Team West,89,6.9
CLM-2025-01375,CNT-101375,CUST-21856,CO,Mountain,"$3,701.62 ",8/21/2025,8/23/2025,8/25/2025,9/16/2025,2,24,4,2.67,0,No,No,Medium,ADJ-1011,Standard,Team Delta,97.3,8.4
CLM-2025-01376,CNT-101376,CUST-46478,WA,West,$548.16 ,7/28/2025,7/31/2025,8/2/2025,8/16/2025,2,16,3,3.79,0,No,No,Medium,ADJ-1021,Standard,Team Team West,90.5,7.2
CLM-2025-01377,CNT-101377,CUST-63308,FL,Southeast,"$8,995.57 ",1/6/2025,1/11/2025,1/12/2025,2/19/2025,1,39,4,2.17,0,No,No,Low,ADJ-1015,Senior,Team Beta,96.8,7.7
CLM-2025-01378,CNT-101378,CUST-59191,UT,Mountain,"$1,313.01 ",12/30/2025,1/3/2026,1/3/2026,1/25/2026,0,22,1,0.82,0,No,No,Medium,ADJ-1034,Senior,Team Delta,94.4,7.3
CLM-2025-01379,CNT-101379,CUST-25300,OR,West,"$4,412.66 ",5/8/2025,5/8/2025,5/10/2025,6/3/2025,4,26,3,2.59,0,,No,Low,ADJ-1080,Standard,,94.6,6.3
CLM-2025-01380,CNT-101380,CUST-81650,WA,West,($790.46),5/17/2025,5/17/2025,5/17/2025,6/3/2025,0,17,3,0.97,0,No,Yes,Low,ADJ-1039,Specialist,Team Team Central,93.8,6.9
CLM-2025-01381,CNT-101381,CUST-74307,FL,Southeast,"$1,256.50 ",6/27/2025,6/28/2025,6/28/2025,7/18/2025,0,20,1,2.47,0,Yes,No,Medium,ADJ-1017,Standard,Team Echo,84.3,6.8
CLM-2025-01382,CNT-101382,CUST-99022,UT,Mountain,"$2,810.60 ",N/A,11/24/2025,11/26/2025,12/19/2025,N/A,25,4,3.24,0,No,No,Medium,ADJ-1033,Senior,Team Gamma,87.4,6.3
CLM-2025-01383,CNT-101383,CUST-11489,FL,Southeast,"$4,233.45 ",5/10/2025,5/14/2025,5/14/2025,6/3/2025,0,20,5,1.93,0,No,No,Low,ADJ-1028,Standard,Team Gamma,95.6,8.7
CLM-2025-01384,CNT-101384,CUST-81538,NM,Southwest,"$1,213.01 ",3/31/2025,4/1/2025,4/3/2025,4/30/2025,2,29,5,3.83,2,,No,High,ADJ-1069,Standard,Team Gamma,94.1,N/A
CLM-2025-01385,CNT-101385,CUST-62223,IL,Midwest,"$2,176.89 ",12/29/2025,12/29/2025,1/1/2026,1/15/2026,3,17,2,3.60,2,No,No,Medium,ADJ-1052,Senior,Team Team Alpha,91.3,6.1
CLM-2025-01386,CNT-101386,CUST-55171,OR,West,$931.08 ,11/11/2025,11/12/2025,11/15/2025,12/4/2025,3,12,3,N/A,0,No,No,Medium,ADJ-1018,Senior,Team Gamma,,6.4
CLM-2025-01387,CNT-101387,CUST-86561,TX,South Central,"$6,323.23 ",13/32/2025,5/22/2025,5/23/2025,6/20/2025,1,29,6,7.03,1,No,No,High,ADJ-1013,Standard,Team Team Central,91.3,6.2
CLM-2025-01388,CNT-101388,CUST-31982,FL,Southeast,"$2,111.59 ",8/21/2025,8/24/2025,8/25/2025,9/7/2025,1,14,2,2.69,1,No,No,Moderate,ADJ-1068,Senior,Team Team Central,91.2,7.1
CLM-2025-01389,CNT-101389,CUST-46349,CA,West,"$4,174.31 ",12/6/2025,12/8/2025,12/11/2025,1/24/2026,3,47,7,5.75,2,No,Yes,High,ADJ-1047,Senior,Team Echo,80.4,4.5
CLM-2025-01390,CNT-101390,CUST-23988,AR,Southwest,"$7,169.49 ",5/23/2025,5/26/2025,5/26/2025,7/2/2025,0,37,6,3.74,2,No,No,High,ADJ-1055,Standard,Team Gamma,95.9,7
CLM-2025-01391,CNT-101391,CUST-77269,TX,South Central,"$1,465.04 ",6/13/2025,6/15/2025,6/18/2025,7/5/2025,3,20,2,3.53,0,No,No,Medium,ADJ-1034,Senior,Team Beta,95.1,5.5
CLM-2025-01392,CNT-101392,CUST-40825,CA,West,"$3,621.76 ",2/13/2025,2/14/2025,2/16/2025,3/25/2025,2,39,6,4.92,1,No,Yes,High,ADJ-1069,Standard,Team SouthTeam West,82,4.5
CLM-2025-01393,CNT-101393,CUST-13392,WA,West,$775.30 ,12/22/2025,12/24/2025,12/26/2025,1/14/2026,2,,3,4.55,1,No,No,High,ADJ-1033,Senior,Team SouthTeam West,96,5.7
CLM-2025-01394,CNT-101394,CUST-40562,AZ,Southwest,"$2,215.89 ",,6/26/2025,6/26/2025,7/17/2025,0,21,3,2.54,0,No,Yes,Low,ADJ-1004,Specialist,Team Gamma,,7.6
CLM-2025-01395,CNT-101395,CUST-95122,CA,West,"$1,175.22 ",5/29/2025,5/29/2025,6/1/2025,6/19/2025,10,21,5,4.19,2,No,No,High,ADJ-1075,Senior,Team Echo,87.7,5.9
CLM-2025-00221,CNT-100221,CUST-51556,CO,Mountain,"$4,555.87 ",7/29/2025,7/29/2025,7/30/2025,8/21/2025,1,23,4,2.70,0,No,No,Low,ADJ-1010,Senior,Team Team Central,92.4,7.1
CLM-2025-01397,CNT-101397,CUST-79474,CO,Mountain,"$1,707.03 ",13/32/2025,12/25/2025,12/27/2025,1/15/2026,2,21,4,3.50,0,Yes,No,Medium,ADJ-1023,Senior,Team Beta,86.3,6.4
CLM-2025-01398,CNT-101398,CUST-90659,TX,South Central,"$1,071.67 ",4/15/2025,N/A,4/19/2025,4/23/2025,1,5,3,5.24,0,No,No,Low,ADJ-1004,Trainee,Team Beta,99.8,7.1
CLM-2025-01399,CNT-101399,CUST-81130,NM,Southwest,"$1,203.00 ",5/10/2025,5/11/2025,5/12/2025,5/14/2025,1,3,4,,0,No,No,Low,ADJ-1008,Standard,Team Gamma,92.7,8.3
CLM-2025-01400,CNT-101400,CUST-67741,CA,West,"$3,758.11 ",4/6/2025,4/8/2025,4/10/2025,4/25/2025,2,17,3,4.45,2,No,No,Medium,ADJ-1074,Standard,Team Echo,92.7,N/A
CLM-2025-01401,CNT-101401,CUST-90841,IL,Midwest,"$8,010.98 ",11/27/2025,11/27/2025,11/29/2025,12/21/2025,2,24,5,3.11,1,No,Yes,Low,ADJ-1044,Senior,Team Echo,86.5,6.6
CLM-2025-01402,CNT-101402,CUST-36943,GA,Southeast,$582.08 ,3/27/2025,3/29/2025,3/30/2025,3/30/2025,1,1,2,1.10,0,No,No,Low,ADJ-1079,Standard,Team Gamma,94,6.4
CLM-2025-01403,CNT-101403,CUST-36787,CO,Mountain,"$4,952.18 ",8/21/2025,8/21/2025,8/23/2025,9/22/2025,2,32,3,2.50,1,No,No,High,ADJ-1027,Specialist,Team Gamma,94.8,6.3
CLM-2025-01404,CNT-101404,CUST-43397,CO,Mountain,"$1,974.48 ",7/26/2025,7/29/2025,7/29/2025,8/1/2025,0,3,1,1.80,1,No,,Medium,ADJ-1062,Senior,Team Team Central,97.4,8.6
CLM-2025-01405,CNT-101405,CUST-63810,AZ,Southwest,"$5,412.60 ",4/19/2025,4/19/2025,4/20/2025,5/10/2025,,21,3,2.73,0,No,No,Medium,ADJ-1076,Standard,Team Echo,87.1,7.6
CLM-2025-01406,CNT-101406,CUST-32722,TX,South Central,"$9,744.54 ",12/25/2025,12/25/2025,12/28/2025,2/2/2026,3,39,6,4.20,0,No,No,Low,ADJ-1041,Standard,Team Team Alpha,85.7,6.4
CLM-2025-01397,CNT-101397,CUST-79474,CO,Mountain,"$1,707.03 ",13/32/2025,12/25/2025,12/27/2025,1/15/2026,2,21,4,3.50,0,Yes,No,Medium,ADJ-1023,Senior,Team Beta,86.3,6.4
CLM-2025-01408,CNT-101408,CUST-38108,WA,West,"$15,107.12 ",10/7/2025,10/7/2025,10/9/2025,,2,33,5,3.57,1,No,No,Medium,ADJ-1016,Trainee,Team SouthTeam West,100,6
CLM-2025-01409,CNT-101409,CUST-65323,TX,South Central,"$1,035.72 ",5/2/2025,5/4/2025,5/4/2025,5/17/2025,0,,4,5.78,1,No,Yes,Medium,ADJ-1027,Senior,Team Team Alpha,92,7.1
CLM-2025-01410,CNT-101410,CUST-22377,AZ,Southwest,"$4,012.20 ",1/26/2025,1/26/2025,1/26/2025,2/12/2025,N/A,17,3,1.98,1,No,No,Low,ADJ-1076,Specialist,Team Echo,98.1,9.3
CLM-2025-01411,CNT-101411,CUST-53811,TX,South Central,"$1,002.53 ",10/19/2025,10/22/2025,10/24/2025,11/14/2025,2,23,5,,4,No,No,High,ADJ-1018,Standard,Team Team Alpha,95.5,5.6
CLM-2025-01412,CNT-101412,CUST-72884,WA,West,"$1,560.36 ",7/3/2025,7/4/2025,7/5/2025,,1,24,4,2.24,1,No,No,Medium,ADJ-1054,Standard,Team Team West,95.2,8.4
CLM-2025-01413,CNT-101413,CUST-94096,TX,South Central,"$3,860.18 ",6/5/2025,6/5/2025,6/7/2025,6/29/2025,2,24,5,3.11,2,No,No,Medium,ADJ-1019,Senior,Team SouthTeam West,98,7.1
CLM-2025-01414,CNT-101414,CUST-15900,CA,West,"$1,202.89 ",8/11/2025,8/11/2025,8/12/2025,9/3/2025,1,23,6,4.12,0,,Yes,Medium,ADJ-1060,Standard,Team Team West,95.1,6.1
CLM-2025-01415,CNT-101415,CUST-55915,TX,South Central,"$1,417.52 ",1/10/2025,1/12/2025,1/15/2025,1/29/2025,3,17,1,3.68,1,No,No,Low,ADJ-1011,Standard,Team Team West,93.8,8.4
CLM-2025-01416,CNT-101416,CUST-88246,NV,Southwest,"$2,319.56 ",10/8/2025,10/10/2025,10/11/2025,11/2/2025,1,23,4,3.41,0,No,No,Medium,ADJ-1034,Standard,Team Gamma,88.5,8.4
CLM-2025-01417,CNT-101417,CUST-95133,TX,South Central,"$2,538.74 ",9/4/2025,9/5/2025,9/6/2025,9/25/2025,1,20,5,6.62,3,No,Yes,Medium,ADJ-1063,,Team Gamma,88.8,3.5
CLM-2025-01418,CNT-101418,CUST-54769,TX,South Central,"$24,657.15 ",6/24/2025,6/29/2025,7/3/2025,8/16/2025,4,48,6,5.92,1,No,No,High,ADJ-1051,Standard,Team Delta,N/A,4
CLM-2025-01419,CNT-101419,CUST-17002,NV,Southwest,"$1,228.00 ",10/16/2025,10/20/2025,10/21/2025,11/15/2025,1,26,4,1.75,0,No,No,Low,ADJ-1031,Senior,Team Gamma,92.1,8.4
CLM-2025-01420,CNT-101420,CUST-52261,TX,South Central,"$2,443.15 ",12/31/2025,1/2/2026,1/5/2026,2/1/2026,3,30,4,5.82,2,No,Yes,High,ADJ-1079,Trainee,Team Delta,85.8,5
CLM-2025-01421,CNT-101421,CUST-70887,CA,West,"$1,112.98 ",10/10/2025,10/13/2025,10/15/2025,10/23/2025,2,10,N/A,3.78,1,No,No,Low,ADJ-1014,Standard,Team Echo,100,7.3
CLM-2025-01422,CNT-101422,CUST-79532,CA,West,"$4,089.32 ",4/15/2025,4/15/2025,4/17/2025,4/28/2025,-2,13,1,3.87,0,No,No,Low,ADJ-1033,Standard,Team Team Alpha,91.1,7.4
CLM-2025-01423,CNT-101423,CUST-49165,AZ,Southwest,"$4,879.18 ",7/14/2025,7/16/2025,7/17/2025,8/18/2025,1,33,1,3.12,1,No,No,High,ADJ-1032,Trainee,Team Team Alpha,91.1,8.6
CLM-2025-01424,CNT-101424,CUST-53886,NV,Southwest,"$1,762.53 ",12/29/2025,12/29/2025,12/29/2025,12/30/2025,0,-1,1,N/A,1,No,,LOW,ADJ-1018,Standard,Team Beta,90.6,7.8
CLM-2025-01425,CNT-101425,CUST-18101,FL,Southeast,"$1,886.76 ",5/24/2025,5/25/2025,5/27/2025,6/9/2025,2,15,2,1.70,0,No,No,Medium,ADJ-1013,Standard,Team Delta,96.8,7.2
CLM-2025-01426,CNT-101426,CUST-62604,UT,Mountain,$960.61 ,,1/1/2026,1/3/2026,1/23/2026,2,22,1,2.35,0,No,No,Medium,ADJ-1031,Standard,Team SouthTeam West,89.3,7.7
CLM-2025-01427,CNT-101427,CUST-45940,AZ,Southwest,"$3,510.10 ",4/23/2025,4/23/2025,4/25/2025,5/26/2025,2,33,2,4.49,1,No,No,,ADJ-1045,Senior,Team Team West,95,5.4
CLM-2025-01428,CNT-101428,CUST-30535,GA,Southeast,"$1,977.62 ",4/7/2025,4/9/2025,4/10/2025,4/13/2025,1,4 days,1,2.55,1,No,No,Medium,ADJ-1027,Senior,Team Team Central,100,8.1
CLM-2025-01429,CNT-101429,CUST-86426,WA,West,"$2,284.45 ",2/15/2025,2/16/2025,2/19/2025,3/21/2025,3,33,4,3.42,1, no ,No,HIGH,ADJ-1002,Senior,Team Delta,81.4,6.6
CLM-2025-01430,CNT-101430,CUST-66285,UT,Mountain,"$2,088.17 ",1/20/2025,1/20/2025,1/23/2025,1/21/2025,3,1,2,2.29,0,No,No,Low,ADJ-1021,Specialist,Team Beta,94.8,8.6
CLM-2025-01431,CNT-101431,CUST-89432,CO,Mountain,"$56,928.51 ",4/16/2025,4/16/2025,4/16/2025,6/9/2025,0,54 days,4,2.72,1,No,No,Medium,ADJ-1060,Standard,Team Team Central,98,8
CLM-2025-01432,CNT-101432,CUST-19875,CA,West,$929.92 ,12/30/2025,12/31/2025,1/2/2026,1/22/2026,2,22,,5.67,0,No,No,Low,ADJ-1023,Standard,Team Beta,95.7,5.4
CLM-2025-01433,CNT-101433,CUST-33727,IL,Midwest,"$31,828.97 ",2/10/2025,2/10/2025,2/11/2025,4/18/2025,1,67,6,2.36,0,No,No,Medium,ADJ-1067,Senior,Team Delta,97.2,7.4
CLM-2025-01434,CNT-101434,CUST-70111,WA,West,"$1,310.42 ",6/23/2025,6/23/2025,6/24/2025,6/29/2025,1,18,1,2.47,0,No,No,Medium,ADJ-1039,Standard,Team Team West,105,9
CLM-2025-01435,CNT-101435,CUST-42477,AZ,Southwest,"$20,501.65 ",9/5/2025,9/6/2025,9/6/2025,10/30/2025,0,54,6,3.48,1,No,No,High,ADJ-1016,Standard,Team Team Alpha,94.1,6.4
CLM-2025-01436,CNT-101436,CUST-73502,TX,South Central,N/A,12/20/2025,12/26/2025,12/28/2025,1/31/2026,2,36,5,6.58,0,No,No,High,ADJ-1023,Trainee,Team SouthTeam West,90.9,4.9
CLM-2025-01437,CNT-101437,CUST-42490,NV,Southwest,"$9,881.97 ",,6/18/2025,6/20/2025,7/22/2025,2,34,3,4.22,2,No,No,Low,ADJ-1063,Senior,Team Team Central,89.9,8.7
CLM-2025-01438,,CUST-97084,TX,South Central,"$64,238.34 ",7/24/2025,N/A,7/26/2025,9/23/2025,2,-61,8,5.33,0,No,No,Low,ADJ-1061,Standard,Team Team Alpha,90.4,4.1
CLM-2025-01439,CNT-101439,CUST-14454,CA,West,"$4,607.91 ",2/16/2025,2/16/2025,2/18/2025,3/17/2025,2,29,4,,2,Yes,No,Medium,ADJ-1045,Trainee,Team Delta,90.6,5.5
CLM-2025-01440,CNT-101440,CUST-52492,TX,South Central,"$1,732.88 ",5/23/2025,,5/28/2025,6/10/2025,5,18,N/A,4.69,0,Yes,Yes,Low,ADJ-1041,Trainee,Team Gamma,75.6,5.9
CLM-2025-01441,CNT-101441,CUST-10011,CA,West,"$27,072.57 ",3/20/2025,3/20/2025,3/23/2025,5/19/2025,7,60,6,4.19,0,No,,Medium,ADJ-1029,,Team Echo,94.3,4.5
CLM-2025-01442,CNT-101442,CUST-31533,IL,Midwest,"$10,041.94 ",6/9/2025,6/9/2025,6/9/2025,7/16/2025,0,37,3,3.13,0,No,No,Medium,ADJ-1013,Trainee,Team Team Central,98.4,7
CLM-2025-01443,CNT-101443,CUST-10318,NM,Southwest,"$4,298.52 ",5/8/2025,,5/11/2025,5/18/2025,2,9,4,4.32,2,No,No,,ADJ-1063,Standard,Team Echo,92.1,6.4
CLM-2025-01444,CNT-101444,CUST-39351,AZ,Southwest,"$6,130.82 ",8/1/2025,8/5/2025,8/6/2025,,1,24,3,1.81,0,No,No,Medium,ADJ-1018,Senior,Team SouthTeam West,97.7,7.4
CLM-2025-01445,CNT-101445,CUST-51254,TX,South Central,"$2,178.27 ",7/1/2025,7/2/2025,7/3/2025,7/11/2025,1,9,3,N/A,0,No,No,Medium,ADJ-1020,Trainee,Team Team West,93.8,6.3
CLM-2025-01446,CNT-101446,CUST-73351,TX,South Central,"$6,982.37 ",6/20/2025,6/20/2025,6/22/2025,7/9/2025,2,19,6,5.82,1,No,No,Medium,ADJ-1011,Standard,Team Gamma,100,5.2
CLM-2025-01447,CNT-101447,CUST-41800,TX,South Central,"$2,784.44 ",10/5/2025,10/11/2025,10/13/2025,10/6/2025,2,-5,4,4.67,1,No,Yes,Medium,ADJ-1050,Standard,Team Beta,81.2,5.4
CLM-2025-01448,CNT-101448,CUST-72785,CO,Mountain,"$4,053.59 ",9/15/2025,9/17/2025,9/18/2025,10/7/2025,1,20,N/A,3.80,0,No,No,Medium,ADJ-1050,Trainee,Team SouthTeam West,99.2,N/A
CLM-2025-01449,CNT-101449,CUST-36115,CA,West,"$1,355.58 ",1/9/2025,1/12/2025,1/15/2025,1/26/2025,3,14,3,3.10,2,No,No,High,ADJ-1068,Standard,Team Beta,91.5,7.4
CLM-2025-01450,CNT-101450,CUST-86492,NV,Southwest,"$2,272.76 ",1/28/2025,1/28/2025,1/30/2025,2/8/2025,2 days,11,2,1.38,2,Yes,No,High,ADJ-1009,Standard,Team SouthTeam West,85.4,5.4
CLM-2025-01451,CNT-101451,CUST-54029,GA,Southeast,"$7,184.95 ",11/5/2025,11/5/2025,11/7/2025,12/7/2025,2,32,4,2.21,0,No,No,Medium,ADJ-1045,Standard,Team Team West,90.7,6.3
CLM-2025-01452,CNT-101452,CUST-88123,FL,Southeast,"$1,599.50 ",2/17/2025,2/20/2025,2/22/2025,2/23/2025,2,3,3,2.40,0,No,No,Medium,ADJ-1009,Trainee,Team Echo,98,7
CLM-2025-01453,CNT-101453,CUST-12845,UT,Mountain,"$7,971.42 ",8/29/2025,9/2/2025,9/2/2025,9/24/2025,0,22,6,3.80,1, no ,No,Medium,ADJ-1010,Specialist,Team Echo,88.6,7
CLM-2025-01454,CNT-101454,CUST-47849,CA,West,"$2,339.82 ",8/2/2025,N/A,8/7/2025,8/29/2025,3,25,6,4.99,2,No,No,High,ADJ-1030,Standard,Team Beta,91,6.3
CLM-2025-01455,CNT-101455,CUST-54119,OR,West,"$13,318.63 ",6/25/2025,6/25/2025,6/25/2025,8/2/2025,0,38,5,3.07,0,No,No,High,ADJ-1010,Senior,Team Delta,89.6,7.6
CLM-2025-01456,CNT-101456,CUST-34217,TX,South Central,"$4,482.88 ",8/11/2025,8/12/2025,8/14/2025,8/23/2025,2,11,4,4.30,0,Yes,No,Medium,ADJ-1004,Trainee,Team Gamma,89.8,6.4
CLM-2025-01457,CNT-101457,CUST-20541,TX,South Central,"$2,313.59 ",8/18/2025,8/20/2025,8/22/2025,8/27/2025,0,N/A,4,5.40,0, no ,No,Medium,ADJ-1041,Standard,Team SouthTeam West,91.5,5.4
CLM-2025-01458,CNT-101458,CUST-20719,FL,Southeast,"$4,586.76 ",9/7/2025,9/10/2025,9/12/2025,9/30/2025,2,20,5,2.60,0,No,No,Medium,ADJ-1045,Standard,Team Beta,90.8,7.4
CLM-2025-01459,CNT-101459,CUST-42078,WA,West,"$5,388.82 ",3/9/2025,3/9/2025,3/10/2025,3/16/2025,1,7,1,2.53,0,No,No,Low,ADJ-1021,Senior,Team Team Alpha,96.6,7.7
CLM-2025-01460,CNT-101460,CUST-50650,CA,West,"$2,209.34 ",10/11/2025,10/11/2025,10/13/2025,10/24/2025,2,13 days,6,4.21,0,No,No,Medium,ADJ-1006,Standard,Team SouthTeam West,98.5,5.4
CLM-2025-01461,CNT-101461,CUST-17081,TX,Unknown,"$2,009.00 ",7/29/2025,7/30/2025,8/2/2025,8/9/2025,3,10,4,5.78,0,No,No,LOW,ADJ-1064,Standard,Team Team Alpha,88.5,N/A
CLM-2025-01462,CNT-101462,CUST-89387,AZ,Southwest,"$2,424.04 ",4/14/2025,4/17/2025,,5/1/2025,2,14,2,2.41,0,No,No,Low,ADJ-1034,Senior,Team Team Alpha,97.5,7.2
CLM-2025-01463,CNT-101463,CUST-60137,TX,South Central,"$2,726.61 ",8/25/2025,8/28/2025,,9/10/2025,1,13,3,4.53,2, no ,No,Minor,ADJ-1074,Senior,Team Gamma,93.6,6
CLM-2025-01464,CNT-101464,CUST-17177,IL,Midwest,"$2,884.90 ",7/3/2025,7/3/2025,7/4/2025,7/31/2025,1,28,4,2.39,0,No,No,Low,ADJ-1069,Standard,Team Team Central,92.1,7.6
CLM-2025-01465,CNT-101465,CUST-20102,GA,Southeast,$612.09 ,8/30/2025,8/30/2025,,9/11/2025,2,2,3,3.28,0,No,No,Medium,ADJ-1005,Standard,Team Team West,88.8,6.8
CLM-2025-01466,CNT-101466,CUST-55116,OR,West,"$1,621.72 ",9/12/2025,9/13/2025,9/14/2025,9/30/2025,-1,17,4,3.68,0,No,No,,ADJ-1018,Trainee,Team Delta,88.6,7.8
CLM-2025-01467,CNT-101467,CUST-44777,CA,West,"$40,339.38 ",7/31/2025,8/3/2025,8/5/2025,9/24/2025,2,52,7,6.08,2,No,Yes,Medium,ADJ-1075,Standard,Team Team West,87.7,4
CLM-2025-01468,CNT-101468,CUST-81951,NM,Southwest,"$6,191.17 ",6/4/2025,6/5/2025,6/6/2025,7/6/2025,1,31,3,2.53,0,No,,Low,ADJ-1063,Trainee,Team Delta,88.1,8.2
CLM-2025-01469,CNT-101469,CUST-66883,CA,West,"$2,350.71 ",7/14/2025,7/17/2025,7/18/2025,7/31/2025,1,14,6,3.37,0,No,No,Medium,ADJ-1053,Senior,Team Team Alpha,93.9,7.8
CLM-2025-01470,CNT-101470,CUST-58924,NV,Southwest,"$4,242.17 ",9/7/2025,9/7/2025,9/7/2025,9/22/2025,0,10,2,2.22,0,No,No,Low,ADJ-1039,Trainee,Team Team Alpha,100,7
CLM-2025-01471,CNT-101471,CUST-51608,OR,West,"$7,016.57 ",8/27/2025,8/29/2025,8/31/2025,9/21/2025,2,23,4,3.52,1,No,No,Medium,ADJ-1065,Specialist,Team Echo,91.3,5.9
CLM-2025-01472,CNT-101472,CUST-26915,CA,West,"$8,980.83 ",3/10/2025,3/12/2025,3/14/2025,4/29/2025,2,48,6,5.80,1,No,No,High,ADJ-1013,Standard,Team Team Central,92.9,5.4
CLM-2025-01473,CNT-101473,CUST-43520,TX,South Central,"$1,020.93 ",6/4/2025,6/6/2025,6/9/2025,13/32/2025,3,39,5,4.88,0,No,No,Low,ADJ-1027,Senior,Team Team Central,100,
CLM-2025-01474,CNT-101474,CUST-29679,NV,Southwest,"$8,889.91 ",7/29/2025,7/31/2025,7/31/2025,8/19/2025,0,19,3,2.55,0,No,No,Low,ADJ-1058,Senior,Team Delta,95.4,7.7
CLM-2025-01475,CNT-101475,CUST-20604,CA,West,"$19,232.96 ",6/12/2025,6/18/2025,6/19/2025,8/1/2025,1,44,4,6.34,2,No,No,Low,ADJ-1018,Trainee,Team Echo,93.9,5.2
CLM-2025-01476,CNT-101476,CUST-56216,CA,West,"$1,949.62 ",,6/23/2025,6/27/2025,7/5/2025,4,12,1,3.42,,,Yes,Low,ADJ-1058,Senior,Team Echo,91.5,6.5
CLM-2025-01477,CNT-101477,CUST-78697,UT,Mountain,$646.75 ,9/13/2025,9/13/2025,9/15/2025,9/21/2025,2,8 days,4,2.59,1,No,No,Medium,ADJ-1072,Standard,Team Echo,100,6.6
CLM-2025-01478,CNT-101478,CUST-30765,IL,Midwest,"$18,454.28 ",7/17/2025,7/22/2025,7/22/2025,9/5/2025,0,45,5,5.26,0,No,No,High,ADJ-1038,Standard,Team Echo,87.4,5.9
CLM-2025-01479,CNT-101479,CUST-17697,GA,Southeast,"$31,889.04 ",7/12/2025,7/12/2025,7/14/2025,9/19/2025,2,69,8,4.50,2,No,No,High,ADJ-1026,Standard,Team Beta,95.9,6.9
CLM-2025-00413,CNT-101480,CUST-75746,GA,Southeast,"$4,383.44 ",,2/13/2025,2/13/2025,3/2/2025,0,17,3,3.21,0,No,No,Low,ADJ-1018,Specialist,Team Delta,90.8,6.6
CLM-2025-01481,,CUST-64728,TX,South Central,"$2,043.57 ",12/3/2025,12/5/2025,12/5/2025,12/19/2025,0,14,5,,1,No,No,Medium,ADJ-1020,Standard,Team Team West,92.9,5.6
CLM-2025-01482,CNT-101482,CUST-45499,CO,Mountain,"$1,129.86 ",11/17/2025,11/19/2025,11/20/2025,11/30/2025,1,11,4,2.72,0, no ,No,Medium,ADJ-1077,Specialist,Team Team Alpha,88.8,7.7
CLM-2025-01483,CNT-101483,CUST-30754,OR,West,"$2,389.04 ",5/20/2025,N/A,5/25/2025,6/15/2025,8,22,3,2.51,0,No,Yes,Medium,ADJ-1065,Senior,Team Team West,88.2,6.4
CLM-2025-01484,CNT-101484,CUST-91770,WA,West,"$3,617.51 ",9/21/2025,9/23/2025,9/24/2025,10/9/2025,1,16,4,1.41,0,No,No,Low,ADJ-1007,Specialist,Team Team Central,91.7,8.4
CLM-2025-01485,CNT-101485,CUST-38197,TX,South Central,"$17,366.00 ",1/8/2025,1/11/2025,1/12/2025,3/1/2025,1,49,7,6.11,0,No,No,Medium,ADJ-1052,Standard,Team Delta,93.4,0
CLM-2025-01486,CNT-101486,CUST-89607,AZ,Southwest,"$1,785.84 ",2/15/2025,2/19/2025,2/21/2025,3/7/2025,2,16 days,4,3.50,0, no ,No,Low,ADJ-1056,Senior,Team SouthTeam West,98.7,6
CLM-2025-01487,CNT-101487,CUST-73864,AZ,Southwest,"$1,393.35 ",6/8/2025,6/9/2025,6/10/2025,7/2/2025,N/A,23,5,3.79,0,No,No,Medium,ADJ-1024,Standard,Team SouthTeam West,93.9,7.6
CLM-2025-01488,CNT-101488,CUST-64017,NV,Southwest,"$2,132.53 ",7/21/2025,7/21/2025,7/23/2025,8/21/2025,2,31,2,3.66,2,No,No,High,ADJ-1056,Senior,Team Beta,88.3,7.1
CLM-2025-01489,CNT-101489,CUST-57173,AR,Southwest,"$54,498.72 ",5/23/2025,5/25/2025,5/25/2025,7/19/2025,0,55,5,6.00,1,No,No,High,ADJ-1007,Senior,Team Beta,86.2,6.1
CLM-2025-00337,CNT-101490,CUST-65944,CO,Mountain,$727.33 ,8/27/2025,8/29/2025,8/31/2025,9/12/2025,2,14,2,2.69,0,No,No,Low,ADJ-1020,Senior,Team Team West,92.2,7.6
CLM-2025-01491,CNT-101491,CUST-69319,OR,West,"$7,938.04 ",9/6/2025,9/8/2025,9/11/2025,10/16/2025,3,38,5,2.89,1,No,No,High,ADJ-1055,Senior,Team Beta,90.9,6
CLM-2025-01492,CNT-101492,CUST-56853,NV,Southwest,"$4,495.25 ",,8/14/2025,8/17/2025,9/4/2025,3,21,1,1.30,0,No,No,Medium,ADJ-1061,Standard,Team Team West,93.4,5.7
CLM-2025-01493,CNT-101493,CUST-45075,CA,West,"$1,150.53 ",7/6/2025,7/10/2025,7/12/2025,7/29/2025,2,19,3,3.21,1,No,No,High,ADJ-1044,Senior,Team Team Alpha,87.4,
CLM-2025-01494,CNT-101494,CUST-31272,WA,West,"$2,273.47 ",5/26/2025,5/29/2025,N/A,6/17/2025,2,19,2,2.54,0,Yes,No,Medium,ADJ-1023,Standard,Team Delta,89.6,6.7
CLM-2025-01495,CNT-101495,CUST-12885,NV,Southwest,"$58,160.25 ",4/6/2025,4/8/2025,4/9/2025,6/6/2025,1,59,N/A,4.22,0,No,No,Low,ADJ-1016,Trainee,Team Gamma,96.3,5
CLM-2025-01496,CNT-101496,CUST-36574,IL,Midwest,"$1,097.14 ",6/20/2025,6/23/2025,6/24/2025,7/11/2025,1,18,1,1.91,1,No,No,Medium,ADJ-1067,Senior,Team Gamma,97.2,6.7
CLM-2025-01497,CNT-101497,CUST-43861,CA,West,"$1,685.18 ",12/19/2025,12/19/2025,12/22/2025,1/28/2026,3,40,2,3.07,0,No,Yes,Medium,ADJ-1003,Standard,Team Echo,86.5,5.5
CLM-2025-01498,CNT-101498,CUST-44639,FL,Southeast,$832.98 ,6/7/2025,6/7/2025,6/8/2025,6/22/2025,1,15,1,2.79,2,No,No,Low,ADJ-1040,Standard,Team Team West,95.5,9
CLM-2025-01499,CNT-101499,CUST-42305,TX,South Central,$732.46 ,12/7/2025,12/11/2025,12/14/2025,1/6/2026,3,26,5,5.71,0,No,No,Medium,ADJ-1034,Senior,Team Team Alpha,88.9,5.9
CLM-2025-01500,CNT-101500,CUST-76618,TX,South Central,"$7,268.98 ",2/1/2025,,2/3/2025,3/6/2025,1,32,3,5.08,0,No,No,Medium,ADJ-1074,Standard,Team Echo,100,5.4
CLM-2025-01501,CNT-101501,CUST-58799,IL,Midwest,"$1,232.16 ",6/18/2025,6/19/2025,6/21/2025,,2,16,4,1.92,0,No,No,,ADJ-1019,,Team Gamma,91.2,8
CLM-2025-01502,CNT-101502,CUST-95005,TX,South Central,"$1,490.22 ",3/4/2025,3/6/2025,3/8/2025,3/20/2025,2,14,5,5.08,0,,No,Medium,ADJ-1032,Senior,Team Team Alpha,90.8,6
CLM-2025-01503,CNT-101503,CUST-14936,FL,Southeast,"$1,346.05 ",10/12/2025,10/17/2025,10/17/2025,10/19/2025,0,2,4,4.06,1,No,No,Low,ADJ-1072,Senior,Team Team Alpha,100,7.3
CLM-2025-01504,CNT-101504,CUST-66785,AZ,Southwest,"$6,215.58 ",8/30/2025,N/A,9/1/2025,9/26/2025,0,30,2,1.60,1,No,No,Medium,ADJ-1029,Senior,Team SouthTeam West,95.2,7.9
CLM-2025-01505,CNT-101505,CUST-98095,OR,West,"$5,536.15 ",6/6/2025,13/32/2025,6/10/2025,7/8/2025,0,28,7,1.78,0,No,No,Low,ADJ-1026,Standard,Team Team West,93.5,8.6
CLM-2025-01506,CNT-101506,CUST-94078,AZ,Southwest,$943.29 ,2/2/2025,2/2/2025,2/5/2025,2/11/2025,3 days,9,1,2.70,0,No,No,Low,ADJ-1074,Senior,Team Delta,89.7,6.5
CLM-2025-01507,CNT-101507,CUST-23389,OR,West,"$1,549.33 ",11/14/2025,11/16/2025,11/19/2025,11/26/2025,3,10,5,3.29,0,No,Yes,Low,ADJ-1019,Trainee,Team Team Alpha,88.4,5.8
CLM-2025-01508,CNT-101508,CUST-41540,FL,Southeast,$677.83 ,3/27/2025,3/27/2025,3/27/2025,4/24/2025,0,28,2,3.24,N/A,No,Yes,Low,ADJ-1021,Trainee,Team Echo,100,7.5
CLM-2025-01509,CNT-101509,CUST-47023,NV,Southwest,"$6,277.79 ",11/15/2025,11/17/2025,11/17/2025,11/29/2025,0,12,2,3.37,1,No,No,Medium,ADJ-1079,Senior,Team SouthTeam West,96.2,6.8
CLM-2025-01296,CNT-101510,CUST-89218,CA,West,"$6,950.93 ",4/23/2025,4/23/2025,4/26/2025,5/21/2025,3,28,3,4.47,1,No,No,High,ADJ-1075,Senior,Team Gamma,94.7,5.4
CLM-2025-01511,CNT-101511,CUST-49060,CO,Mountain,"$1,750.73 ",3/29/2025,4/1/2025,4/2/2025,4/11/2025,1,10,1,2.36,2,No,No,Low,ADJ-1022,Senior,Team Team Central,90.6,
CLM-2025-01512,CNT-101512,CUST-82862,CA,West,"$18,411.29 ",5/10/2025,5/12/2025,5/15/2025,6/26/2025,3,45,6,5.19,0,Yes,No,High,ADJ-1067,Standard,Team SouthTeam West,79.5,4.4
CLM-2025-01513,CNT-101513,CUST-52472,TX,South Central,"$14,318.18 ",10/8/2025,10/8/2025,10/10/2025,N/A,2,,9,6.81,3,No,No,High,ADJ-1015,Standard,Team Gamma,92.6,4.4
CLM-2025-01514,CNT-101514,CUST-83000,NM,Southwest,"$7,404.25 ",12/31/2025,1/3/2026,1/5/2026,1/22/2026,2,19,5,2.90,0,No,Yes,Medium,ADJ-1076,Senior,Team SouthTeam West,90.2,5.4
CLM-2025-01515,CNT-101515,CUST-76537,CA,West,"$1,643.66 ",5/27/2025,,5/30/2025,6/10/2025,2,13,2,4.20,1,No,No,Low,ADJ-1003,Specialist,Team Team West,91,6.8
CLM-2025-01516,CNT-101516,CUST-59394,FL,Southeast,"$10,579.87 ",12/3/2025,12/7/2025,12/7/2025,1/22/2026,0,46,8,4.79,0,Yes,No,High,ADJ-1023,Standard,Team Gamma,81.9,5.7
CLM-2025-01517,CNT-101517,CUST-14180,GA,Southeast,N/A,9/18/2025,9/20/2025,9/20/2025,10/18/2025,0,28,5,1.13,2,No,No,High,ADJ-1071,Standard,Team Delta,87.6,9.2
CLM-2025-01518,CNT-101518,CUST-93647,NV,Southwest,"$5,814.63 ",10/13/2025,10/15/2025,10/15/2025,10/30/2025,0,15,3,2.88,1,No,No, Low ,ADJ-1076,Senior,Team Team Alpha,84.7,9.6
CLM-2025-01519,CNT-101519,CUST-48199,NV,Southwest,"$20,719.52 ",4/1/2025,4/3/2025,4/4/2025,6/1/2025,1,59,8,4.86,0,No,No,High,ADJ-1024,Standard,Team Beta,92.6,6
CLM-2025-01520,CNT-101520,CUST-92845,CA,West,"$7,043.40 ",8/15/2025,8/19/2025,8/20/2025,,1,24,4,3.39,1,No,No,Low,ADJ-1061,Standard,Team West,91.7,7.8
CLM-2025-01521,CNT-101521,CUST-40877,AR,Southwest,"$11,819.50 ",3/29/2025,3/30/2025,3/31/2025,5/10/2025,1,41,5,3.91,N/A,No,No,High,ADJ-1008,Senior,Team SouthTeam West,100,8.2
CLM-2025-01522,CNT-101522,CUST-65585,CA,West,"$24,665.51 ",2/19/2025,2/20/2025,2/22/2025,4/10/2025,2,49,7,3.93,0,No,No,High,ADJ-1026,Standard,Team Delta,87,5.9
CLM-2025-01523,CNT-101523,CUST-71767,GA,Southeast,"$7,458.46 ",,5/31/2025,6/1/2025,6/22/2025,-1,22,3,2.44,0, no ,No,Low,ADJ-1057,Trainee,Team Echo,98,6.8
CLM-2025-01524,CNT-101524,CUST-52608,TX,South Central,"$7,874.42 ",10/8/2025,10/9/2025,10/13/2025,11/7/2025,4,29,5,5.27,3,No,Yes,High,ADJ-1047,Senior,Team Team West,87.3,4.2
CLM-2025-01525,CNT-101525,CUST-24267,TX,South Central,"$18,247.03 ",6/16/2025,6/16/2025,6/16/2025,7/26/2025,2,40,5,5.09,1,No,No,Moderate,ADJ-1050,Standard,Team Team West,100,5.9
CLM-2025-01526,CNT-101526,CUST-83078,CA,West,"$4,367.35 ",7/26/2025,7/30/2025,7/30/2025,8/22/2025,0,23,3,3.94,1,No,No,Low,ADJ-1022,Senior,Team Echo,90.6,5.7
CLM-2025-01527,CNT-101527,CUST-43647,TX,South Central,"$6,278.49 ",1/18/2025,1/18/2025,1/21/2025,2/12/2025,3,45,7,4.55,2,No,No,Low,ADJ-1014,Senior,Team Gamma,93,4.8
CLM-2025-01528,CNT-101528,CUST-52032,IL,Midwest,"$2,248.13 ",10/21/2025,10/22/2025,10/23/2025,10/26/2025,1,4,2,2.46,1,No,No,Low,ADJ-1024,Senior,Team Team Alpha,100,6.9
CLM-2025-01529,CNT-101529,CUST-64688,CO,Mountain,N/A,8/13/2025,8/16/2025,8/17/2025,9/13/2025,1,28,7,4.00,0,No,No,Low,ADJ-1051,Senior,Team Gamma,93.6,6.7
CLM-2025-01530,CNT-101530,CUST-92599,WA,West,$753.00 ,7/20/2025,7/20/2025,7/21/2025,7/27/2025,N/A,7,3,2.80,0,No,No,Medium,ADJ-1048,Standard,Team Beta,94.6,7.1
CLM-2025-01531,CNT-101531,CUST-27814,TX,South Central,"$4,491.65 ",7/22/2025,7/24/2025,7/28/2025,8/19/2025,4,26,6,3.90,2,No,No,High,ADJ-1036,Specialist,Team Team West,86.2,5.6
CLM-2025-01532,CNT-101532,CUST-17996,CA,West,"$7,568.04 ",5/3/2025,5/6/2025,5/9/2025,6/1/2025,3,26,4,,2,Yes,No,Medium,ADJ-1066,Standard,Team Delta,79.6,
CLM-2025-01533,CNT-101533,CUST-69760,CO,Mountain,"$1,386.85 ",5/3/2025,5/3/2025,5/5/2025,5/23/2025,2,20,2,1.63,0,No,No,High,ADJ-1017,Trainee,Team Echo,93.5,8.4
CLM-2025-01534,CNT-101534,CUST-59973,NV,Southwest,"$20,107.90 ",7/6/2025,7/9/2025,7/11/2025,8/29/2025,2,51 days,3,1.20,0,No,No,Low,ADJ-1051,Senior,Team Gamma,83.1,7.6
CLM-2025-01535,CNT-101535,CUST-86659,NM,Southwest,"$6,450.21 ",3/10/2025,3/13/2025,3/14/2025,4/9/2025,1,27,5,3.33,1,No,No,High,ADJ-1043,Standard,Team Beta,90.3,7.2
CLM-2025-01536,CNT-101536,CUST-99524,WA,West,"$2,239.22 ",12/12/2025,12/13/2025,12/15/2025,12/22/2025,2,9,3,4.52,1,No,Yes,Medium,ADJ-1040,Standard,Team Team Alpha,92.9,5.3
CLM-2025-01537,CNT-101537,CUST-31420,CO,Mountain,"$1,512.13 ",2/22/2025,2/24/2025,2/24/2025,3/2/2025,0,6,2,2.40,0,No,No,Low,ADJ-1045,Senior,Team Team Central,96.1,7.5
CLM-2025-01538,CNT-101538,CUST-43208,IL,Midwest,"$14,785.91 ",4/21/2025,4/22/2025,4/24/2025,6/3/2025,2,42,4,3.58,0,No,No,Medium,ADJ-1039,Standard,Team Team West,88.8,5.3
CLM-2025-01539,CNT-101539,CUST-13410,NV,Southwest,"$2,413.61 ",7/15/2025,7/18/2025,7/19/2025,8/14/2025,N/A,27,3,1.30,1,No,Yes,High,ADJ-1053,Standard,Team Beta,87.2,8.7
CLM-2025-01540,CNT-101540,CUST-48790,NM,Southwest,"$2,935.38 ",11/8/2025,11/8/2025,11/10/2025,12/5/2025,2,27,3,2.65,0,Yes,No,Medium,ADJ-1041,Standard,Team Team West,87.8,7.7
CLM-2025-01541,CNT-101541,CUST-15669,AZ,Southwest,"$6,292.64 ",,4/30/2025,5/3/2025,5/27/2025,3,27,1,2.66,0,No,No,,ADJ-1014,Specialist,Team Team Central,95,5.9
CLM-2025-01542,CNT-101542,CUST-43285,NV,Southwest,"$19,788.77 ",11/11/2025,11/13/2025,11/13/2025,12/19/2025,0,36,5,2.47,2,No,No,Medium,ADJ-1036,Senior,Team Gamma,100,7.2
CLM-2025-01543,CNT-101543,CUST-43448,CA,West,"$4,168.31 ",4/11/2025,4/11/2025,4/13/2025,5/11/2025,2,30,6,4.41,0,No,No,Medium,ADJ-1001,Standard,Team SouthTeam West,98.8,4.4
CLM-2025-01544,CNT-101544,CUST-46788,FL,Southeast,"$5,549.02 ",11/10/2025,11/11/2025,11/12/2025,12/6/2025,1,25,4,4.91,2,No,No,High,ADJ-1018,Standard,Team Echo,86.5,5.8
CLM-2025-01545,CNT-101545,CUST-46576,WA,West,$714.92 ,7/30/2025,8/1/2025,N/A,8/11/2025,3,10,1,3.02,0,No,No,High,ADJ-1043,Senior,Team SouthTeam West,93,6.5
CLM-2025-00920,CNT-101546,UNKNOWN,NV,,"$7,355.13 ",8/27/2025,8/27/2025,8/27/2025,9/24/2025,0,28,2,2.75,0,No,Yes,Medium,ADJ-1024,Standard,Team Team Central,87.2,6.7
CLM-2025-01547,CNT-101547,CUST-45270,TX,South Central,$967.33 ,9/17/2025,9/21/2025,9/24/2025,10/1/2025,3,10,3,3.38,0,No,No,Low,ADJ-1005,Standard,Team Delta,86.4,5.4
CLM-2025-01548,CNT-101548,CUST-92333,CA,West,"$2,363.02 ",5/21/2025,5/24/2025,5/26/2025,6/23/2025,2,25,4,2.55,0,No,No,Medium,ADJ-1007,Trainee,Team Team Central,92.1,6.7
CLM-2025-01549,CNT-101549,CUST-32884,AZ,Unknown,"$4,827.03 ",1/4/2025,1/6/2025,1/7/2025,1/19/2025,1,13,N/A,1.84,0,No,No,Low,ADJ-1041,Standard,Team Team West,94,9.2
CLM-2025-01550,CNT-101550,CUST-73961,GA,Southeast,"$10,697.84 ",1/14/2025,1/14/2025,1/15/2025,2/27/2025,1,44,5,3.17,2,Yes,No,High,ADJ-1060,Senior,Team Echo,88.2,5.6
CLM-2025-01551,CNT-101551,CUST-37025,AZ,Southwest,"$6,890.02 ",3/10/2025,3/12/2025,3/12/2025,3/26/2025,0,14,2,1.71,0,No,Yes,Low,ADJ-1048,Senior,Team Beta,90.5,7.8
CLM-2025-01552,CNT-101552,CUST-17027,CA,West,$511.44 ,6/26/2025,6/26/2025,6/27/2025,7/1/2025,1,5,1,2.00,1,No,No,Low,ADJ-1003,Standard,Team Team Alpha,100,7.5
CLM-2025-01553,CNT-101553,CUST-83343,AZ,Southwest,"$4,150.09 ",9/14/2025,9/14/2025,9/14/2025,9/26/2025,0,12,5,1.40,0,No,No,Low,ADJ-1044,Senior,Team Gamma,91.7,8.4
CLM-2025-01554,CNT-101554,CUST-90478,TX,South Central,"$14,715.36 ",7/19/2025,7/20/2025,7/21/2025,8/24/2025,1,35,4,4.95,0,No,Yes,Low,ADJ-1057,Senior,Team Beta,90.7,5.6
CLM-2025-01555,CNT-101555,CUST-89816,TX,South Central,"$7,723.08 ",7/5/2025,7/6/2025,7/7/2025,7/30/2025,1,24,4,2.70,1,No,No,Medium,ADJ-1079,Senior,Team Echo,99.7,8.4
CLM-2025-01556,CNT-101556,CUST-17392,TX,South Central,"$2,387.65 ",1/27/2025,1/29/2025,2/1/2025,2/2/2025,3,4,3,4.96,1,No,,Medium,ADJ-1002,Standard,Team Echo,86.1,5.4
CLM-2025-01557,CNT-101557,CUST-69832,GA,Southeast,"$3,892.45 ",9/10/2025,9/11/2025,9/13/2025,10/14/2025,-2,33,3,2.10,1,No,No,Medium,ADJ-1022,Standard,Team SouthTeam West,95.3,5.6
CLM-2025-01558,CNT-101558,CUST-32974,UT,Mountain,"$2,075.27 ",6/10/2025,6/12/2025,6/13/2025,6/29/2025,1,17,3,2.59,1,No,No,High,ADJ-1023,Trainee,Team Team Alpha,88.7,7
CLM-2025-01559,CNT-101559,CUST-71129,NM,Southwest,"$1,969.47 ",5/1/2025,5/4/2025,5/6/2025,5/14/2025,2,10,3,3.23,0,No,Yes,Low,ADJ-1022,Trainee,Team Beta,92.7,7.3
CLM-2025-01560,CNT-101560,CUST-55650,TX,South Central,"$1,447.35 ",3/29/2025,4/1/2025,4/5/2025,,4,35,5,3.04,1,No,No,High,ADJ-1023,Standard,Team Team Alpha,80.2,5.4
CLM-2025-01561,CNT-101561,CUST-96683,CA,West,"$3,361.25 ",2/13/2025,2/17/2025,2/20/2025,3/20/2025,1,31,5,3.65,0,No,No,Medium,ADJ-1007,Standard,Team Team West,94.7,5.5
CLM-2025-01562,CNT-101562,CUST-87690,CA,West,"$1,717.08 ",1/24/2025,1/25/2025,1/25/2025,2/14/2025,0,20,4,2.57,0,No,No,Medium,ADJ-1066,Standard,Team Echo,92.4,N/A
CLM-2025-01563,CNT-101563,CUST-96400,CA,West,"$2,571.81 ",8/28/2025,8/28/2025,8/29/2025,9/22/2025,1,25,3,4.16,1,No,No,Low,ADJ-1078,Specialist,Team Team West,96.9,7
CLM-2025-01564,CNT-101564,CUST-55372,CO,Mountain,"$6,454.26 ",11/28/2025,13/32/2025,11/30/2025,12/19/2025,2,21,3,3.91,0,Yes,Yes,Medium,ADJ-1022,Senior,Team Beta,83,5.5
CLM-2025-01565,CNT-101565,CUST-27362,GA,Southeast,"$1,071.57 ",10/16/2025,10/16/2025,10/18/2025,11/5/2025,2,20,4,3.27,0,No,Yes,Low,ADJ-1029,Senior,Team Team Central,93.1,7.6
CLM-2025-01566,CNT-101566,CUST-92941,NM,Southwest,"$6,354.35 ",11/30/2025,12/3/2025,12/3/2025,12/24/2025,0,21,3,3.52,0,No,No,Medium,ADJ-1041,Standard,Team Delta,91.9,7.6
CLM-2025-01567,CNT-101567,CUST-59172,NV,Southwest,N/A,12/23/2025,12/24/2025,12/26/2025,1/20/2026,2,27,5,,0,No,No,Low,ADJ-1052,Specialist,Team Gamma,94.7,5.7
CLM-2025-01568,CNT-101568,CUST-93247,TX,South Central,$703.28 ,4/11/2025,4/14/2025,4/17/2025,4/25/2025,3,11,4,4.27,0,No,Yes,Medium,ADJ-1062,Senior,Team Team West,84.1,5.8
CLM-2025-01569,CNT-101569,CUST-10526,AZ,Southwest,"$6,003.17 ",5/23/2025,5/26/2025,5/26/2025,6/16/2025,0,21,2,2.63,1,No,No,Medium,ADJ-1048,Trainee,Team Team Alpha,90,7.8
CLM-2025-01570,CNT-101570,CUST-96952,IL,Midwest,"$7,782.40 ",,11/13/2025,11/14/2025,11/30/2025,1,17,5,5.29,N/A,No,No,Low,ADJ-1044,Senior,Team Team West,93.6,6.3
CLM-2025-01571,CNT-101571,CUST-97476,TX,South Central,"$1,861.90 ",8/9/2025,8/11/2025,8/12/2025,,1,17,4,N/A,2,No,No,Medium,ADJ-1023,Senior,Team Echo,92.5,8.2
CLM-2025-01572,CNT-101572,CUST-15842,AZ,Southwest,"$56,855.28 ",10/21/2025,10/23/2025,10/25/2025,12/28/2025,2,66,6,3.75,1,No,No,High,ADJ-1070,Senior,Team Gamma,86.3,5.5
CLM-2025-01573,CNT-101573,CUST-68605,TX,South Central,"$1,646.83 ",4/22/2025,4/25/2025,4/27/2025,5/9/2025,2,14,6,5.63,1,No,No,Medium,ADJ-1077,Senior,,92.5,5.1
CLM-2025-01574,CNT-101574,CUST-40592,NV,Southwest,"$20,780.10 ",12/3/2025,12/3/2025,12/4/2025,1/19/2026,1,47,6,4.45,0,No,No,High,ADJ-1071,Senior,Team Delta,99.3,5.2
CLM-2025-01575,CNT-101575,CUST-19787,TX,South Central,"$2,521.88 ",6/22/2025,6/22/2025,6/24/2025,7/20/2025,2,28,4,3.75,0,No,No,Medium,ADJ-1056,Trainee,Team Team Central,90.3,6.8
CLM-2025-01576,CNT-101576,CUST-50573,GA,Southeast,"($11,343.97)",3/7/2025,3/9/2025,3/11/2025,4/15/2025,2,37,4,3.93,1,No,No,Medium,ADJ-1029,Standard,Team Beta,92.4,6.7
CLM-2025-01577,CNT-101577,CUST-21078,TX,South Central,"$4,375.19 ",10/8/2025,10/12/2025,10/14/2025,11/17/2025,2,36,6,6.19,1,No,No,Medium,ADJ-1046,Senior,Team Echo,93.5,4.3
CLM-2025-01578,CNT-101578,CUST-72346,CA,West,"$17,163.02 ",6/8/2025,6/9/2025,N/A,7/20/2025,-1,41,4,2.30,3,No,No,Medium,ADJ-1015,Senior,Team Echo,95.4,5.9
CLM-2025-01579,CNT-101579,CUST-39901,OR,West,"$2,080.08 ",12/4/2025,12/4/2025,12/4/2025,12/20/2025,0,16,2,2.28,0,No,No,Medium,ADJ-1033,Standard,Team Team Central,92,7.9
CLM-2025-01580,CNT-101580,CUST-83868,CO,Mountain,"$5,557.30 ",6/15/2025,6/18/2025,6/19/2025,7/4/2025,1,16,1,0.20,0,No,No,Low,ADJ-1036,Senior,Team Team West,92.4,7
CLM-2025-01581,CNT-101581,CUST-10084,IL,Midwest,$650.07 ,9/27/2025,9/27/2025,9/29/2025,10/8/2025,2,11,2,0.73,0,No,No,Low,ADJ-1066,Standard,Team Delta,94.2,8.4
CLM-2025-01582,CNT-101582,CUST-16004,CO,Mountain,"$4,742.63 ",12/30/2025,1/3/2026,1/3/2026,1/24/2026,0,21,3,2.83,1,No,No,Low,ADJ-1005,Senior,Team Beta,92.9,8.7
CLM-2025-01583,CNT-101583,CUST-58288,CA,West,"$6,442.04 ",10/21/2025,10/23/2025,10/24/2025,11/10/2025,1,18,4,4.24,0,No,No,Medium,ADJ-1035,Senior,Team Team West,100,7.5
CLM-2025-01584,CNT-101584,CUST-43256,CA,West,"$4,222.69 ",3/30/2025,4/1/2025,4/3/2025,4/27/2025,2,N/A,4,4.82,1,No,No,Medium,ADJ-1005,Standard,Team Team West,98.4,5.5
CLM-2025-01585,CNT-101585,CUST-57676,TX,South Central,"$3,179.49 ",5/24/2025,5/26/2025,5/26/2025,6/15/2025,0,20,5,6.00,1,No,No,Low,ADJ-1044,Trainee,Team Delta,90.7,6.8
CLM-2025-01586,CNT-101586,CUST-98506,CA,West,"$7,631.74 ",7/1/2025,7/2/2025,,7/26/2025,2,24,5,4.74,N/A,No,No,Low,ADJ-1077,Senior,Team Team Alpha,92.6,5.7
CLM-2025-01587,CNT-101587,CUST-87436,TX,South Central,$732.91 ,4/6/2025,4/7/2025,4/9/2025,4/24/2025,2,17,5,5.11,1,No,No,Medium,ADJ-1035,Senior,Team SouthTeam West,87.3,6.1
CLM-2025-01588,CNT-101588,CUST-20114,CO,Mountain,"$2,485.13 ",3/24/2025,3/24/2025,,4/11/2025,1,18,4,3.55,1,No,Yes,High,ADJ-1064,Specialist,Team Echo,93.5,5.9
CLM-2025-01589,CNT-101589,CUST-15431,AZ,Southwest,"$6,652.60 ",12/21/2025,12/22/2025,12/23/2025,1/6/2026,1,15,3,2.34,0,No,No,Medium,ADJ-1012,Senior,Team SouthTeam West,96.3,8
CLM-2025-01590,CNT-101590,CUST-15498,UT,Mountain,"$21,785.76 ",8/24/2025,8/25/2025,8/26/2025,9/28/2025,1,34,3,3.34,1,No,No,Medium,ADJ-1021,Standard,Team Gamma,99,7
CLM-2025-01591,CNT-101591,CUST-47235,NV,Southwest,"$11,083.81 ",12/11/2025,12/13/2025,12/15/2025,1/17/2026,4,35,,4.54,2,No,No,High,ADJ-1027,Standard,Team Echo,100,6.4
CLM-2025-01592,CNT-101592,CUST-81857,CA,West,"$17,252.00 ",10/2/2025,10/2/2025,10/3/2025,11/20/2025,1,49,8,4.02,3,No,No,High,ADJ-1047,Standard,Team Team Central,89.4,7.1
CLM-2025-01593,CNT-101593,CUST-74148,WA,West,"$2,307.31 ",5/23/2025,5/23/2025,5/25/2025,5/29/2025,N/A,6,2,2.13,1,No,No,Medium,ADJ-1008,Senior,Team Echo,100,5.9
CLM-2025-01594,CNT-101594,CUST-15203,TX,South Central,"$19,238.24 ",3/27/2025,13/32/2025,3/30/2025,5/8/2025,2,41 days,3,4.52,0,No,No,Medium,ADJ-1073,Senior,Team Gamma,90.5,6
CLM-2025-01595,CNT-101595,CUST-59788,FL,Southeast,"$3,085.59 ",8/31/2025,9/1/2025,9/2/2025,10/2/2025,1,31,2,1.83,0,No,No,Low,ADJ-1056,Standard,Team Team Central,97.3,7.9
CLM-2025-01596,CNT-101596,CUST-67664,TX,South Central,"$5,556.02 ",10/7/2025,10/8/2025,10/10/2025,11/1/2025,2,24,4,4.37,2,No,No,Low,ADJ-1045,Standard,Team SouthTeam West,90.8,5.6
CLM-2025-01597,CNT-101597,UNKNOWN,FL,Southeast,"$7,609.71 ",7/24/2025,7/28/2025,7/28/2025,8/16/2025,0,19,3,3.14,0,No,,Medium,,Standard,Team Team Central,92.9,7.8
CLM-2025-01598,CNT-101598,CUST-44454,AR,Southwest,"$3,047.23 ",2/20/2025,2/22/2025,2/25/2025,3/6/2025,3,12,,2.27,0,No,Yes, Low ,ADJ-1015,Standard,Team Team Alpha,91.6,5.6
CLM-2025-01599,CNT-101599,CUST-22567,TX,South Central,$689.06 ,N/A,13/32/2025,7/11/2025,7/16/2025,2,7,3,6.00,1,No,No,Low,ADJ-1037,Standard,Team Echo,97.1,6.6
CLM-2025-01600,CNT-101600,CUST-69071,AZ,Southwest,"$2,318.66 ",10/28/2025,10/31/2025,11/3/2025,11/12/2025,3,12,4,3.48,0,Yes,No,Low,ADJ-1034,Trainee,Team Delta,81.4,6.5
CLM-2025-01601,CNT-101601,CUST-53548,WA,West,"$6,890.74 ",11/1/2025,11/3/2025,11/6/2025,11/26/2025,3,23,4,3.79,0,No,No,Low,ADJ-1005,Trainee,Team Team Alpha,93.1,4.7
CLM-2025-01602,CNT-101602,CUST-66106,CA,West,"$1,247.70 ",5/25/2025,5/26/2025,5/27/2025,6/4/2025,1,9,4,2.99,0,No,No,Low,ADJ-1022,Senior,Team Gamma,96.6,6.7
CLM-2025-01603,CNT-101603,CUST-12305,CA,West,"$1,396.85 ",12/6/2025,12/7/2025,12/9/2025,12/23/2025,2,16,5,4.33,1,No,No,Medium,ADJ-1056,Standard,Team Echo,91.4,7.5
CLM-2025-01604,CNT-101604,CUST-26556,AZ,Southwest,"$3,514.65 ",7/10/2025,7/12/2025,7/13/2025,7/26/2025,1,14,5,2.47,0,No,No,Low,ADJ-1061,Senior,Team Team West,89.5,9.4
CLM-2025-01605,CNT-101605,CUST-88116,NM,Southwest,"$1,724.53 ",12/29/2025,12/31/2025,1/3/2026,1/4/2026,3,4,5,3.16,2,No,No,Low,ADJ-1071,Standard,Team Beta,87.1,6.3
CLM-2025-01606,CNT-101606,CUST-18100,UT,Mountain,"$16,962.88 ",9/17/2025,9/17/2025,9/17/2025,9/14/2025,0,-3,4,3.28,0,No,,Low,ADJ-1022,Standard,Team Echo,92.3,6.8
CLM-2025-01607,CNT-101607,CUST-20258,AZ,Southwest,"$1,082.19 ",4/14/2025,4/20/2025,4/22/2025,5/1/2025,2,11,2,2.88,2,No,Yes,High,ADJ-1059,Standard,Team SouthTeam West,81.4,7.1
CLM-2025-01608,CNT-101608,CUST-25432,CA,West,"$6,218.10 ",7/30/2025,7/31/2025,8/2/2025,9/2/2025,2,33,5,2.91,2,No,No,High,ADJ-1071,Senior,Team Echo,85.9,6.9
CLM-2025-01609,CNT-101609,CUST-56780,CA,West,"$3,108.31 ",5/3/2025,5/6/2025,5/8/2025,6/4/2025,2,29,6,3.18,0,No,No,Low,ADJ-1018,Standard,Team Team Alpha,84.1,6.8
CLM-2025-01610,CNT-101610,CUST-34915,IL,Midwest,"$3,842.93 ",10/17/2025,10/17/2025,10/19/2025,11/10/2025,2,24,1,3.83,1,Yes,No,Low,ADJ-1079,Standard,Team Gamma,84.9,6.9
CLM-2025-01611,CNT-101611,CUST-77160,FL,Southeast,"$4,634.98 ",10/25/2025,10/25/2025,10/27/2025,11/23/2025,2,29,5,3.33,1,No,No,Major,ADJ-1028,Standard,Team SouthTeam West,97.1,7.8
CLM-2025-01612,CNT-101612,CUST-69199,OR,West,$504.00 ,1/29/2025,1/31/2025,2/2/2025,2/13/2025,2,13,3,3.44,0,No,No,Low,ADJ-1023,Standard,Team Alpha,90.8,6.6
CLM-2025-00723,CNT-101613,CUST-73285,IL,Midwest,"$11,066.73 ",2/27/2025,2/27/2025,3/1/2025,4/19/2025,2,51,3,4.79,2,No,No,High,ADJ-1009,Standard,Team Gamma,91.6,0
CLM-2025-01614,CNT-101614,CUST-99547,NV,Southwest,"$2,846.67 ",2/20/2025,2/22/2025,2/22/2025,3/8/2025,0,14,4,1.22,0,No,No,Low,ADJ-1022,Trainee,Team Beta,96,8.6
CLM-2025-01615,CNT-101615,CUST-81864,FL,Southeast,"$1,096.17 ",6/21/2025,6/24/2025,6/24/2025,7/26/2025,0,32 days,5,4.13,3, no ,Yes,High,ADJ-1044,Standard,Team Delta,87.6,5.2
CLM-2025-01616,CNT-101616,CUST-77563,TX,South Central,"$1,379.04 ",8/17/2025,8/19/2025,8/21/2025,9/14/2025,2,26,4,,3,No,Yes,High,ADJ-1057,Senior,Team Team Central,90.8,7.3
CLM-2025-01617,CNT-101617,CUST-86415,WA,West,"$57,417.12 ",11/2/2025,11/2/2025,11/2/2025,12/20/2025,0,48,N/A,3.52,0,No,No,Medium,ADJ-1041,Senior,Team Team Alpha,93.8,9.2
CLM-2025-01618,CNT-101618,CUST-10197,NV,Southwest,"$22,177.78 ",7/13/2025,7/14/2025,7/15/2025,8/15/2025,1,32,2,1.53,0,No,No,Medium,ADJ-1032,Standard,Team Delta,88.9,7.3
CLM-2025-01619,CNT-101619,CUST-70247,OR,West,"$15,237.79 ",9/17/2025,9/19/2025,9/20/2025,10/28/2025,1,39,2,2.74,1,Yes,No,Medium,ADJ-1032,Senior,Team Team Central,89.2,7.3
CLM-2025-01620,CNT-101620,CUST-75073,FL,Southeast,"$9,008.19 ",8/13/2025,8/15/2025,8/16/2025,9/22/2025,1,38,5,1.71,1,No,No,High,ADJ-1063,Trainee,Team SouthTeam West,86.1,7.6
CLM-2025-01621,CNT-101621,CUST-66840,CA,West,"$2,063.09 ",11/2/2025,11/2/2025,11/5/2025,11/21/2025,3,19,7,3.96,1,No,No,Medium,ADJ-1052,Standard,Team SouthTeam West,92.7,7.6
CLM-2025-01622,CNT-101622,CUST-37968,TX,South Central,"$1,679.58 ",7/31/2025,7/31/2025,8/1/2025,8/22/2025,1 days,22,3,4.41,2,No,No,Low,ADJ-1080,Standard,Team Echo,94.1,7.3
CLM-2025-01623,CNT-101623,CUST-13868,CA,West,"$37,030.73 ",5/12/2025,5/12/2025,5/14/2025,7/18/2025,2,67,6,3.45,2,No,No,High,ADJ-1055,Specialist,Team Team Central,89.3,0
CLM-2025-01624,CNT-101624,CUST-30563,FL,Southeast,"$3,303.75 ",9/7/2025,9/9/2025,9/11/2025,10/21/2025,4,42,4,3.31,0,No,No,High,ADJ-1020,Standard,Team Team Alpha,92.2,6.1
CLM-2025-01625,CNT-101625,CUST-20578,CA,West,N/A,10/4/2025,10/5/2025,10/8/2025,10/18/2025,3,13,4,3.48,0,No,No,Low,ADJ-1004,Standard,Team Gamma,87.1,6.8
CLM-2025-01626,CNT-101626,CUST-12945,AZ,Southwest,"$2,410.96 ",10/18/2025,10/20/2025,10/21/2025,10/26/2025,1,6,2,3.35,2, no ,Yes,Low,ADJ-1003,Standard,Team Beta,91.2,
CLM-2025-01627,CNT-101627,CUST-59369,CA,West,"$2,131.37 ",,7/6/2025,7/7/2025,7/20/2025,1,14,5,5.19,1,No,No,High,ADJ-1034,Specialist,Team SouthTeam West,92.9,7.6
CLM-2025-01628,CNT-101628,CUST-35962,AZ,Southwest,"$1,370.98 ",12/2/2025,12/6/2025,12/9/2025,12/22/2025,3,16,6,3.98,0,No,No,Low,ADJ-1063,Standard,Team Team Central,85.1,5.5
CLM-2025-01629,CNT-101629,CUST-26210,IL,Midwest,$931.54 ,2/24/2025,2/27/2025,3/1/2025,3/24/2025,2,,1,,0,No,No,Medium,ADJ-1076,Standard,Team Team Alpha,93.3,6.8
CLM-2025-01630,CNT-101630,CUST-73299,AZ,Southwest,"$4,564.24 ",11/13/2025,11/15/2025,11/15/2025,12/6/2025,0,21,1,4.71,1,No,No,Low,ADJ-1025,Standard,Team Team West,93.1,7.7
CLM-2025-01631,CNT-101631,CUST-37039,NV,Southwest,"$19,507.83 ",5/28/2025,5/28/2025,5/31/2025,7/20/2025,3,53,5,1.98,0,No,Yes,Low,ADJ-1056,Standard,Team Gamma,90.1,6
CLM-2025-01632,CNT-101632,CUST-34842,TX,South Central,"$4,831.58 ",4/25/2025,4/25/2025,4/25/2025,5/4/2025,N/A,9,4,3.26,0,No,No,Low,ADJ-1015,Senior,Team Delta,90.4,8.9
CLM-2025-01633,CNT-101633,CUST-82037,WA,West,"$10,366.89 ",12/27/2025,12/30/2025,1/1/2026,2/6/2026,2,38,7,3.46,1,No,No,Medium,ADJ-1073,Standard,Team Gamma,91.8,6.2
CLM-2025-01634,CNT-101634,CUST-78989,CO,Mountain,"$4,492.36 ",11/21/2025,11/22/2025,N/A,12/7/2025,0,15,4,2.86,1,No,No,Medium,ADJ-1001,Standard,Team Team West,99.1,8.5
CLM-2025-01635,CNT-101635,CUST-28865,CA,West,"$20,779.49 ",3/3/2025,3/3/2025,3/5/2025,4/23/2025,2,51,7,4.55,1,No,No,Low,ADJ-1039,Senior,Team Beta,100,5.1
CLM-2025-01636,CNT-101636,CUST-44052,TX,South Central,"$3,926.79 ",12/31/2025,1/1/2026,1/4/2026,1/27/2026,3,26,6,5.46,1,No,No,Medium,ADJ-1045,Standard,Team SouthTeam West,90.8,6
CLM-2025-01637,CNT-101637,CUST-96804,OR,West,$482.20 ,5/18/2025,5/19/2025,5/21/2025,5/26/2025,2,7,1,2.38,0,No,No,Low,ADJ-1049,Senior,Team Beta,95.9,7.6
CLM-2025-01638,CNT-101638,CUST-68369,NV,Southwest,"$4,626.96 ",7/26/2025,7/30/2025,7/30/2025,8/16/2025,0,17,4,2.61,0,No,No,Low,ADJ-1030,Standard,Team Team Alpha,98.1,7
CLM-2025-01639,CNT-101639,CUST-36497,AZ,Southwest,"$2,481.00 ",5/6/2025,5/6/2025,5/8/2025,5/7/2025,2,1,1,4.22,0,No,No,Low,ADJ-1028,Standard,Team Team West,96,6.1
CLM-2025-01640,CNT-101640,CUST-97364,WA,West,"$5,640.03 ",3/24/2025,3/26/2025,3/26/2025,4/16/2025,0,21,2,2.05,0,No,No,Medium,ADJ-1055,Standard,Team Team Central,94,8.7
CLM-2025-01641,CNT-101641,CUST-39846,GA,Southeast,"$2,990.88 ",10/23/2025,10/24/2025,10/26/2025,11/24/2025,2,31,5,3.87,0,No,No,Medium,ADJ-1044,Standard,Team Delta,91.4,6.4
CLM-2025-01642,CNT-101642,CUST-93989,AZ,Southwest,"$1,128.29 ",1/2/2025,1/3/2025,1/6/2025,1/17/2025,3,14,5,2.37,1,No,No, Medium ,ADJ-1065,Trainee,Team Beta,88.4,6.3
CLM-2025-01643,CNT-101643,CUST-49201,AZ,Southwest,$732.21 ,11/27/2025,11/27/2025,11/30/2025,1/1/2026,3,35,7,3.73,1,No,No,High,ADJ-1065,Standard,Team Team West,95.7,5.8
CLM-2025-01644,CNT-101644,CUST-15854,OR,West,"$21,723.73 ",3/11/2025,3/13/2025,3/14/2025,4/20/2025,1,38,3,3.28,0,No,No,High,ADJ-1065,Standard,Team Team Alpha,94.7,6.7
CLM-2025-01645,CNT-101645,CUST-39847,CA,West,"$34,966.71 ",3/21/2025,3/23/2025,3/23/2025,5/26/2025,0,64,7,3.79,1,No,Yes,High,ADJ-1033,Senior,Team Team West,89,6.2
CLM-2025-01646,CNT-101646,CUST-76525,CA,West,,12/14/2025,12/16/2025,12/19/2025,1/11/2026,3,26,8,6.01,2,No,No,Low,ADJ-1030,Senior,Team Team West,99.8,4.3
CLM-2025-01647,CNT-101647,CUST-72024,FL,Southeast,"$1,017.75 ",4/16/2025,4/17/2025,4/17/2025,5/5/2025,0,18,5,3.62,0,No,No,Medium,ADJ-1012,Senior,Team Delta,86.8,7.4
CLM-2025-01648,CNT-101648,CUST-65963,WA,West,"$15,913.79 ",8/17/2025,8/21/2025,8/22/2025,10/17/2025,1,N/A,5,2.67,1,No,No,High,ADJ-1048,Senior,Team Beta,98.9,8
CLM-2025-01649,CNT-101649,CUST-75617,GA,Southeast,$656.73 ,8/26/2025,8/26/2025,8/27/2025,9/12/2025,1,17,2,0.97,0,No,Yes,Low,ADJ-1070,Standard,Team SouthTeam West,95.9,6.3
CLM-2025-01650,CNT-101650,CUST-11466,TX,South Central,"$6,074.76 ",7/21/2025,7/25/2025,7/27/2025,8/18/2025,2,24,4,3.23,0,No,No,Medium,ADJ-1026,Specialist,Team Team West,91.3,7.6
CLM-2025-01651,CNT-101651,CUST-76206,TX,South Central,"$2,465.61 ",8/15/2025,8/18/2025,8/20/2025,9/16/2025,2,29,7,4.70,3,Yes,Yes,High,ADJ-1018,Senior,Team Beta,87.3,3.6
CLM-2025-01652,CNT-101652,CUST-48747,CO,Mountain,"$1,183.16 ",12/19/2025,12/19/2025,12/23/2025,1/4/2026,4,16,2,4.36,1,No,No,High,ADJ-1071,Specialist,Team Team Central,92.1,5.3
CLM-2025-01653,CNT-101653,CUST-28131,CA,West,"$2,484.11 ",5/12/2025,5/13/2025,5/17/2025,5/22/2025,4,9,6,4.87,0,Yes,Yes,Medium,ADJ-1015,Senior,Team Echo,78.9,4.4
CLM-2025-01654,CNT-101654,CUST-12915,TX,South Central,"$7,177.45 ",1/6/2025,1/7/2025,1/8/2025,2/7/2025,1,31,5,5.80,1,,No,Low,ADJ-1031,Standard,Team Echo,96.8,7.3
CLM-2025-01655,CNT-101655,CUST-85597,TX,South Central,"$3,187.25 ",4/24/2025,4/27/2025,4/30/2025,5/19/2025,3,22,6,4.65,2,No,,Medium,ADJ-1011,Senior,Team Team Alpha,91.9,6.4
CLM-2025-01656,CNT-101656,CUST-88814,CO,Mountain,"$10,081.73 ",7/20/2025,7/20/2025,7/21/2025,8/9/2025,1,20,3,3.07,0,No,No,Low,ADJ-1042,Standard,Team Team Central,97.7,7.5
CLM-2025-01657,CNT-101657,CUST-31136,UT,Mountain,"$2,191.38 ",5/9/2025,5/10/2025,5/12/2025,5/31/2025,2,21,3,2.20,N/A,No,No,Medium,ADJ-1036,Standard,Team Beta,95.1,7.1
CLM-2025-01658,CNT-101658,CUST-68722,AZ,Southwest,"$69,712.57 ",12/31/2025,1/4/2026,1/4/2026,2/19/2026,0,46,5,2.63,0,No,No,Low,ADJ-1007,Senior,Team Team West,93.7,7.3
CLM-2025-01659,CNT-101659,CUST-77974,CA,West,"$24,992.54 ",8/28/2025,8/29/2025,8/30/2025,,1,43,2,5.63,3,No,No,High,ADJ-1033,Specialist,Team Gamma,97,5.8
CLM-2025-01660,CNT-101660,CUST-53187,CA,West,"$8,889.04 ",6/9/2025,6/13/2025,6/14/2025,7/27/2025,1,44,6,4.10,2,No,Yes,High,ADJ-1056,Standard,Team Beta,86.5,6.9
CLM-2025-01661,CNT-101661,CUST-65824,AZ,Southwest,"$2,115.97 ",5/24/2025,5/28/2025,5/30/2025,6/13/2025,2,16,2,1.31,,No,No,High,ADJ-1073,Standard,Team Delta,89.3,8.1
CLM-2025-01662,CNT-101662,CUST-33983,IL,Midwest,"$7,209.02 ",4/7/2025,4/9/2025,4/11/2025,4/28/2025,2,19,2,2.98,0,No,No,Low,ADJ-1040,Senior,Team Gamma,92.7,6.8
CLM-2025-01663,CNT-101663,CUST-46377,CO,Mountain,"$25,829.13 ",12/20/2025,12/24/2025,,2/17/2026,1,55,6,4.03,0,No,No,Low,ADJ-1073,Senior,Team Team Central,96,6.4
CLM-2025-01664,CNT-101664,CUST-60130,TX,South Central,$561.33 ,5/14/2025,5/17/2025,5/19/2025,5/25/2025,2,8,3,5.63,0,No,No,Low,ADJ-1014,Senior,Team Gamma,92.2,6.2
CLM-2025-01665,CNT-101665,CUST-49459,NV,Southwest,"$5,134.73 ",5/3/2025,5/4/2025,5/5/2025,5/12/2025,1,8,2,3.40,0,No,No,Low,ADJ-1041,Senior,Team Team West,95.9,8.1
CLM-2025-01666,CNT-101666,CUST-56310,GA,Southeast,"$7,123.06 ",1/20/2025,1/22/2025,1/25/2025,2/15/2025,3,24 days,3,2.85,0,No,No,Medium,ADJ-1021,Standard,Team Delta,91.7,9.3
CLM-2025-01667,CNT-101667,CUST-25242,NV,Southwest,"$7,744.77 ",3/3/2025,3/4/2025,3/5/2025,3/29/2025,1,25,6,2.96,0,No,Yes,Medium,ADJ-1049,Specialist,Team Team Central,88.4,6.6
CLM-2025-01668,CNT-101668,CUST-91638,CO,Mountain,$679.01 ,1/28/2025,,1/28/2025,1/31/2025,0,3,3,2.19,0,No,No,Low,ADJ-1028,Trainee,Team Beta,95.8,8
CLM-2025-01669,CNT-101669,CUST-21321,AZ,Southwest,"$1,139.22 ",10/28/2025,10/29/2025,10/30/2025,,1,-8,1,2.01,0,No,No,Low,ADJ-1025,Specialist,Team Team West,90.8,9.3
CLM-2025-01670,CNT-101670,CUST-16943,IL,Midwest,"$2,451.06 ",12/31/2025,1/2/2026,1/2/2026,1/12/2026,0,10,3,2.06,0,No,Yes,Low,ADJ-1010,Standard,Team Team Alpha,87.5,7.4
CLM-2025-01671,CNT-101671,CUST-83890,TX,South Central,"$1,635.27 ",12/26/2025,12/28/2025,12/31/2025,1/7/2026,3,10,4,4.80,0,No,No,Low,ADJ-1075,Standard,Team Team Alpha,87.8,5.5
CLM-2025-01672,CNT-101672,CUST-79394,CO,Mountain,"$21,174.03 ",10/11/2025,10/12/2025,10/14/2025,11/20/2025,-2,39,6,4.73,2,No,No,High,ADJ-1018,Senior,Team Team Central,95.4,6
CLM-2025-01673,CNT-101673,CUST-69739,FL,Southeast,"$24,582.08 ",1/18/2025,1/19/2025,1/20/2025,3/6/2025,1,46,6,2.75,1,No,No,High,ADJ-1062,Senior,Team Team West,96.2,9
CLM-2025-01674,CNT-101674,CUST-43837,WA,West,"$2,434.98 ",5/6/2025,5/10/2025,5/10/2025,5/18/2025,0,8,3,2.75,1,No,No,Medium,ADJ-1074,Senior,Team Team Central,91.3,7.8
CLM-2025-01675,CNT-101675,CUST-44690,TX,South Central,"$1,050.74 ",7/25/2025,7/26/2025,7/27/2025,8/7/2025,1,12,5,6.87,2,No,No,High,ADJ-1053,Standard,Team Team Alpha,90.9,4.3
CLM-2025-01676,CNT-101676,CUST-26217,CA,West,"$2,945.54 ",3/23/2025,3/26/2025,3/29/2025,4/27/2025,3,32,3,2.33,0,No,No, Medium ,ADJ-1028,Senior,Team Team West,94.4,6.9
CLM-2025-01677,CNT-101677,CUST-86294,IL,Midwest,N/A,6/10/2025,6/12/2025,6/10/2025,8/17/2025,-2,66,6,3.58,1,No,No,Medium,ADJ-1035,Standard,Team SouthTeam West,85.5,7.4
CLM-2025-01678,CNT-101678,CUST-18852,NV,Southwest,"$9,041.51 ",4/1/2025,4/3/2025,4/3/2025,5/10/2025,0,37,1,N/A,0,No,No,Low,ADJ-1018,Senior,Team Team Alpha,90.9,6.8
CLM-2025-01679,CNT-101679,CUST-18790,NM,Southwest,"$6,708.99 ",5/27/2025,5/27/2025,5/29/2025,6/25/2025,2,29,N/A,4.28,0,No,No,Medium,ADJ-1032,Trainee,Team Echo,93.6,5.7
CLM-2025-01680,CNT-101680,CUST-48472,IL,Midwest,"$3,994.72 ",3/21/2025,3/22/2025,3/25/2025,4/21/2025,3,30,5,1.49,0,No,No,Low,ADJ-1025,Standard,Team Beta,90.3,5.9
CLM-2025-01681,CNT-101681,CUST-79938,CA,West,"$7,169.29 ",4/16/2025,4/18/2025,4/21/2025,5/15/2025,,27,4,4.91,0,No,No, Low ,ADJ-1015,Senior,Team Team West,96.9,4.2
CLM-2025-01682,CNT-101682,CUST-79293,UT,Mountain,$789.56 ,12/15/2025,12/16/2025,12/18/2025,12/29/2025,2,13,4,4.77,0,No,No,Low,ADJ-1024,Specialist,Team SouthTeam West,93.3,5.5
CLM-2025-01683,CNT-101683,CUST-65781,CA,West,"$1,040.91 ",2/6/2025,2/6/2025,2/9/2025,N/A,3,-14,1,4.19,1,No,No,Medium,ADJ-1025,Standard,Team Beta,88.6,7
CLM-2025-01684,CNT-101684,CUST-79078,TX,South Central,"$6,367.61 ",1/9/2025,1/12/2025,1/13/2025,1/23/2025,1,11,4,5.58,0,No,No,Low,ADJ-1062,Trainee,Team Team West,99.1,5.5
CLM-2025-01685,CNT-101685,CUST-59235,NV,Southwest,$509.73 ,10/23/2025,10/25/2025,10/26/2025,11/15/2025,1,21,5,3.14,1,No,No,High,ADJ-1059,Trainee,Team Echo,93.3,7.8
CLM-2025-01686,CNT-101686,CUST-10017,WA,West,"$15,984.05 ",10/30/2025,11/1/2025,11/3/2025,12/13/2025,2,42,8,5.10,1,No,No,High,ADJ-1050,Specialist,Team Gamma,94,5.9
CLM-2025-01687,CNT-101687,CUST-10179,IL,Midwest,"$7,502.92 ",3/6/2025,3/6/2025,3/9/2025,3/29/2025,3,23,4,1.79,0,No,No,Medium,ADJ-1074,Standard,Team SouthTeam West,89.7,6.5
CLM-2025-01688,CNT-101688,CUST-19931,IL,Midwest,"$21,114.93 ",3/8/2025,3/8/2025,3/10/2025,4/14/2025,2,37,5,1.10,1,,No,Medium,ADJ-1050,Standard,Team SouthTeam West,91.3,6.8
CLM-2025-01689,CNT-101689,CUST-68720,TX,South Central,"$6,681.65 ",7/12/2025,7/15/2025,7/18/2025,7/13/2025,3,-2,5,4.05,1,No,No,Medium,ADJ-1063,Standard,Team Delta,87.9,5.5
CLM-2025-01690,CNT-101690,CUST-45463,WA,West,$745.32 ,7/11/2025,7/14/2025,7/14/2025,7/15/2025,0,1,1,1.08,0,No,,Medium,ADJ-1034,Senior,Team SouthTeam West,89,9.1
CLM-2025-01691,CNT-101691,CUST-54941,TX,South Central,"$7,000.42 ",8/28/2025,8/29/2025,9/1/2025,9/25/2025,-3,27,5,3.06,1,No,No, Medium ,ADJ-1055,Standard,Team Delta,97.7,5.5
CLM-2025-01692,CNT-101692,CUST-70147,NV,Southwest,$820.63 ,3/28/2025,3/28/2025,3/29/2025,4/12/2025,1,15,2,1.06,0,,No,medium,ADJ-1001,Standard,Team Echo,82.9,8.3
CLM-2025-01693,CNT-101693,CUST-82559,GA,Southeast,"$2,977.39 ",1/26/2025,1/26/2025,1/26/2025,,0,-21,1,2.44,2,No,No,Low,ADJ-1036,Standard,Team SouthTeam West,95.4,8.7
CLM-2025-01694,CNT-101694,CUST-21508,UT,Mountain,"$2,445.20 ",11/6/2025,11/6/2025,11/7/2025,11/15/2025,1,9,4,3.55,2,No,No,High,ADJ-1056,Standard,Team Delta,90.1,6.6
CLM-2025-01695,CNT-101695,CUST-33080,IL,Midwest,"$1,578.60 ",1/2/2025,1/7/2025,1/7/2025,1/8/2025,0,1,1,2.36,1,Yes,Yes,Low,ADJ-1003,Trainee,Team Delta,83,N/A
CLM-2025-01696,CNT-101696,CUST-57241,FL,Southeast,"$3,895.33 ",12/5/2025,N/A,12/7/2025,12/27/2025,2,22,4,3.60,1,Yes,Yes,Low,ADJ-1076,Senior,Team Team Alpha,78.1,5.4
CLM-2025-01697,CNT-101697,CUST-27017,CO,Mountain,"$12,795.90 ",8/5/2025,8/5/2025,8/6/2025,9/7/2025,1,33,5,2.53,0,No,No,Medium,ADJ-1066,Standard,Team Gamma,87.2,6.5
CLM-2025-01698,CNT-101698,CUST-47699,TX,South Central,"$20,584.69 ",12/14/2025,12/14/2025,12/18/2025,2/2/2026,4,50,6,5.54,2,Yes,No,high,ADJ-1050,Standard,Team Team Alpha,96.8,4.4
CLM-2025-01699,CNT-101699,CUST-48684,CO,Mountain,"$7,793.91 ",7/7/2025,7/7/2025,7/9/2025,8/3/2025,2 days,27,2,2.96,1,No,No,Low,ADJ-1014,Senior,Team Beta,91.4,6.3
CLM-2025-01700,CNT-101700,CUST-89408,IL,Midwest,"$19,185.02 ",4/8/2025,4/10/2025,4/10/2025,5/10/2025,0,30,6,3.26,0,No,No,Low,ADJ-1065,Specialist,Team Team Central,92,6.3
CLM-2025-01701,CNT-101701,CUST-50782,IL,Midwest,$934.62 ,5/8/2025,5/8/2025,5/9/2025,5/17/2025,1,9,4,1.74,0,No,No,LOW,ADJ-1028,Senior,Team SouthTeam West,N/A,8.7
CLM-2025-01702,CNT-101702,CUST-50154,OR,West,"$8,351.49 ",10/7/2025,10/7/2025,10/10/2025,11/24/2025,3,48,6,2.35,0,No,Yes,High,ADJ-1065,Trainee,Team Gamma,83.6,6.7
CLM-2025-01703,CNT-101703,CUST-12979,OR,West,"$4,849.56 ",9/5/2025,9/7/2025,9/8/2025,10/9/2025,,32,6,3.49,0,No,No,Medium,ADJ-1011,Specialist,Team Gamma,93,8.9
CLM-2025-01704,CNT-101704,CUST-61007,TX,South Central,"$1,121.73 ",1/30/2025,1/31/2025,2/2/2025,2/14/2025,2,14,7,5.19,1,No,No,Low,ADJ-1068,Trainee,Team SouthTeam West,100,5
CLM-2025-01705,CNT-101705,CUST-19858,AZ,Southwest,"$2,026.79 ",,2/27/2025,2/28/2025,,1,6,1,1.50,0,No,No,Low,ADJ-1035,Trainee,Team Gamma,96.8,11
CLM-2025-01706,CNT-101706,UNKNOWN,CA,West,"$24,916.84 ",12/14/2025,12/14/2025,12/16/2025,1/28/2026,2,,5,6.00,0,No,No,,ADJ-1039,Standard,Team Gamma,97.9,5.6
CLM-2025-01707,CNT-101707,CUST-67071,NM,Southwest,"$3,225.34 ",10/24/2025,10/25/2025,10/25/2025,11/27/2025,0,33,4,3.59,0,No,No,Medium,ADJ-1049,Standard,Team Team Alpha,94.8,6.5
CLM-2025-01708,CNT-101708,CUST-91593,CA,West,"$11,767.74 ",3/24/2025,3/24/2025,3/25/2025,5/6/2025,-1,43,4,4.29,0,No,No,High,ADJ-1058,Standard,Team Delta,85.9,4.3
CLM-2025-01709,CNT-101709,CUST-32669,TX,South Central,"$1,238.88 ",2/18/2025,2/20/2025,2/22/2025,3/17/2025,2,25,6,4.33,0,No,No,Low,ADJ-1045,Standard,Team Team Alpha,97.6,6
CLM-2025-01710,CNT-101710,CUST-60445,OR,West,"$7,528.89 ",5/4/2025,5/6/2025,5/7/2025,5/11/2025,1,5,3,2.12,0,No,Yes,low,ADJ-1040,Standard,Team Team West,86.7,7.4
CLM-2025-01711,CNT-101711,CUST-47697,CO,Mountain,"$5,940.96 ",11/10/2025,11/11/2025,11/13/2025,12/11/2025,2,30,4,N/A,1,No,No,Low,ADJ-1074,Standard,Team Team West,95.4,5.9
CLM-2025-01712,,CUST-14555,CA,West,"$1,827.26 ",6/10/2025,6/12/2025,6/12/2025,6/19/2025,0,7,2,3.63,0,No,No,Medium,ADJ-1008,Standard,Team Gamma,93.5,8.3
CLM-2025-01713,CNT-101713,CUST-65302,FL,Southeast,"$11,281.67 ",8/23/2025,8/23/2025,8/24/2025,9/23/2025,1,31,4,2.36,0,No,No,Low,ADJ-1001,Standard,Team SouthTeam West,100,N/A
CLM-2025-01714,CNT-101714,CUST-66083,CO,Mountain,"$3,982.66 ",4/15/2025,4/20/2025,4/20/2025,5/12/2025,7,22,3,1.69,0,No,No,Medium,ADJ-1038,Standard,Team Team Alpha,100,8.5
CLM-2025-01715,CNT-101715,CUST-26279,WA,West,"$6,184.04 ",1/7/2025,1/7/2025,1/10/2025,1/4/2025,7,-3,4,3.14,0,No,No,Medium,ADJ-1042,Standard,Team Team Central,94.5,7.1
CLM-2025-01716,CNT-101716,CUST-89618,TX,South Central,,7/12/2025,7/14/2025,7/16/2025,7/22/2025,2 days,8,4,4.60,0,No,No,Low,ADJ-1034,Standard,Team Gamma,91.8,6.6
CLM-2025-01717,CNT-101717,CUST-24852,CA,West,"$22,936.44 ",7/17/2025,7/17/2025,7/19/2025,9/3/2025,2,48,7,4.33,1,No,No,Low,ADJ-1006,Trainee,Team Team Alpha,94.5,6.5
CLM-2025-01718,CNT-101718,CUST-64126,CO,Mountain,N/A,3/21/2025,3/24/2025,3/25/2025,4/16/2025,1,N/A,4,3.42,0,No,No,Medium,ADJ-1026,Senior,Team Echo,92.8,6.4
CLM-2025-01719,CNT-101719,CUST-69481,CO,Mountain,$979.80 ,12/15/2025,12/17/2025,12/19/2025,12/18/2025,2,1,4,3.87,0,No,No,Low,ADJ-1012,Specialist,Team Team Alpha,91.7,8.2
CLM-2025-01720,CNT-101720,CUST-34388,TX,South Central,"$7,684.24 ",5/21/2025,5/21/2025,5/25/2025,6/19/2025,4,29,5,5.43,0,No,No,Low,ADJ-1009,Senior,Team Team West,91.6,3.8
CLM-2025-01721,CNT-101721,CUST-99836,NM,Southwest,"$1,880.10 ",12/19/2025,12/19/2025,12/20/2025,12/25/2025,1,6,2,3.58,1,No,No,Medium,ADJ-1041,Standard,Team Echo,94.4,7.9
CLM-2025-01722,CNT-101722,CUST-29716,GA,Southeast,"$7,412.03 ",5/17/2025,5/17/2025,5/18/2025,6/5/2025,1,19,3,4.26,,No,Yes,Medium,ADJ-1021,Standard,Team Gamma,96.3,7.6
CLM-2025-01723,CNT-101723,CUST-71793,IL,Midwest,"$4,149.86 ",2/10/2025,2/15/2025,2/15/2025,3/19/2025,0,32,3,3.09,0,No,No,Medium,ADJ-1046,Standard,Team Beta,93.5,6.6
CLM-2025-01724,CNT-101724,CUST-71575,TX,South Central,"$10,149.92 ",1/19/2025,1/19/2025,1/20/2025,2/22/2025,1,34,6,5.39,0,Yes,No,Low,ADJ-1023,,Team Team Alpha,91.8,4.7
CLM-2025-01725,CNT-101725,CUST-87885,AZ,Southwest,"$2,078.28 ",7/21/2025,7/23/2025,7/23/2025,7/24/2025,0,1,2,2.06,0,No,No,Low,ADJ-1005,Standard,Team Echo,92.5,7.3
CLM-2025-01726,CNT-101726,CUST-55277,CA,West,"$6,153.94 ",3/9/2025,3/9/2025,3/11/2025,3/26/2025,2,17,4,5.30,1,No,No,High,ADJ-1054,Senior,Team Echo,90.1,4.4
CLM-2025-01727,CNT-101727,CUST-18721,OR,West,$825.86 ,10/18/2025,10/20/2025,10/20/2025,11/15/2025,0,26,2,1.15,0,No,No,Medium,ADJ-1026,Standard,Team West,90,8.4
CLM-2025-00620,CNT-101728,CUST-87657,NV,Southwest,"$35,229.11 ",12/22/2025,12/25/2025,12/27/2025,2/17/2026,2,54,8,4.90,0,No,Yes,Medium,ADJ-1025,Senior,Team SouthTeam West,92.7,6
CLM-2025-01729,CNT-101729,CUST-25032,GA,Southeast,"$3,983.22 ",1/11/2025,1/11/2025,1/13/2025,1/29/2025,2,18,2,0.35,0,No,No,Minor,ADJ-1044,Specialist,Team Team Central,94.7,6.9
CLM-2025-01730,CNT-101730,CUST-48082,OR,West,"$1,063.67 ",6/11/2025,6/12/2025,6/13/2025,6/20/2025,1,8,3,2.15,2,No,No,Low,ADJ-1030,Specialist,Team Team Central,88.6,7.5
CLM-2025-01731,CNT-101731,CUST-44442,WA,West,"$2,216.00 ",1/28/2025,2/1/2025,2/2/2025,2/13/2025,1,12 days,3,2.09,0,No,No,Medium,ADJ-1030,Standard,Team SouthTeam West,94.7,9.1
CLM-2025-01732,CNT-101732,CUST-87740,TX,South Central,"$1,588.49 ",8/2/2025,8/3/2025,8/3/2025,8/19/2025,0,-16,5,4.54,0,Yes,Yes,Medium,ADJ-1079,Standard,Team Delta,N/A,7.4
CLM-2025-01733,CNT-101733,CUST-65033,CA,West,"$1,326.83 ",9/20/2025,9/21/2025,9/21/2025,10/11/2025,0,20,3,3.69,2,No,No,High,ADJ-1012,Standard,Team Echo,92.5,7.1
CLM-2025-01734,CNT-101734,CUST-29128,OR,West,"$50,942.79 ",8/15/2025,8/18/2025,8/18/2025,10/9/2025,0,52,6,3.46,2,No,No,Medium,ADJ-1022,Trainee,Team Team West,92.8,5.4
CLM-2025-01735,CNT-101735,CUST-31815,TX,South Central,"$2,422.07 ",12/23/2025,12/28/2025,12/31/2025,1/4/2026,3,7,2,5.27,1,No,No,Low,ADJ-1075,Senior,Team Team Alpha,95.2,7.1
CLM-2025-01736,,CUST-93951,FL,Southeast,"$31,672.66 ",11/9/2025,11/11/2025,11/12/2025,1/12/2026,1,62,5,4.26,2,No,No,High,ADJ-1076,Standard,Team Echo,89.1,6.6
CLM-2025-01727,CNT-101737,CUST-79525,NV,Southwest,"$1,089.46 ",6/29/2025,6/30/2025,7/2/2025,7/23/2025,2,23,3,2.70,0,No,No,Medium,ADJ-1077,Standard,Team Beta,96,6.8
CLM-2025-01738,CNT-101738,CUST-56402,UT,Mountain,"$3,277.66 ",12/26/2025,12/26/2025,12/29/2025,1/14/2026,3,19,1,2.71,1,No,No,LOW,ADJ-1020,Senior,Team Echo,90.5,7.7
CLM-2025-01739,CNT-101739,CUST-33931,CA,West,"$1,089.71 ",11/13/2025,11/14/2025,11/15/2025,11/24/2025,5,10,4,4.17,0,Yes,Yes,Low,ADJ-1008,Standard,Team Beta,74.5,6.4
CLM-2025-01740,CNT-101740,CUST-86946,NM,Southwest,"$4,619.07 ",12/8/2025,12/9/2025,12/11/2025,1/14/2026,2,36,1,3.46,0,No,No,Medium,ADJ-1064,Standard,Team SouthTeam West,94.2,5.7
CLM-2025-01741,CNT-101741,CUST-16145,NV,Southwest,"$13,823.82 ",10/15/2025,10/15/2025,10/19/2025,11/17/2025,4,33,7,3.29,0,No,No,Medium,ADJ-1054,Standard,Team SouthTeam West,90.7,7.4
CLM-2025-01742,CNT-101742,CUST-61106,AZ,Southwest,"$1,406.12 ",11/1/2025,11/1/2025,11/2/2025,11/15/2025,1,34,1,2.20,0,No,No,Medium,ADJ-1004,Standard,Team Gamma,97.2,6.3
CLM-2025-01743,CNT-101743,CUST-30661,TX,South Central,$902.32 ,2/12/2025,2/14/2025,2/17/2025,3/3/2025,3,17,2,5.10,,Yes,Yes,Medium,ADJ-1012,Trainee,Team Echo,75.2,4.5
CLM-2025-01744,CNT-101744,CUST-79523,FL,Southeast,$562.48 ,9/3/2025,9/3/2025,9/5/2025,10/5/2025,2,22,4,2.06,0,No,No,Medium,ADJ-1009,Standard,Team Delta,91.6,6.1
CLM-2025-01745,CNT-101745,CUST-88745,GA,Southeast,"$3,519.80 ",,4/1/2025,4/2/2025,4/28/2025,1,27,3,3.32,0,No,No,High,ADJ-1059,Senior,Team SouthTeam West,93.7,7.8
CLM-2025-01746,CNT-101746,CUST-40016,TX,South Central,"$1,072.55 ",,2/24/2025,2/26/2025,3/15/2025,-2,19,6,5.46,2,No,No,Medium,ADJ-1046,Standard,Team SouthTeam West,95.5,5.4
CLM-2025-01747,CNT-101747,CUST-98335,UT,Mountain,"$55,916.00 ",6/17/2025,6/17/2025,6/18/2025,8/30/2025,1,74,8,4.49,0,Yes,No,High,ADJ-1002,Senior,Team Team West,83.7,6.1
CLM-2025-01748,CNT-101748,CUST-80852,AZ,Southwest,"$2,129.30 ",7/15/2025,7/15/2025,7/17/2025,7/30/2025,2,15,4,2.22,1,No,No,Low,ADJ-1080,Trainee,Team Echo,95.5,8.9
CLM-2025-01749,CNT-101749,CUST-67159,NM,Southwest,"$2,483.00 ",11/16/2025,11/18/2025,11/21/2025,12/4/2025,3,16,5,2.97,0,No,Yes,Low,ADJ-1026,Trainee,Team Team Central,83.8,5.6
CLM-2025-01750,CNT-101750,CUST-68096,TX,South Central,"$5,598.31 ",4/10/2025,4/11/2025,4/14/2025,5/3/2025,3,22,5,4.84,0,No,No,Low,ADJ-1072,Standard,Team Delta,82.6,5.3
CLM-2025-01751,CNT-101751,CUST-14131,GA,Southeast,"$3,287.93 ",11/24/2025,11/24/2025,11/25/2025,12/24/2025,1,30,2,4.45,2,No,No,Low,ADJ-1067,Standard,Team Team Central,96.7,6.5
CLM-2025-01752,CNT-101752,CUST-42224,WA,West,"$1,504.17 ",2/19/2025,2/21/2025,2/22/2025,2/28/2025,1,7,3,0.91,1,Yes,No,Low,ADJ-1012,Specialist,Team Team West,88.5,8.2
CLM-2025-01550,CNT-101753,CUST-19430,WA,West,"$2,441.41 ",10/19/2025,10/19/2025,10/20/2025,11/13/2025,-1,25,5,3.49,0,No,No,Medium,ADJ-1041,,Team Delta,94.1,7.2
CLM-2025-01754,CNT-101754,CUST-37744,TX,South Central,"$1,532.43 ",1/13/2025,1/15/2025,1/17/2025,2/4/2025,2,20,5,4.48,3,No,No,High,ADJ-1007,Senior,Team Beta,88.3,5.7
CLM-2025-00188,CNT-101755,CUST-80266,OR,West,"$2,392.53 ",9/3/2025,9/3/2025,9/6/2025,9/4/2025,3,1,1,0.52,1,No,No,Low,ADJ-1061,Trainee,Team Team Alpha,86.5,8.4
CLM-2025-01756,CNT-101756,CUST-78750,AZ,Southwest,"$6,434.75 ",9/23/2025,9/23/2025,9/24/2025,10/16/2025,1,23,3,3.64,0,No,No,Medium,ADJ-1001,Senior,Team Team Central,100,7.5
CLM-2025-01757,CNT-101757,CUST-87647,CO,Mountain,"$2,331.52 ",3/14/2025,3/15/2025,3/17/2025,4/4/2025,N/A,20,2,3.50,0,No,No,Moderate,ADJ-1061,Standard,Team Delta,88.9,5.8
CLM-2025-01758,CNT-101758,CUST-77707,OR,West,"$4,667.99 ",12/11/2025,12/13/2025,12/14/2025,12/22/2025,1,9,N/A,3.06,2,No,No,Low,ADJ-1035,Standard,Team Echo,,7.9
CLM-2025-01759,CNT-101759,CUST-82248,FL,Southeast,"$6,705.33 ",10/9/2025,10/9/2025,10/10/2025,10/22/2025,1,13,4,4.30,1,No,No,,ADJ-1002,Standard,Team Team Alpha,91.2,7.2
CLM-2025-01760,CNT-101760,CUST-85307,CO,Mountain,$708.00 ,8/4/2025,8/4/2025,8/4/2025,8/13/2025,0,9,2,4.79,1,No,No,Medium,ADJ-1039,Senior,Team Team Alpha,90.2,9
CLM-2025-01761,CNT-101761,CUST-76459,TX,South Central,"$41,833.26 ",11/8/2025,11/8/2025,11/12/2025,1/5/2026,4,58,8,6.35,0,No,No,Low,ADJ-1068,Standard,Team Gamma,87.9,5.4
CLM-2025-01762,CNT-101762,CUST-14577,CO,Mountain,N/A,2/2/2025,,2/5/2025,2/18/2025,2,15,3,3.97,0,No,No,Medium,ADJ-1034,Specialist,Team Beta,92,6.9
CLM-2025-01763,CNT-101763,CUST-61056,NV,Southwest,"$9,795.46 ",9/13/2025,9/13/2025,9/15/2025,10/31/2025,2,48,5,3.08,2,No,No,High,ADJ-1079,Standard,Team Team West,93.1,6.5
CLM-2025-01764,CNT-101764,CUST-40945,TX,South Central,"$5,865.51 ",7/13/2025,7/13/2025,7/16/2025,7/26/2025,3,13,4,3.31,1,No,No,Low,ADJ-1071,Standard,Team SouthTeam West,86.1,N/A
CLM-2025-01765,CNT-101765,CUST-37481,AZ,Southwest,"$5,436.96 ",8/17/2025,8/19/2025,8/19/2025,8/27/2025,0,8,4,2.95,0,No,No,Low,ADJ-1080,Standard,Team SouthTeam West,93.8,7.5
CLM-2025-01766,CNT-101766,CUST-37359,AZ,Southwest,"$4,997.78 ",3/28/2025,3/29/2025,3/31/2025,4/28/2025,2,30,3,1.63,0,No,No,Low,ADJ-1073,Specialist,Team Team Central,88.6,7.7
CLM-2025-01767,CNT-101767,CUST-71261,GA,Southeast,"$1,112.79 ",11/4/2025,11/4/2025,11/5/2025,11/25/2025,1,21,3,1.45,0,No,No,Medium,ADJ-1062,Specialist,Team Team Alpha,89.2,7.4
CLM-2025-01768,CNT-101768,CUST-38419,TX,South Central,"$2,410.15 ",10/24/2025,10/24/2025,10/28/2025,11/14/2025,4,21,6,5.44,0,No,No,Low,ADJ-1065,Senior,Team Team West,100,5.8
CLM-2025-01769,CNT-101769,CUST-59520,TX,South Central,"$24,140.05 ",7/14/2025,7/14/2025,7/16/2025,8/11/2025,9,28,N/A,4.71,1,Yes,No,Medium,ADJ-1071,Standard,Team Delta,88.6,5.9
CLM-2025-01770,CNT-101770,CUST-96020,CA,West,$559.21 ,8/29/2025,8/29/2025,8/29/2025,9/2/2025,0,4,4,3.53,0,Yes,No,Low,ADJ-1050,Specialist,Team SouthTeam West,90.2,7.4
CLM-2025-01771,CNT-101771,CUST-18294,AR,Southwest,"$4,340.61 ",6/20/2025,6/22/2025,6/25/2025,7/16/2025,3,24,4,1.65,1,No,No,Low,ADJ-1052,Trainee,Team Echo,93.7,7.9
CLM-2025-00296,CNT-101772,CUST-50422,TX,South Central,"$6,803.58 ",11/29/2025,11/29/2025,12/3/2025,12/14/2025,4,,5,5.49,0,No,No,low,ADJ-1007,Trainee,Team Team Alpha,81,3.6
CLM-2025-01773,CNT-101773,CUST-58004,CA,West,"$4,472.86 ",9/2/2025,9/3/2025,9/6/2025,9/22/2025,3,19,5,4.88,1,No,No,Medium,ADJ-1040,Standard,Team Gamma,94.4,5.8
CLM-2025-01774,CNT-101774,CUST-98993,CO,Mountain,"$1,638.64 ",8/3/2025,8/7/2025,8/7/2025,8/9/2025,0,2,1,0.99,0,No,No,Low,ADJ-1011,Standard,Team Team Central,91.8,9
CLM-2025-01775,CNT-101775,CUST-87258,OR,West,"$1,924.34 ",11/23/2025,11/24/2025,11/24/2025,12/18/2025,0,24,4,4.10,1,No,No,,ADJ-1041,Standard,Team Delta,94.9,5.8
CLM-2025-01776,CNT-101776,CUST-85607,AZ,Southwest,"$10,697.08 ",4/21/2025,4/21/2025,4/22/2025,6/5/2025,1,45,5,3.70,2,No,No,Medium,ADJ-1051,Senior,Team Echo,93.8,7.1
CLM-2025-01777,CNT-101777,CUST-72827,CO,Mountain,"$6,841.70 ",9/21/2025,9/21/2025,9/22/2025,10/16/2025,1,25,2,1.45,2,No,No,High,ADJ-1067,Standard,Team Delta,96.3,7.5
CLM-2025-01778,CNT-101778,CUST-16326,AZ,Southwest,N/A,4/5/2025,4/7/2025,4/9/2025,6/11/2025,2,65,4,3.55,1,No,No,High,ADJ-1038,Standard,Team Gamma,86,6.7
CLM-2025-01779,CNT-101779,CUST-54251,GA,Southeast,"$6,658.97 ",7/30/2025,7/30/2025,8/1/2025,8/19/2025,2,20,3,2.57,1,No,No,Medium,ADJ-1061,Senior,Team Delta,87.4,7.6
CLM-2025-01780,CNT-101780,CUST-91014,AZ,Southwest,"$50,874.21 ",11/23/2025,11/26/2025,,2/2/2026,1,68 days,7,3.58,2,No,No,High,ADJ-1074,Standard,Team Gamma,95.3,6.1
CLM-2025-01781,CNT-101781,CUST-47831,OR,West,"$1,750.19 ",5/5/2025,5/6/2025,5/8/2025,6/4/2025,2,29,1,,1,No,No,High,ADJ-1014,Senior,Team Gamma,94.3,5.6
CLM-2025-01782,CNT-101782,CUST-81348,IL,Midwest,"$17,961.34 ",2/25/2025,,3/1/2025,4/18/2025,0,48,5,3.73,0,No,No,Low,ADJ-1033,Standard,Team Beta,91.9,7.3
CLM-2025-01783,CNT-101783,CUST-45782,FL,Southeast,"$6,082.05 ",8/29/2025,9/1/2025,9/2/2025,9/30/2025,1,49,4,0.99,1,No,Yes,Medium,ADJ-1071,Standard,Team Team Central,91.7,8.5
CLM-2025-01784,CNT-101784,CUST-98955,AZ,Southwest,"$3,452.79 ",,5/15/2025,5/16/2025,6/18/2025,1,29,3,2.40,0,No,No,High,ADJ-1069,Standard,Team Team Alpha,97.9,N/A
CLM-2025-01785,CNT-101785,CUST-78671,TX,South Central,"$2,405.90 ",4/2/2025,4/2/2025,4/6/2025,4/14/2025,4,12,4,4.46,1,No,Yes,Medium,ADJ-1053,Standard,Team Team Central,95.7,6.2
CLM-2025-01786,CNT-101786,CUST-15739,OR,West,"$14,659.03 ",3/23/2025,3/25/2025,N/A,4/18/2025,1,24,3,3.31,1,No,No,High,ADJ-1031,Specialist,Team Team West,95.2,5.8
CLM-2025-01787,CNT-101787,CUST-55523,AZ,Southwest,"$4,594.61 ",3/26/2025,3/29/2025,3/30/2025,4/16/2025,1,18,4,3.52,0,No,No,,ADJ-1062,Standard,Team Team Central,91,5.7
CLM-2025-01788,CNT-101788,CUST-25876,GA,Southeast,"$3,957.26 ",1/30/2025,2/3/2025,2/4/2025,2/27/2025,1,24,2,2.49,0,No,No,Medium,ADJ-1001,Trainee,Team Team Central,97.6,7.3
CLM-2025-01789,CNT-101789,CUST-30399,TX,South Central,"$1,011.31 ",9/13/2025,9/15/2025,9/16/2025,9/30/2025,1,15,5,4.59,0,No,Yes,,ADJ-1027,Senior,Team Team Central,91.5,5.8
CLM-2025-01790,CNT-101790,CUST-15065,FL,Southeast,"$5,725.99 ",11/23/2025,11/25/2025,11/26/2025,12/17/2025,1,22,8,6.03,0,No,No,Low,ADJ-1059,Standard,Team Team Central,92.6,5.2
CLM-2025-01791,CNT-101791,CUST-82759,WA,West,"$1,722.18 ",,12/12/2025,12/14/2025,12/31/2025,2,-19,2,4.58,0,No,No,Medium,ADJ-1003,Senior,Team Echo,89.6,6.5
CLM-2025-01792,CNT-101792,CUST-39162,CO,,"$1,279.10 ",4/23/2025,4/26/2025,,6/7/2025,1,42,6,3.22,1,No,No,High,ADJ-1043,Standard,Team Echo,100,5.9
CLM-2025-01793,CNT-101793,CUST-51311,TX,South Central,"$13,630.31 ",4/7/2025,4/7/2025,4/10/2025,5/23/2025,3,46,7,3.58,1,No,Yes,High,ADJ-1076,Senior,Team Gamma,81.9,4.3
CLM-2025-01794,CNT-101794,CUST-77456,GA,Southeast,"$21,265.52 ",6/24/2025,6/25/2025,6/26/2025,8/6/2025,1,42,2,2.84,1,No,No,High,ADJ-1023,Senior,Team Team West,91.7,6.6
CLM-2025-01795,CNT-101795,CUST-53741,IL,Midwest,"$2,294.70 ",3/3/2025,N/A,3/8/2025,3/24/2025,2,18,3,3.17,0,No,No,Medium,ADJ-1037,Standard,Team Beta,100,7.1
CLM-2025-01796,CNT-101796,CUST-91578,CA,West,"$1,593.94 ",1/21/2025,1/22/2025,1/22/2025,13/32/2025,0,18,3,4.28,0,No,No,Medium,ADJ-1003,Standard,Team Gamma,82.5,5.8
CLM-2025-01797,CNT-101797,CUST-77943,TX,South Central,"$2,076.15 ",,1/2/2026,1/5/2026,1/10/2026,3,8,N/A,4.33,0,No,No,Medium,ADJ-1060,Trainee,Team Team Alpha,89.1,
CLM-2025-01798,CNT-101798,CUST-40648,GA,Southeast,$681.02 ,11/11/2025,11/15/2025,11/16/2025,11/18/2025,1,3,1,2.99,0,No,No,Medium,ADJ-1007,Standard,Team Team Central,96.1,8.4
CLM-2025-00369,,CUST-41420,TX,South Central,"$5,096.00 ",11/13/2025,11/15/2025,11/21/2025,12/16/2025,6,N/A,6,5.91,1,No,No,Low,ADJ-1028,Trainee,Team Team Central,86.4,3.6
CLM-2025-01800,CNT-101800,CUST-63228,TX,South Central,$690.86 ,7/26/2025,7/26/2025,7/28/2025,8/13/2025,N/A,18,5,4.15,0,No,No,Low,ADJ-1046,Standard,Team Delta,95.4,6.8
CLM-2025-01801,CNT-101801,CUST-83572,CO,Mountain,"$1,320.43 ",9/17/2025,9/19/2025,9/21/2025,10/2/2025,2,13,1,1.90,0,No,No,Medium,ADJ-1051,Standard,Team Team Alpha,87.6,7.8
CLM-2025-01802,CNT-101802,CUST-18974,CA,West,"$3,818.00 ",N/A,13/32/2025,11/30/2025,12/30/2025,3,33,,3.84,0,No,No,Medium,ADJ-1064,Standard,Team Echo,92.9,6.9
CLM-2025-01803,CNT-101803,CUST-59515,NM,Southwest,"$1,681.53 ",10/31/2025,11/2/2025,11/2/2025,11/14/2025,0,12,2,1.35,0,No,No,Medium,ADJ-1001,Senior,Team Gamma,,8.4
CLM-2025-01804,CNT-101804,CUST-20388,FL,Southeast,"$1,303.64 ",2/3/2025,2/4/2025,2/4/2025,2/5/2025,0,1,1,2.59,1,No,No,Low,ADJ-1047,Senior,Team Gamma,94.6,
CLM-2025-01805,CNT-101805,CUST-52148,NV,Southwest,"$3,829.38 ",2/7/2025,N/A,2/9/2025,2/28/2025,2,21,4,2.97,0,No,No,Low,ADJ-1073,Standard,Team Delta,100,5.8
CLM-2025-01806,CNT-101806,CUST-55343,WA,West,"$4,411.09 ",11/19/2025,11/19/2025,11/20/2025,12/15/2025,1,26,2,1.88,1,No,No,Low,ADJ-1005,Standard,Team Team Alpha,100,7.6
CLM-2025-01807,CNT-101807,CUST-60760,TX,South Central,"$1,897.61 ",11/30/2025,12/4/2025,12/7/2025,12/22/2025,3,18,4,5.65,1,No,No,Medium,ADJ-1075,,Team Team Alpha,91.1,5.9
CLM-2025-01808,CNT-101808,CUST-61198,CO,Mountain,"$5,218.90 ",9/18/2025,9/25/2025,9/26/2025,10/19/2025,1,24,1,3.20,1,No,No,Low,ADJ-1053,Standard,Team Team Central,93.8,7.4
CLM-2025-01809,CNT-101809,CUST-76520,AR,Southwest,"$1,082.31 ",2/17/2025,,2/25/2025,3/10/2025,4,17,3,3.38,0,No,Yes,Medium,ADJ-1009,Senior,Team Team Alpha,81.4,4.2
CLM-2025-01810,CNT-101810,CUST-58218,AZ,Southwest,"$24,812.81 ",12/2/2025,12/2/2025,12/4/2025,1/23/2026,2,52,4,3.43,2,No,,High,ADJ-1080,Standard,Team Delta,90.8,5.2
CLM-2025-01811,CNT-101811,CUST-69998,UT,Mountain,"$7,024.53 ",8/16/2025,8/17/2025,8/17/2025,9/7/2025,0,21,4,3.87,1,No,No,Medium,ADJ-1057,Standard,Team SouthTeam West,92.8,7.6
CLM-2025-01812,CNT-101812,CUST-93534,CA,West,"$1,936.07 ",3/26/2025,3/28/2025,4/1/2025,4/15/2025,4,18,3,3.67,0,,No,Medium,ADJ-1073,Standard,Team Team Central,91.4,5.3
CLM-2025-01813,CNT-101813,CUST-86989,NM,Southwest,"$2,033.34 ",1/31/2025,13/32/2025,2/5/2025,3/3/2025,4,30,6,4.00,3,No,No,High,ADJ-1014,Standard,Team Beta,87.7,4.4
CLM-2025-01814,CNT-101814,CUST-33259,TX,South Central,"$1,154.76 ",6/5/2025,6/7/2025,6/9/2025,6/18/2025,2,11,5,3.98,0,No,No,Medium,ADJ-1008,Trainee,Team Team Central,92.4,7.1
CLM-2025-01815,CNT-101815,CUST-59742,CA,West,"$4,523.68 ",12/25/2025,12/25/2025,12/28/2025,1/24/2026,3,30,1,,2,No,Yes,Medium,ADJ-1018,Senior,Team Team West,87.2,6.5
CLM-2025-01816,CNT-101816,CUST-54923,NV,Southwest,"$9,904.05 ",6/17/2025,6/18/2025,6/20/2025,,-6,60,6,3.50,2,No,No,High,ADJ-1008,Standard,Team Beta,97.5,5.2
CLM-2025-01817,CNT-101817,CUST-88731,OR,West,$987.42 ,2/2/2025,2/5/2025,2/7/2025,2/17/2025,2,12,1,4.15,N/A,No,No,Low,ADJ-1053,Standard,Team Team Alpha,96.6,0
CLM-2025-01818,CNT-101818,CUST-50680,CA,West,"$1,636.79 ",1/5/2025,1/5/2025,1/6/2025,1/16/2025,1,11,5,3.29,0,No,No,,ADJ-1048,Senior,Team Team Alpha,95.6,6.6
CLM-2025-01819,CNT-101819,CUST-68748,UT,Mountain,"$20,989.97 ",3/7/2025,3/7/2025,,4/13/2025,0,37,4,4.07,0,No,No,High,ADJ-1059,Standard,Team Delta,94,5.8
CLM-2025-01820,,CUST-70247,NV,Southwest,"$64,019.90 ",12/18/2025,12/19/2025,12/20/2025,2/27/2026,1,70,,4.31,2,No,No,High,,Standard,Team Beta,90.2,6.3
CLM-2025-01821,CNT-101821,CUST-25866,NV,Southwest,"$30,583.45 ",8/26/2025,8/26/2025,8/27/2025,10/8/2025,1,43 days,6,1.75,1,No,No,Low,ADJ-1026,Senior,Team Delta,96.9,8
CLM-2025-01822,CNT-101822,CUST-42628,NV,Southwest,"$2,164.97 ",8/5/2025,,8/11/2025,8/30/2025,9,21,4,1.60,0,No,No,Low,ADJ-1035,Trainee,Team Team Central,97.9,7.9
CLM-2025-01823,CNT-101823,CUST-54082,AZ,Southwest,"$1,344.84 ",3/13/2025,3/14/2025,3/14/2025,3/24/2025,0,10,2,0.70,1,No,No,Medium,ADJ-1057,Standard,Team Delta,91,8.9
CLM-2025-00625,CNT-101824,CUST-51719,CA,West,"$3,515.27 ",9/14/2025,9/15/2025,9/16/2025,9/26/2025,1,11,4,3.10,0,No,No,Medium,ADJ-1068,Standard,Team Team Central,90.5,7.4
CLM-2025-01825,CNT-101825,CUST-25710,AZ,Southwest,$609.84 ,7/4/2025,7/8/2025,7/8/2025,7/27/2025,0,19,1,2.57,1,No,No,Medium,ADJ-1007,Standard,Team Gamma,93.9,7.3
CLM-2025-01826,CNT-101826,CUST-66735,TX,South Central,N/A,6/19/2025,6/19/2025,6/21/2025,7/9/2025,2,20,5,3.91,0,No,No,Low,ADJ-1030,Standard,Team Team Central,90,5.3
CLM-2025-01827,CNT-101827,CUST-90044,TX,South Central,"$7,445.50 ",10/20/2025,10/21/2025,10/23/2025,11/20/2025,2,30,5,4.58,1,Yes,No,Low,ADJ-1054,Senior,Team Team West,86.7,5
CLM-2025-01828,CNT-101828,CUST-30836,TX,South Central,$662.93 ,1/10/2025,1/11/2025,,1/19/2025,-2,8,N/A,4.25,1,No,No,Low,ADJ-1050,Trainee,Team SouthTeam West,100,8.2
CLM-2025-01829,CNT-101829,CUST-24879,AZ,Southwest,,10/23/2025,10/24/2025,10/26/2025,11/16/2025,2,23,2,4.08,1,No,No,High,ADJ-1074,,Team Team West,92.5,5.4
CLM-2025-01830,CNT-101830,CUST-33166,FL,Southeast,"$4,142.29 ",10/14/2025,10/18/2025,10/20/2025,11/8/2025,2,21,3,3.99,0,No,No,Medium,ADJ-1045,Standard,Team Team Alpha,94.3,6.3
CLM-2025-01831,CNT-101831,CUST-48796,CA,West,"$12,234.56 ",2/10/2025,2/12/2025,2/12/2025,3/28/2025,0,44,5,4.52,1,No,No,High,ADJ-1067,Standard,Team Team West,93.7,5.7
CLM-2025-01832,CNT-101832,CUST-57643,AZ,Southwest,"$6,988.47 ",1/4/2025,1/5/2025,1/7/2025,2/6/2025,-2,32,4,4.47,0,No,No,Medium,ADJ-1017,Senior,Team SouthTeam West,95.3,5.9
CLM-2025-01833,CNT-101833,CUST-79775,AZ,Southwest,"$1,799.25 ",5/2/2025,5/4/2025,5/5/2025,,1,1,1,2.41,0,No,No,Low,ADJ-1066,Standard,Team Delta,97,8.2
CLM-2025-00295,CNT-100295,CUST-69051,GA,Southeast,"$13,928.00 ",4/9/2025,4/11/2025,4/11/2025,5/17/2025,0,36,3,2.18,0,Yes,No,Medium,ADJ-1042,Senior,Team Team Alpha,82.8,6.4
CLM-2025-01835,CNT-101835,CUST-35560,TX,South Central,"$1,662.63 ",12/10/2025,12/13/2025,12/15/2025,12/14/2025,2,1,3,5.10,0,No,No,Low,ADJ-1075,Standard,Team Echo,93.4,7.4
CLM-2025-01836,CNT-101836,CUST-79940,NV,Southwest,$497.78 ,11/19/2025,11/22/2025,11/19/2025,12/13/2025,-3,21,6,4.36,N/A,No,No,High,ADJ-1039,Senior,Team Gamma,95.4,7.2
CLM-2025-01837,CNT-101837,CUST-71341,TX,South Central,"$3,587.70 ",6/29/2025,6/30/2025,7/1/2025,7/26/2025,1,26,5,6.00,1,No,No,High,ADJ-1033,Senior,Team Echo,87.5,4
CLM-2025-01838,CNT-101838,CUST-86377,CO,Mountain,"$1,140.22 ",11/16/2025,11/18/2025,11/22/2025,12/24/2025,4,36,6,4.99,1,No,No,High,ADJ-1075,Senior,Team Team Central,84.9,5.2
CLM-2025-01839,CNT-101839,CUST-82388,NV,Southwest,"$68,837.91 ",8/9/2025,8/9/2025,8/11/2025,9/29/2025,2,51,6,2.48,0,No,No,Medium,ADJ-1040,Senior,Team Team Alpha,100,6.5
CLM-2025-01840,CNT-101840,CUST-47168,IL,Midwest,"$1,513.48 ",7/13/2025,7/14/2025,7/16/2025,8/5/2025,-2,17,2,2.48,0,No,No,Medium,ADJ-1042,Standard,Team Team West,98.2,7.7
CLM-2025-01841,CNT-101841,CUST-13501,IL,Midwest,"$7,025.15 ",3/5/2025,3/9/2025,3/11/2025,4/11/2025,2,33,3,1.28,0,No,No,Medium,ADJ-1079,Senior,Team SouthTeam West,99.2,7.7
CLM-2025-01842,CNT-101842,CUST-56664,OR,West,$548.22 ,10/15/2025,10/16/2025,10/17/2025,10/22/2025,1,6,1,3.51,0,No,No,Low,ADJ-1009,Standard,Team Beta,100,7.4
CLM-2025-01843,CNT-101843,CUST-91991,GA,Southeast,"$6,944.78 ",2/12/2025,2/14/2025,2/16/2025,2/25/2025,2,11,1,1.73,2,No,No,Medium,ADJ-1003,Specialist,Team Echo,86.7,N/A
CLM-2025-01844,CNT-101844,CUST-12143,CA,West,"$15,041.70 ",12/29/2025,1/2/2026,1/4/2026,1/31/2026,2,29,4,1.49,0,No,No,Medium,ADJ-1068,Standard,Team Team Central,91,8.3
CLM-2025-01845,CNT-101845,CUST-66282,AZ,Southwest,"$2,979.57 ",3/16/2025,3/19/2025,3/20/2025,4/12/2025,1,24,1,3.32,1,No,No,Medium,ADJ-1031,Standard,Team SouthTeam West,87.7,6.8
CLM-2025-01846,CNT-101846,CUST-22203,WA,West,"$5,660.35 ",4/27/2025,4/27/2025,4/29/2025,6/3/2025,2,37,5,3.34,0,No,No,High,ADJ-1027,Senior,Team Team West,96.8,7.1
CLM-2025-01847,CNT-101847,CUST-81318,AZ,Southwest,"$22,728.95 ",12/23/2025,12/24/2025,12/25/2025,1/27/2026,1,39,4,4.32,1,No,No,High,ADJ-1027,Standard,Team Team West,93,5.9
CLM-2025-01848,CNT-101848,CUST-50347,WA,West,"$1,466.35 ",9/22/2025,9/24/2025,9/27/2025,10/13/2025,3,19,4,3.48,1,No,No,Low,ADJ-1067,Trainee,Team Team Alpha,93,5.3
CLM-2025-01849,CNT-101849,CUST-94098,AZ,Southwest,"$3,832.30 ",9/30/2025,10/3/2025,10/6/2025,11/7/2025,3,35,4,6.16,0,No,No,Medium,ADJ-1047,Trainee,Team Delta,87.5,4.7
CLM-2025-01850,CNT-101850,CUST-80539,TX,South Central,"$4,723.69 ",2/27/2025,2/28/2025,2/28/2025,3/23/2025,0,23,3,3.54,0,No,No,Low,ADJ-1021,Standard,Team Echo,95.6,6.5
CLM-2025-01851,CNT-101851,CUST-95938,NM,Southwest,"$3,978.97 ",2/21/2025,2/22/2025,2/22/2025,3/17/2025,0,23,2,1.29,0,Yes,No,Medium,ADJ-1073,Standard,Team Delta,89.2,8.2
CLM-2025-01852,CNT-101852,CUST-37662,GA,Southeast,"$7,738.44 ",1/4/2025,1/4/2025,1/7/2025,1/26/2025,3,22,2,3.41,0,No,No,Medium,ADJ-1013,Standard,Team Echo,95,6.3
CLM-2025-01853,CNT-101853,CUST-50798,AZ,Southwest,"$4,676.39 ",8/17/2025,8/19/2025,8/23/2025,9/24/2025,4,36,5,3.11,0,No,Yes,Medium,ADJ-1052,Senior,Team Team Alpha,,5.7
CLM-2025-01854,CNT-101854,CUST-57623,NM,Southwest,"$16,008.63 ",5/11/2025,5/14/2025,5/12/2025,6/30/2025,-2,47,5,3.12,0,No,Yes,Medium,ADJ-1067,Standard,Team Team West,90.4,5.3
CLM-2025-01855,CNT-101855,CUST-77135,CA,West,$813.25 ,2/9/2025,2/9/2025,2/9/2025,2/18/2025,0,N/A,4,4.34,2,No,No,High,ADJ-1079,Standard,Team Team Central,91.4,7.4
CLM-2025-01856,CNT-101856,CUST-81181,TX,South Central,"$1,244.72 ",10/21/2025,10/25/2025,10/28/2025,11/18/2025,3,24,5,6.37,2,No,Yes,High,ADJ-1011,Standard,Team Beta,83.3,5.3
CLM-2025-01857,CNT-101857,CUST-46517,NM,Southwest,"$7,918.63 ",9/21/2025,9/23/2025,9/25/2025,11/2/2025,2,40,6,2.44,0,No,Yes,High,ADJ-1048,Senior,Team Echo,83.9,6.7
CLM-2025-01858,CNT-101858,CUST-48343,AZ,,$807.28 ,2/20/2025,2/20/2025,2/20/2025,2/23/2025,0,3,1,2.27,0,No,No,LOW,ADJ-1026,Standard,,99.6,7.4
CLM-2025-01859,CNT-101859,CUST-85216,CA,West,"$1,028.00 ",8/7/2025,8/7/2025,8/10/2025,8/24/2025,3,17,6,4.49,1,No,No,HIGH,ADJ-1041,Standard,Team Team West,92.7,6.3
CLM-2025-01860,CNT-101860,CUST-69926,UT,Mountain,"$2,783.86 ",12/22/2025,12/24/2025,N/A,,2,25,5,3.65,0,No,No,Medium,ADJ-1072,Specialist,Team Delta,98.3,7
CLM-2025-01861,CNT-101861,CUST-41087,CO,Mountain,"$1,612.29 ",8/17/2025,8/19/2025,8/21/2025,8/30/2025,N/A,11,4,3.62,2,No,No,Low,ADJ-1051,Standard,Team Delta,95.7,5.5
CLM-2025-01862,CNT-101862,CUST-29781,TX,South Central,"$1,169.19 ",3/25/2025,3/27/2025,3/30/2025,4/8/2025,3,12,6,4.63,0,No,Yes,,ADJ-1033,Trainee,Team SouthTeam West,88.6,5.5
CLM-2025-01863,CNT-101863,CUST-41601,FL,Southeast,"$49,977.21 ",9/1/2025,9/3/2025,9/5/2025,10/25/2025,2,52,4,1.98,0,No,No,Low,ADJ-1058,Standard,Team Team Alpha,94.1,6.4
CLM-2025-01864,CNT-101864,CUST-81340,CA,West,"$1,339.64 ",8/21/2025,8/22/2025,8/23/2025,9/2/2025,1,11,1,3.90,0,Yes,Yes,Low,ADJ-1041,Standard,Team SouthTeam West,86.1,5.4
CLM-2025-01865,CNT-101865,CUST-14841,TX,South Central,"$21,197.55 ",11/10/2025,11/10/2025,11/13/2025,12/27/2025,3,47,9,6.73,3,No,No,High,ADJ-1079,Standard,Team Team West,90.5,
CLM-2025-01866,CNT-101866,CUST-21178,GA,Southeast,"$1,388.85 ",6/6/2025,6/9/2025,6/10/2025,6/10/2025,1,1,2,3.72,0,No,No,Low,ADJ-1015,Standard,Team Team Alpha,92.8,7.6
CLM-2025-01867,CNT-101867,CUST-36360,AZ,Southwest,"$1,520.19 ",6/5/2025,6/6/2025,6/8/2025,6/10/2025,2,4,2,3.78,2,No,No,Low,ADJ-1035,Senior,Team Team West,89.1,6.8
CLM-2025-01868,CNT-101868,CUST-84486,NV,Southwest,"$5,597.54 ",7/30/2025,7/30/2025,8/1/2025,8/27/2025,2,28,3,1.13,0,Yes,No,Low,ADJ-1066,Standard,Team Team Alpha,88,6.6
CLM-2025-01869,CNT-101869,CUST-43599,NV,Southwest,$489.78 ,2/19/2025,2/19/2025,2/22/2025,3/8/2025,3,17 days,4,1.85,0,No,No,Low,ADJ-1012,Standard,Team Gamma,89.7,N/A
CLM-2025-01870,CNT-101870,CUST-72225,NV,Southwest,"$1,053.00 ",4/20/2025,4/21/2025,4/22/2025,5/9/2025,1,18,2,3.33,0,No,No,Low,ADJ-1032,Standard,Team Echo,95,7
CLM-2025-01871,CNT-101871,CUST-33067,TX,South Central,"$7,570.37 ",10/20/2025,10/20/2025,10/24/2025,11/15/2025,4,26,5,5.34,1,No,No,Low,ADJ-1025,Standard,Team SouthTeam West,99.7,4.2
CLM-2025-01872,CNT-101872,CUST-59194,CA,West,"$29,213.48 ",6/15/2025,6/15/2025,6/17/2025,8/5/2025,2,51,6,4.22,1,No,No,Medium,ADJ-1022,Specialist,Team SouthTeam West,88.8,6.2
CLM-2025-01873,CNT-101873,CUST-37247,CA,West,"$1,496.28 ",10/18/2025,10/22/2025,10/22/2025,10/23/2025,0,1,2,4.55,2,No,No,Low,ADJ-1073,Senior,Team Gamma,100,7.1
CLM-2025-01874,CNT-101874,CUST-71909,FL,Southeast,"$4,247.59 ",5/5/2025,5/9/2025,5/10/2025,5/27/2025,1,18,4,4.28,0,No,No,Low,ADJ-1033,Specialist,Team Delta,98.5,6.9
CLM-2025-01875,CNT-101875,CUST-41418,NV,Southwest,"$1,679.00 ",6/3/2025,6/5/2025,6/7/2025,6/20/2025,2,15,3,1.79,0,No,No,Low,ADJ-1002,Trainee,Team Team Central,94.1,7.2
CLM-2025-01876,CNT-101876,CUST-42646,CO,Mountain,"$1,086.45 ",8/20/2025,8/22/2025,8/23/2025,9/4/2025,1,13,2,2.55,0,No,No,Medium,ADJ-1064,Specialist,Team Gamma,85.7,8.2
CLM-2025-01877,CNT-101877,CUST-77991,AZ,Southwest,"$11,435.66 ",5/6/2025,5/10/2025,5/12/2025,6/21/2025,2,42,4,3.17,0,No,No,,ADJ-1001,Standard,Team Team Alpha,95.8,5.7
CLM-2025-01878,CNT-101878,CUST-26466,TX,South Central,$910.98 ,3/2/2025,3/4/2025,3/6/2025,4/13/2025,2,40,7,4.30,3,No,No,High,ADJ-1029,Trainee,Team Team Central,95.2,5
CLM-2025-01879,CNT-101879,CUST-21216,CA,West,$719.11 ,6/2/2025,6/6/2025,6/6/2025,6/18/2025,0,12,3,4.32,1,No,No,Medium,ADJ-1040,Trainee,Team Delta,89.7,6.6
CLM-2025-01880,CNT-101880,CUST-84682,IL,Midwest,"$4,018.57 ",2/4/2025,2/4/2025,2/6/2025,3/18/2025,2,,3,1.81,3,No,Yes,High,ADJ-1043,Standard,Team Echo,87.2,6.1
CLM-2025-01881,CNT-101881,CUST-14355,TX,South Central,"$17,527.52 ",N/A,4/3/2025,4/4/2025,6/3/2025,N/A,61,7,4.66,1,No,No,High,ADJ-1005,Standard,Team Gamma,92.8,6.2
CLM-2025-01882,CNT-101882,CUST-29685,NV,Southwest,"$4,645.44 ",2/24/2025,2/28/2025,3/1/2025,3/13/2025,1,13,3,3.12,0,No,Yes,Medium,ADJ-1021,Standard,Team Team Alpha,87.7,6.5
CLM-2025-01883,CNT-101883,CUST-90861,NV,Southwest,"$2,333.18 ",9/8/2025,9/11/2025,9/13/2025,,2,13,1,1.82,0,No,No,Medium,ADJ-1072,Senior,Team Team Alpha,86.3,5.9
CLM-2025-01884,CNT-101884,CUST-75361,CA,West,"$18,969.17 ",9/7/2025,,9/10/2025,10/25/2025,1,46,6,4.50,1,No,No,High,ADJ-1078,Senior,Team Beta,93.7,6.8
CLM-2025-01885,CNT-101885,CUST-78662,UT,Mountain,"$16,814.54 ",4/21/2025,4/22/2025,4/23/2025,6/5/2025,N/A,44,4,1.63,0,No,No,Low,ADJ-1001,Standard,Team Beta,92.2,7.8
CLM-2025-01886,CNT-101886,CUST-95685,FL,Southeast,"$2,085.67 ",11/23/2025,11/23/2025,11/25/2025,12/1/2025,2,8,1,4.72,0,No,No,Medium,ADJ-1023,Trainee,Team SouthTeam West,92.1,6.3
CLM-2025-01887,CNT-101887,CUST-44162,TX,South Central,"$24,399.05 ",1/28/2025,1/28/2025,1/30/2025,3/3/2025,-2,34,6,5.66,2,No,No,Medium,ADJ-1045,Trainee,Team Beta,100,4.7
CLM-2025-01888,CNT-101888,CUST-19872,GA,Southeast,"$51,456.70 ",2/14/2025,2/15/2025,2/16/2025,4/17/2025,1,61,4,1.86,1,No,No,medium,ADJ-1058,Senior,Team Delta,95.9,8.7
CLM-2025-01889,CNT-101889,CUST-84599,TX,South Central,"$1,273.31 ",7/21/2025,7/24/2025,7/27/2025,8/7/2025,3,14,5,5.33,0,No,No,,ADJ-1053,Trainee,Team Team West,94.8,4.7
CLM-2025-01890,CNT-101890,CUST-97818,WA,West,"$4,311.86 ",10/19/2025,10/19/2025,10/20/2025,11/27/2025,1,39,5,3.17,1,No,Yes,High,ADJ-1079,Senior,Team Beta,96.2,5.1
CLM-2025-01891,CNT-101891,CUST-86388,WA,West,"$3,252.82 ",7/24/2025,7/25/2025,7/25/2025,8/9/2025,0,15,2,2.52,1,No,No,Low,ADJ-1014,Senior,Team Gamma,95.7,6.8
CLM-2025-01892,CNT-101892,CUST-48169,AZ,Southwest,"$1,923.48 ",7/5/2025,7/7/2025,7/7/2025,7/10/2025,0,3,3,2.30,1,No,No,Low,ADJ-1060,Senior,Team Beta,96.1,10
CLM-2025-01893,CNT-101893,CUST-53744,IL,Midwest,"$4,242.25 ",4/16/2025,4/18/2025,4/18/2025,5/7/2025,0,19,2,0.95,0,No,No,Medium,ADJ-1004,Senior,Team Gamma,88.9,7.9
CLM-2025-01894,CNT-101894,CUST-48355,CA,West,"$2,469.50 ",12/9/2025,12/11/2025,12/12/2025,12/29/2025,-1,18 days,4,3.76,0,No,No,Medium,ADJ-1025,Standard,Team Delta,N/A,7.5
CLM-2025-01895,CNT-101895,CUST-66189,WA,West,"$1,666.20 ",4/14/2025,4/14/2025,4/14/2025,4/25/2025,0,11,3,3.95,0,No,No,Medium,ADJ-1028,Senior,Team Team West,92.4,5.7
CLM-2025-01896,CNT-101896,CUST-39333,CA,West,$955.04 ,1/22/2025,1/23/2025,1/26/2025,2/17/2025,3,25,5,4.10,2,No,No,High,ADJ-1017,Standard,Team Beta,91.9,5.1
CLM-2025-01897,CNT-101897,CUST-50269,WA,West,"$1,351.16 ",11/30/2025,11/30/2025,12/2/2025,12/15/2025,2,15,1,2.36,1,No,No,Medium,ADJ-1077,Standard,Team Team Central,95.6,6.3
CLM-2025-01898,CNT-101898,CUST-62896,CA,West,"$7,500.69 ",,10/30/2025,11/3/2025,11/21/2025,4,-22,1,3.55,0,No,No,Medium,ADJ-1001,Standard,Team Gamma,95.3,5.6
CLM-2025-01899,CNT-101899,CUST-58947,GA,Southeast,"$2,158.15 ",13/32/2025,2/3/2025,2/5/2025,2/28/2025,2,25,4,3.93,0,No,No,Medium,ADJ-1033,Standard,Team Team West,91.7,6.5
CLM-2025-01900,CNT-101900,CUST-43088,GA,Southeast,$829.81 ,6/8/2025,6/10/2025,6/10/2025,7/3/2025,0,23,3,1.60,0,No,No,Low,ADJ-1036,Standard,Team Team West,92.6,8.6
CLM-2025-01901,CNT-101901,CUST-90883,TX,South Central,"$5,464.68 ",4/6/2025,4/9/2025,4/13/2025,5/14/2025,4,35,4,4.62,0,Yes,No,Medium,ADJ-1061,Specialist,Team Team West,87,2.9
CLM-2025-01902,CNT-101902,CUST-43277,NV,Southwest,"$6,566.78 ",9/6/2025,9/6/2025,9/9/2025,10/2/2025,3,26,3,2.08,0,No,Yes,Medium,ADJ-1007,Senior,Team Echo,89.3,6.2
CLM-2025-01903,CNT-101903,CUST-76794,WA,West,"$7,073.00 ",9/26/2025,9/29/2025,9/30/2025,10/25/2025,1,26,1,3.19,0,No,Yes,Minor,ADJ-1006,Standard,Team Team Alpha,90.2,6.6
CLM-2025-01904,CNT-101904,CUST-29553,NM,Southwest,"$5,877.50 ",1/11/2025,1/12/2025,,2/10/2025,1,29,4,3.59,0,No,No,High,ADJ-1008,Standard,Team Delta,98.9,8
CLM-2025-01905,CNT-101905,CUST-66810,OR,West,"$64,638.97 ",8/12/2025,8/15/2025,8/16/2025,10/1/2025,1,47,5,3.37,0,No,No,Low,ADJ-1028,Trainee,Team Team Alpha,94.7,5.9
CLM-2025-01906,CNT-101906,CUST-89529,IL,Midwest,$899.48 ,9/30/2025,10/4/2025,10/8/2025,10/18/2025,4,14,4,2.67,0,No,No,Low,ADJ-1001,Standard,Team Team Central,91.7,5.4
CLM-2025-01907,CNT-101907,CUST-72341,NV,Southwest,"$1,613.99 ",7/30/2025,7/30/2025,8/1/2025,8/19/2025,2,20,3,2.24,0,No,No, Medium ,ADJ-1067,Trainee,Team Team Alpha,95.2,6.7
CLM-2025-01908,CNT-101908,CUST-52074,UT,Mountain,$547.40 ,2/17/2025,2/17/2025,2/19/2025,2/18/2025,2,1,1,3.17,1,No,Yes,Low,ADJ-1033,Senior,Team Team Central,95.8,7.1
CLM-2025-01909,CNT-101909,CUST-99182,NM,Southwest,"$18,592.15 ",2/22/2025,2/23/2025,2/26/2025,4/8/2025,3,44,5,3.22,1,Yes,Yes,High,ADJ-1038,Trainee,Team Beta,77.9,5.3
CLM-2025-01910,CNT-101910,CUST-17403,GA,Southeast,"$24,816.14 ",6/22/2025,6/22/2025,6/22/2025,8/11/2025,0,50,4,1.21,0,No,No,Medium,ADJ-1066,Trainee,Team Delta,93.2,7.7
CLM-2025-01012,CNT-101012,CUST-90048,OR,West,"$1,554.29 ",2/5/2025,2/7/2025,2/8/2025,2/14/2025,,7,2,2.06,0,No,Yes,Low,ADJ-1072,Senior,Team Delta,93.3,6.9
CLM-2025-01912,CNT-101912,CUST-99627,UT,Mountain,"$11,623.04 ",1/23/2025,1/25/2025,1/25/2025,2/26/2025,0,32,2,1.22,1,No,Yes,Low,ADJ-1080,Standard,Team Gamma,93.9,8.5
CLM-2025-01913,CNT-101913,CUST-60600,OR,West,"$6,422.33 ",11/6/2025,11/7/2025,11/9/2025,12/4/2025,2 days,27,4,2.77,1,No,No,Low,,Senior,Team Echo,94.8,7.7
CLM-2025-01914,CNT-101914,CUST-33312,GA,Southeast,"$71,420.42 ",6/13/2025,6/16/2025,6/17/2025,8/15/2025,1,60,5,3.53,2,No,No,High,ADJ-1056,Trainee,Team SouthTeam West,89,7.1
CLM-2025-01915,CNT-101915,CUST-64115,TX,South Central,"$2,147.26 ",1/3/2025,1/6/2025,1/9/2025,1/12/2025,3,6,4,5.23,3,No,No,Medium,ADJ-1070,Standard,Team Echo,89.3,6.3
CLM-2025-01916,CNT-101916,CUST-59749,CO,Mountain,"$4,962.30 ",11/12/2025,11/13/2025,11/15/2025,12/4/2025,2,21,4,1.47,0,No,No,Low,ADJ-1022,Trainee,Team Beta,100,7.6
CLM-2025-01917,CNT-101917,CUST-38672,CA,West,"$1,927.83 ",11/3/2025,11/3/2025,11/3/2025,11/29/2025,0,26,5,3.98,3,No,No,High,ADJ-1036,Standard,Team Delta,92.8,8.2
CLM-2025-01918,CNT-101918,CUST-14095,OR,West,"$6,657.25 ",N/A,1/12/2025,1/12/2025,1/25/2025,0,13,2,4.71,0,No,Yes,Low,ADJ-1046,Standard,Team Delta,93.2,5.9
CLM-2025-01919,CNT-101919,CUST-38744,UT,Mountain,"$3,128.55 ",2/3/2025,2/8/2025,2/9/2025,2/24/2025,1,16,1,1.28,,No,No,Low,ADJ-1079,Senior,Team Delta,100,8.3
CLM-2025-01920,CNT-101920,CUST-75927,IL,Midwest,"$1,684.26 ",2/7/2025,2/7/2025,2/7/2025,2/19/2025,0,12,2,0.93,0,No,Yes,Medium,ADJ-1005,Senior,Team Gamma,86.4,8.6
CLM-2025-01921,CNT-101921,CUST-66267,UT,Mountain,$693.67 ,10/9/2025,10/10/2025,10/12/2025,10/27/2025,-2,17,5,4.33,1,No,No,Medium,ADJ-1080,Senior,Team Gamma,N/A,6.7
CLM-2025-01922,CNT-101922,CUST-46945,TX,South Central,"$3,236.09 ",6/19/2025,6/21/2025,6/23/2025,7/22/2025,2,31,5,6.14,1,Yes,Yes,High,ADJ-1028,Standard,Team SouthTeam West,78.9,4.2
CLM-2025-01923,CNT-101923,CUST-79862,CO,Mountain,"$2,437.26 ",6/4/2025,6/5/2025,6/6/2025,6/10/2025,1,25,1,1.61,0,No,No,Medium,ADJ-1045,Senior,Team Delta,90.7,7.9
CLM-2025-01924,CNT-101924,CUST-95190,NV,Southwest,"$1,593.27 ",3/7/2025,3/11/2025,3/11/2025,3/19/2025,0,8,3,2.43,0,No,No,Medium,ADJ-1053,Standard,Team Team Central,95.6,8.1
CLM-2025-01925,CNT-101925,CUST-14440,WA,West,"$6,106.29 ",8/3/2025,8/5/2025,8/6/2025,7/31/2025,1,-5,4,2.50,0,No,No,Medium,ADJ-1064,Standard,Team Gamma,93.8,7.2
CLM-2025-01926,CNT-101926,CUST-10096,IL,Midwest,"$4,291.79 ",3/22/2025,3/22/2025,3/26/2025,4/21/2025,4,30,4,2.56,0,No,No,Medium,ADJ-1047,Senior,Team SouthTeam West,99.8,7.8
CLM-2025-01927,CNT-101927,CUST-57914,NV,Southwest,"$6,083.45 ",9/24/2025,9/24/2025,9/27/2025,10/23/2025,3,29,5,4.85,0,No,No,,ADJ-1069,Trainee,Team Delta,89.3,5.7
CLM-2025-01928,CNT-101928,CUST-48608,CA,West,$564.17 ,8/12/2025,8/16/2025,8/19/2025,8/29/2025,-3,13,3,2.31,0,No,No,Medium,ADJ-1049,Trainee,Team Beta,92.8,7
CLM-2025-01929,CNT-101929,CUST-39152,NV,Southwest,"$1,996.57 ",3/31/2025,4/4/2025,4/5/2025,4/10/2025,1,6,2,2.13,0,No,No,Medium,ADJ-1017,Standard,Team SouthTeam West,92.6,7
CLM-2025-01930,CNT-101930,CUST-19526,AZ,Southwest,"$7,768.35 ",6/6/2025,6/6/2025,6/7/2025,6/24/2025,1,18,4,3.75,0,No,No,Low,ADJ-1025,Senior,Team SouthTeam West,91.2,6.1
CLM-2025-01931,CNT-101931,CUST-98038,TX,South Central,"$5,120.85 ",9/30/2025,10/3/2025,10/6/2025,11/3/2025,3 days,31,5,4.26,0,No,No,Medium,ADJ-1019,Specialist,Team SouthTeam West,84.8,5.3
CLM-2025-01932,CNT-101932,CUST-10767,IL,Midwest,"$1,930.36 ",3/9/2025,3/9/2025,3/10/2025,3/14/2025,1,5,1,2.20,0,No,No,Low,ADJ-1060,Standard,Team Echo,95,9
CLM-2025-01933,CNT-101933,CUST-44904,CO,Mountain,"$2,431.86 ",3/30/2025,4/3/2025,4/3/2025,,0,13,2,4.54,0,No,No,Medium,ADJ-1042,Standard,Team Echo,97.9,7.4
CLM-2025-01934,CNT-101934,CUST-11235,TX,South Central,"$10,714.23 ",5/1/2025,5/4/2025,5/6/2025,6/8/2025,2,35,5,6.45,0,No,No,Medium,ADJ-1067,Specialist,Team Echo,97.2,5.9
CLM-2025-01935,CNT-101935,CUST-96741,TX,South Central,"$3,005.39 ",5/18/2025,5/19/2025,5/22/2025,,1,18,3,5.13,1,Yes,Yes,Low,ADJ-1068,Standard,Team Gamma,76.2,5
CLM-2025-01936,CNT-101936,CUST-57763,CA,West,"$1,122.89 ",11/5/2025,11/7/2025,11/10/2025,12/11/2025,3,34,8,4.28,2,No,No,High,ADJ-1014,Specialist,Team Team Central,96.4,5.6
CLM-2025-01937,CNT-101937,CUST-53201,NV,Southwest,"$7,917.54 ",7/30/2025,7/31/2025,8/2/2025,8/25/2025,2,25,3,1.46,0,No,No,Low,ADJ-1023,Standard,Team Echo,96.3,7.1
CLM-2025-01938,CNT-101938,CUST-34289,TX,South Central,"$49,406.73 ",4/18/2025,4/20/2025,4/22/2025,6/24/2025,2,55,6,6.60,0,No,No,Medium,ADJ-1075,Trainee,Team Team West,95.7,4.6
CLM-2025-01939,CNT-101939,CUST-18579,CA,West,"$1,351.62 ",9/20/2025,9/22/2025,9/23/2025,10/3/2025,1,11,3,4.01,0,No,No,High,ADJ-1051,Senior,Team SouthTeam West,87.1,6.4
CLM-2025-01940,CNT-101940,CUST-44726,CO,Mountain,"$1,676.80 ",8/17/2025,8/18/2025,8/15/2025,8/29/2025,-3 days,11,5,3.02,0,No,No,Low,ADJ-1010,Senior,Team Team West,100,7.4
CLM-2025-01941,CNT-101941,CUST-99509,GA,Southeast,"$2,333.07 ",2/12/2025,2/18/2025,2/18/2025,3/5/2025,0,15,3,3.65,0,No,No,medium,ADJ-1004,Trainee,Team Beta,94.5,6
CLM-2025-01942,CNT-101942,CUST-60062,IL,Midwest,"($4,505.94)",7/11/2025,7/12/2025,7/14/2025,8/22/2025,2,41,5,3.46,2,No,Yes,High,ADJ-1035,Standard,Team Echo,85.7,6.2
CLM-2025-01943,CNT-101943,CUST-18075,CO,Mountain,"$1,433.28 ",6/3/2025,6/4/2025,6/6/2025,6/18/2025,2,14,2,0.20,0,No,Yes,Medium,ADJ-1071,Standard,Team Beta,91.8,7.3
CLM-2025-01944,CNT-101944,CUST-33074,WA,West,$523.81 ,N/A,9/3/2025,9/3/2025,9/25/2025,0,22,6,3.24,0,No,No,Medium,ADJ-1069,Senior,Team Team Central,98.1,7
CLM-2025-01945,CNT-101945,CUST-72850,CO,Mountain,"$1,524.20 ",2/9/2025,2/9/2025,2/9/2025,2/10/2025,0,1,1,1.37,1,No,No,Low,ADJ-1051,Standard,Team Team Central,92.8,9.5
CLM-2025-01946,CNT-101946,CUST-56819,UT,Mountain,"$1,385.76 ",12/19/2025,12/19/2025,12/23/2025,12/30/2025,4,11,2,4.08,0,No,No,Medium,ADJ-1055,Standard,Team Beta,92.9,5.4
CLM-2025-01947,CNT-101947,CUST-52198,IL,Midwest,$698.87 ,3/7/2025,3/8/2025,3/11/2025,3/26/2025,3,18,N/A,1.04,0,No,No,Medium,ADJ-1010,Standard,Team SouthTeam West,94.5,5.9
CLM-2025-01948,CNT-101948,CUST-21499,FL,Southeast,$992.00 ,8/21/2025,8/24/2025,8/24/2025,9/11/2025,0,38,5,2.68,0,No,Yes,Medium,ADJ-1058,Senior,Team Team Alpha,96.9,6.9
CLM-2025-01949,CNT-101949,CUST-24179,CA,West,$663.79 ,,8/20/2025,8/19/2025,8/26/2025,-1,6,3,4.42,0,No,No,Low,ADJ-1039,Standard,Team Delta,91.9,7.7
CLM-2025-01950,CNT-101950,CUST-89281,NM,Southwest,$722.45 ,7/24/2025,7/25/2025,7/25/2025,8/6/2025,0,12,5,2.26,0,No,No,Low,ADJ-1078,Specialist,Team Team Alpha,98.5,7.2
CLM-2025-01951,CNT-101951,CUST-63380,FL,Southeast,$534.46 ,9/3/2025,9/4/2025,9/6/2025,9/17/2025,2,13,1,2.29,1,No,Yes,Low,ADJ-1019,Standard,Team SouthTeam West,87.5,5.8
CLM-2025-01952,CNT-101952,CUST-69282,GA,Southeast,"$7,292.63 ",12/17/2025,12/18/2025,12/19/2025,1/7/2026,1,,3,4.17,,No,No,Medium,ADJ-1021,Standard,Team Echo,91.6,6.9
CLM-2025-01953,CNT-101953,CUST-51705,CO,Mountain,"$7,618.77 ",8/23/2025,8/23/2025,8/24/2025,8/20/2025,1,-3,4,3.18,0,No,No,High,ADJ-1030,Trainee,,96.7,6.9
CLM-2025-01954,CNT-101954,CUST-53319,NM,Southwest,"$1,634.03 ",1/31/2025,2/3/2025,2/4/2025,2/10/2025,1,7,2,2.63,,No,No,Low,ADJ-1064,Senior,Team Team Central,93.9,7.4
CLM-2025-01955,CNT-101955,CUST-66319,TX,South Central,"$3,032.51 ",5/31/2025,6/3/2025,6/6/2025,6/30/2025,3,27,4,4.56,1,No,No,Low,ADJ-1005,Trainee,Team Echo,84.8,6.6
CLM-2025-01956,CNT-101956,CUST-90074,FL,Southeast,"$3,676.34 ",N/A,7/29/2025,7/29/2025,8/16/2025,0,18,N/A,1.41,0,No,No,Low,ADJ-1053,,Team Delta,92.9,8.4
CLM-2025-01957,CNT-101957,CUST-84355,WA,West,"$14,855.17 ",6/18/2025,6/18/2025,6/16/2025,8/4/2025,2,-47,7,4.36,1,No,No,Medium,ADJ-1007,Senior,Team Echo,98.1,7.6
CLM-2025-01958,CNT-101958,CUST-47191,GA,Southeast,"$1,245.17 ",7/13/2025,7/13/2025,7/16/2025,8/10/2025,3,28,1,3.22,0,No,No,High,ADJ-1024,Standard,Team Team West,87.4,7.2
CLM-2025-01959,CNT-101959,CUST-47689,CO,Mountain,"$6,839.93 ",3/1/2025,3/3/2025,3/6/2025,3/28/2025,3,30,4,1.60,0,Yes,No,Medium,ADJ-1065,Standard,Team Echo,84.9,5.3
CLM-2025-01960,CNT-101960,CUST-96659,CO,Mountain,"$6,448.61 ",3/6/2025,3/6/2025,3/9/2025,3/26/2025,3,20,6,2.42,0,No,No,medium,ADJ-1010,Specialist,Team Beta,93.5,7.2
CLM-2025-01961,CNT-101961,CUST-43018,CA,West,"$6,803.08 ",7/11/2025,7/15/2025,7/16/2025,8/1/2025,1,17,3,3.61,0,No,No,Low,ADJ-1077,Standard,Team Beta,93.9,7.1
CLM-2025-01962,CNT-101962,CUST-16892,CO,Mountain,"$7,577.30 ",1/10/2025,1/12/2025,1/13/2025,2/8/2025,1,-27,3,3.82,0,No,No,Medium,,Senior,Team Team Central,88.5,6.5
CLM-2025-01963,CNT-101963,CUST-10814,CA,West,"$6,722.38 ",6/22/2025,6/22/2025,6/24/2025,6/24/2025,2,2,3,3.33,0,,No,Low,ADJ-1059,Senior,Team Gamma,94.4,6.8
CLM-2025-01964,CNT-101964,CUST-87012,WA,West,"$2,157.56 ",12/7/2025,12/8/2025,12/10/2025,12/12/2025,0,4,2,3.23,0,,No,Medium,ADJ-1077,Senior,Team Team Alpha,91.4,6.6
CLM-2025-01965,CNT-101965,CUST-86261,CO,Mountain,,1/9/2025,1/12/2025,1/12/2025,2/22/2025,,41,2,3.41,2,No,No,High,ADJ-1064,Standard,Team Team West,92.3,7
CLM-2025-01966,CNT-101966,CUST-25917,AZ,Southwest,"$6,735.05 ",3/21/2025,3/21/2025,3/22/2025,4/10/2025,1,20,2,2.44,0,No,Yes,Low,ADJ-1053,Standard,Team Team West,92.4,7.2
CLM-2025-01967,CNT-101967,CUST-90837,UT,Mountain,"$1,732.45 ",10/8/2025,10/12/2025,10/12/2025,10/13/2025,0,1,1,3.06,0,No,No,Low,ADJ-1069,Senior,Team Gamma,94.4,7.6
CLM-2025-01968,CNT-101968,CUST-45805,TX,South Central,"$6,044.64 ",5/25/2025,5/28/2025,5/30/2025,7/3/2025,N/A,36,3,5.60,0,No,No,Medium,ADJ-1044,Standard,Team Gamma,99.1,6.5
CLM-2025-01969,CNT-101969,CUST-66410,CA,West,"$2,631.76 ",1/20/2025,1/20/2025,1/23/2025,2/23/2025,3,34,2,3.36,2,No,No,High,ADJ-1032,Standard,Team Delta,90,
CLM-2025-01970,CNT-101970,CUST-90354,NM,Southwest,"$60,775.98 ",9/23/2025,9/26/2025,9/29/2025,11/28/2025,3,63,7,1.37,0,No,No,Medium,ADJ-1066,Standard,Team Team West,89.2,6
CLM-2025-01971,CNT-101971,CUST-61396,WA,West,"$1,024.78 ",N/A,4/2/2025,4/3/2025,4/11/2025,1,9,2,2.64,0,No,No,Medium,ADJ-1060,Standard,Team Delta,88.7,8.6
CLM-2025-01972,CNT-101972,CUST-11491,OR,West,"$19,007.19 ",,12/27/2025,12/29/2025,2/3/2026,2,38,6,4.33,0,Yes,Yes,Low,ADJ-1041,Standard,Team Beta,85.9,4.6
CLM-2025-01973,CNT-101973,CUST-66951,OR,West,"$3,851.40 ",2/17/2025,2/21/2025,2/22/2025,3/15/2025,1,-22,2,1.52,0,No,Yes,Low,ADJ-1080,Standard,Team Echo,91.3,7.8
CLM-2025-01974,CNT-101974,CUST-48396,NV,Southwest,"$3,377.88 ",5/15/2025,5/16/2025,5/16/2025,6/9/2025,,N/A,2,3.62,1,No,No,Medium,ADJ-1019,Trainee,Team Team Central,89,6.6
CLM-2025-01975,CNT-101975,CUST-57836,TX,South Central,"$7,384.55 ",12/5/2025,12/8/2025,12/10/2025,1/3/2026,2,26,5,6.66,2,,Yes,Medium,ADJ-1073,Standard,Team Team West,87.8,4
CLM-2025-01976,CNT-101976,CUST-16805,CO,Mountain,"$19,379.38 ",,8/23/2025,8/25/2025,10/2/2025,2,40,6,2.88,1,Yes,No,Medium,ADJ-1017,Standard,Team Beta,84.2,5.7
CLM-2025-01977,CNT-101977,CUST-72508,CA,West,"$1,026.35 ",12/6/2025,12/10/2025,12/12/2025,12/27/2025,-1,17,3,N/A,2, yes ,No,Low,ADJ-1079,Standard,Team Beta,97.6,5.8
CLM-2025-01978,CNT-101978,CUST-74486,FL,Southeast,"$23,508.11 ",4/6/2025,4/10/2025,4/12/2025,5/11/2025,2,31,5,2.71,0,No,No,Low,ADJ-1024,Standard,Team SouthTeam West,89.4,7.2
CLM-2025-01979,CNT-101979,CUST-44067,FL,Southeast,"$22,311.10 ",6/11/2025,6/12/2025,6/12/2025,7/26/2025,0,44,6,4.08,1,Yes,Yes,High,ADJ-1073,Standard,Team Gamma,83.4,6
CLM-2025-01980,CNT-101980,CUST-16976,NV,Southwest,"$1,971.15 ",2/3/2025,2/6/2025,N/A,2/17/2025,1,11,1,1.36,1,No,No,Medium,ADJ-1047,Specialist,Team Team Alpha,95.8,7.4
CLM-2025-01981,CNT-101981,CUST-28668,WA,West,"$1,198.59 ",2/9/2025,2/9/2025,2/9/2025,2/18/2025,0,9,3,1.01,0,No,No,Medium,ADJ-1010,Standard,Team Team West,100,7.5
CLM-2025-01982,CNT-101982,CUST-22841,GA,Southeast,"$3,364.63 ",11/16/2025,11/17/2025,11/18/2025,12/12/2025,1,25,3,4.54,0,No,,Low,ADJ-1024,Standard,Team Beta,91,6.3
CLM-2025-01983,CNT-101983,CUST-91115,CO,Mountain,$667.00 ,,1/24/2025,N/A,2/11/2025,0,18,2,3.79,0,No,No,Medium,ADJ-1031,Specialist,Team Delta,88.9,
CLM-2025-01984,CNT-101984,CUST-18583,CA,West,"$1,932.67 ",6/12/2025,6/13/2025,6/15/2025,6/28/2025,2,15,3,3.21,0,No,No,Medium,ADJ-1054,Standard,Team Beta,96.2,6.4
CLM-2025-01985,CNT-101985,CUST-69597,NV,Southwest,"$11,628.91 ",1/27/2025,1/28/2025,1/28/2025,3/12/2025,0,43,N/A,3.17,1,Yes,No,High,ADJ-1064,Trainee,Team Gamma,96.7,6.7
CLM-2025-01986,CNT-101986,CUST-96886,TX,South Central,"$3,561.02 ",4/19/2025,4/19/2025,4/21/2025,5/14/2025,2,-25,4,4.74,0,No,No,High,ADJ-1031,Standard,Team Delta,92.1,6.1
CLM-2025-01987,CNT-101987,CUST-97887,CA,West,"$1,991.60 ",1/4/2025,1/5/2025,1/7/2025,1/17/2025,2,12,5,4.50,0,No,No,Low,ADJ-1063,Senior,Team Team Alpha,91,5.7
CLM-2025-01988,CNT-101988,CUST-14785,IL,Midwest,$622.13 ,3/28/2025,,3/31/2025,3/31/2025,1,1,1,3.22,0,No,No,Low,ADJ-1072,Standard,Team Team West,88.9,7.7
CLM-2025-01989,CNT-101989,CUST-97350,CA,West,"$1,029.94 ",2/5/2025,2/7/2025,2/8/2025,2/13/2025,1,6,5,4.00,0,Yes,No,Medium,ADJ-1079,Senior,Team Delta,87.5,5.8
CLM-2025-01990,CNT-101990,CUST-58648,WA,West,$805.00 ,2/2/2025,2/5/2025,,3/2/2025,3,25,4,2.75,1,No,No,High,ADJ-1077,Standard,Team Echo,83.3,6
CLM-2025-01991,CNT-101991,CUST-42351,NV,Southwest,$705.44 ,12/12/2025,12/13/2025,12/14/2025,12/19/2025,1,6,1,2.89,1,No,No,Low,ADJ-1005,Senior,Team Team West,96.9,6.8
CLM-2025-01992,CNT-101992,CUST-30392,CO,Mountain,"$5,858.03 ",9/25/2025,9/26/2025,9/27/2025,10/24/2025,1,28,2,3.81,1,No,No,Low,ADJ-1015,Senior,Team Gamma,96.4,7.8
CLM-2025-01993,CNT-101993,CUST-50125,WA,West,"$7,355.26 ",4/26/2025,4/26/2025,4/27/2025,5/13/2025,1,17,2,3.04,0,No,No,Medium,ADJ-1048,Senior,Team Delta,95.1,6.7
CLM-2025-01994,CNT-101994,CUST-55477,NM,Southwest,"$20,998.04 ",12/18/2025,12/19/2025,12/20/2025,1/23/2026,1,35,5,5.15,0,No,No,Medium,ADJ-1048,Senior,Team Beta,96.9,5.8
CLM-2025-01995,CNT-101995,CUST-18571,GA,Southeast,"$2,210.38 ",2/18/2025,2/18/2025,2/18/2025,3/5/2025,0,15,2,2.84,1,No,No,Medium,ADJ-1061,Senior,Team Team Central,95.3,9.3
CLM-2025-01996,CNT-101996,CUST-85558,WA,West,"$19,478.45 ",7/29/2025,8/1/2025,8/1/2025,9/6/2025,0,48,6,,0,No,No,Medium,ADJ-1048,Standard,Team Echo,89.6,6.7
CLM-2025-01997,CNT-101997,CUST-82515,GA,Southeast,$976.42 ,8/26/2025,8/27/2025,8/28/2025,9/4/2025,1,8,3,2.02,0,No,No,Low,ADJ-1048,Standard,Team Beta,100,8.5
CLM-2025-01998,CNT-101998,CUST-82905,NM,Southwest,"$1,955.16 ",9/3/2025,9/3/2025,9/5/2025,9/2/2025,2,-1,2,1.93,0,No,No,Low,ADJ-1008,Specialist,Team Delta,98.3,6.8
CLM-2025-01999,CNT-101999,CUST-22337,AZ,Southwest,$520.73 ,,9/17/2025,9/19/2025,10/8/2025,2,21,2,2.07,2,No,No,High,ADJ-1026,Senior,Team Beta,88.3,6.7
CLM-2025-02000,CNT-102000,CUST-85682,OR,West,$785.05 ,6/22/2025,6/23/2025,6/25/2025,7/8/2025,0,15,2,2.83,0,Yes,No,Medium,ADJ-1032,Senior,Team Team Alpha,84.8,6.2
CLM-2025-02001,CNT-102001,CUST-52718,AZ,Southwest,"$1,578.99 ",1/3/2025,1/6/2025,1/6/2025,1/11/2025,0,5,2,1.96,0,No,No,Medium,ADJ-1006,Senior,Team Echo,95.4,8.8
CLM-2025-02002,CNT-102002,CUST-54784,OR,West,"$63,243.97 ",4/22/2025,,4/26/2025,6/19/2025,3,57,4,2.01,0,No,No,,ADJ-1077,Standard,Team Team Alpha,92.5,6.1
CLM-2025-02003,CNT-102003,CUST-24110,GA,Southeast,"$1,958.92 ",7/13/2025,7/13/2025,7/14/2025,7/14/2025,1,1,1,1.43,0,No,Yes,Low,ADJ-1008,Standard,Team Team West,94.1,6.7
CLM-2025-02004,CNT-102004,CUST-88894,GA,Southeast,"$5,128.96 ",4/6/2025,4/7/2025,4/9/2025,4/22/2025,2,15,4,2.19,0,No,No,Medium,ADJ-1032,Senior,Team Delta,94.3,6.3
CLM-2025-02005,CNT-102005,CUST-48262,FL,Southeast,"$24,256.46 ",10/27/2025,10/27/2025,10/29/2025,12/6/2025,2,40,4,4.49,1,No,,High,ADJ-1045,Standard,Team Team Alpha,92.1,6.1
CLM-2025-02006,CNT-102006,CUST-73124,WA,West,"$3,223.25 ",7/7/2025,7/12/2025,7/12/2025,8/5/2025,0,24,3,4.41,0,No,No,Medium,ADJ-1080,Trainee,Team Echo,89.3,7
CLM-2025-02007,CNT-102007,CUST-84471,WA,West,"$4,395.18 ",,9/29/2025,9/30/2025,10/14/2025,1,15,3,2.57,0,Yes,No,Low,ADJ-1025,Specialist,Team Echo,92.9,6.4
CLM-2025-02008,CNT-102008,CUST-43108,CO,Mountain,"$1,657.04 ",11/19/2025,11/22/2025,13/32/2025,12/18/2025,2,26,4,3.23,0,No,No,Medium,ADJ-1017,Standard,Team Team Central,92.1,5.9
CLM-2025-02009,CNT-102009,CUST-27074,CA,West,"$3,121.41 ",7/7/2025,7/9/2025,7/10/2025,7/28/2025,1,19,7,3.49,1,No,Yes,Medium,ADJ-1003,Senior,Team Team Central,91.2,6.8
CLM-2025-02010,CNT-102010,CUST-84311,AZ,Southwest,"$6,484.50 ",3/28/2025,4/4/2025,4/6/2025,5/16/2025,2,42,6,3.38,0,No,No,High,ADJ-1065,Senior,Team SouthTeam West,100,7
CLM-2025-02011,CNT-102011,CUST-30871,GA,Southeast,"$51,860.43 ",2/11/2025,2/12/2025,2/14/2025,4/8/2025,2,55,6,2.33,1,No,No,High,ADJ-1004,Senior,Team Team West,92.8,
CLM-2025-02012,CNT-102012,CUST-20904,AZ,Southwest,"$5,126.72 ",7/21/2025,7/21/2025,7/23/2025,8/22/2025,2,32,4,N/A,0,No,No,medium,ADJ-1035,Standard,Team Echo,99,5.5
CLM-2025-02013,CNT-102013,CUST-33691,TX,South Central,"$1,076.86 ",12/11/2025,12/14/2025,12/16/2025,12/24/2025,2,10,5,6.42,1,No,No,Low,ADJ-1068,Specialist,,90.5,5.1
CLM-2025-02014,CNT-102014,CUST-76917,AZ,,$735.03 ,10/6/2025,10/7/2025,10/9/2025,10/8/2025,2,1,5,4.44,1,No,No,Low,ADJ-1015,Standard,Team Beta,92.3,7.2
CLM-2025-02015,CNT-102015,CUST-47026,OR,West,"$11,540.25 ",8/18/2025,8/20/2025,8/22/2025,9/27/2025,2,38,6,4.10,0,,No,High,ADJ-1006,Standard,Team Echo,94.7,4.7
CLM-2025-02016,CNT-102016,CUST-72423,CO,,,9/26/2025,,9/30/2025,10/18/2025,1,19,3,2.01,0,No,No,Minor,ADJ-1016,Standard,Team Gamma,100,9.4
CLM-2025-02017,CNT-102017,CUST-88775,AZ,Southwest,"$2,446.71 ",11/3/2025,11/3/2025,11/6/2025,11/26/2025,3,,6,4.93,2,No,No,High,ADJ-1004,Senior,Team Beta,91.4,5.1
CLM-2025-02018,CNT-102018,CUST-49732,AZ,Southwest,"$2,279.32 ",10/29/2025,11/1/2025,11/2/2025,11/15/2025,1,14,1,2.22,2,No,No,Medium,ADJ-1006,Standard,Team Gamma,91.3,7.4
CLM-2025-02019,CNT-102019,CUST-14585,AR,Southwest,"$6,128.98 ",3/31/2025,3/31/2025,4/2/2025,4/13/2025,2,13,3,2.31,0,Yes,No,Minor,ADJ-1046,Standard,Team Beta,81,7.9
CLM-2025-02020,CNT-102020,CUST-80572,AZ,Southwest,"$1,184.68 ",6/28/2025,6/28/2025,7/1/2025,8/1/2025,3,34,5,2.23,1,No,Yes,Medium,ADJ-1071,Senior,Team Echo,84.6,5.7
CLM-2025-02021,CNT-102021,CUST-56752,NV,Southwest,"$19,532.89 ",2/26/2025,2/26/2025,2/28/2025,4/13/2025,2,46,4,4.04,2,No,Yes,High,ADJ-1004,Trainee,Team SouthTeam West,89.3,5.8
CLM-2025-02022,CNT-102022,CUST-55594,TX,South Central,"$21,499.65 ",6/17/2025,6/19/2025,6/21/2025,7/28/2025,2,39,6,6.58,2,No,No,Medium,ADJ-1028,Standard,Team SouthTeam West,95.1,5.2
CLM-2025-02023,CNT-102023,CUST-97208,CA,West,"$19,168.79 ",9/15/2025,9/16/2025,9/19/2025,,3,49,5,3.56,0,No,No,High,ADJ-1013,Standard,Team Beta,94.9,11
CLM-2025-02024,CNT-102024,CUST-33376,IL,Midwest,"$2,310.84 ",8/17/2025,8/17/2025,8/20/2025,9/16/2025,3,30,3,3.94,2,No,No, High ,ADJ-1065,Senior,Team SouthTeam West,86.3,6.3
CLM-2025-02025,CNT-102025,CUST-84227,TX,South Central,"$6,735.69 ",11/10/2025,11/10/2025,11/11/2025,12/2/2025,1,22,3,4.90,1,No,Yes,Medium,ADJ-1005,Senior,Team Team Alpha,84.7,6.7
CLM-2025-02026,CNT-102026,CUST-38283,AZ,Southwest,"$6,797.50 ",11/11/2025,11/12/2025,11/14/2025,11/29/2025,2,17,3,3.70,0,No,No,Low,ADJ-1080,Trainee,Team Delta,N/A,6.3
CLM-2025-02027,CNT-102027,CUST-18399,GA,Southeast,"$1,874.82 ",4/10/2025,4/11/2025,4/11/2025,4/30/2025,0,19,2,1.63,1,No,Yes,Medium,ADJ-1006,Trainee,Team Team Central,92.7,7
CLM-2025-02028,CNT-102028,CUST-94829,GA,Southeast,"$18,105.00 ",5/20/2025,5/20/2025,5/22/2025,6/24/2025,2,35,5,2.73,0,No,No,High,ADJ-1021,Senior,Team Echo,94.6,5.4
CLM-2025-02029,CNT-102029,CUST-15698,AZ,Southwest,$821.25 ,7/29/2025,7/30/2025,7/29/2025,8/13/2025,-1,14,2,1.50,0,No,No,Low,ADJ-1035,Senior,Team Echo,92.4,N/A
CLM-2025-02030,CNT-102030,CUST-43218,NV,Southwest,,8/25/2025,8/25/2025,8/28/2025,9/17/2025,3,23,2,2.65,0,No,No,Medium,ADJ-1027,Senior,Team Delta,91.9,6.2
CLM-2025-02031,CNT-102031,CUST-76765,NV,Southwest,"$73,897.84 ",8/13/2025,8/14/2025,8/15/2025,10/26/2025,1,73,7,3.91,2,No,No,,ADJ-1057,Trainee,Team Gamma,86.6,4.3
CLM-2025-02032,CNT-102032,CUST-51879,AZ,Southwest,"$2,496.38 ",7/26/2025,7/26/2025,7/27/2025,8/8/2025,1,13,2,2.38,1,No,No,Medium,ADJ-1067,Trainee,Team Gamma,93.1,8.4
CLM-2025-02033,CNT-102033,CUST-38853,CA,West,"$55,307.83 ",2/23/2025,2/27/2025,3/2/2025,5/9/2025,3,71,N/A,5.49,2,No,Yes,High,ADJ-1076,Senior,Team Team West,88.3,4.6
CLM-2025-02034,CNT-102034,CUST-21386,TX,South Central,"$5,078.41 ",11/4/2025,11/4/2025,11/7/2025,11/19/2025,3,15,6,5.26,1,No,Yes,Low,ADJ-1011,Senior,Team SouthTeam West,86.1,3.4
CLM-2025-02035,CNT-102035,CUST-18380,TX,South Central,"$6,099.77 ",11/25/2025,11/27/2025,11/30/2025,12/27/2025,-3,30,3,6.75,2,No,,High,ADJ-1045,Trainee,Team Delta,83,5.6
CLM-2025-02036,CNT-102036,CUST-74940,WA,West,"$1,400.04 ",11/17/2025,11/17/2025,,11/25/2025,1,8,2,1.41,2,No,No,Low,ADJ-1045,Standard,Team Gamma,94.4,8.8
CLM-2025-02037,CNT-102037,CUST-85244,FL,Southeast,"$39,931.84 ",7/30/2025,8/1/2025,8/3/2025,10/6/2025,2,66,5,2.43,N/A,Yes,Yes,High,ADJ-1064,Standard,Team Team Central,83.9,5.7
CLM-2025-02038,CNT-102038,CUST-69802,NM,Southwest,"$6,119.38 ",3/17/2025,3/22/2025,3/22/2025,4/14/2025,0,23,1,3.21,1,No,No,Low,ADJ-1005,Senior,Team Beta,96.2,6.7
CLM-2025-02039,CNT-102039,CUST-29335,GA,Southeast,$804.59 ,2/9/2025,2/10/2025,2/10/2025,2/25/2025,0,15,1,0.81,0,No,No,Low,ADJ-1078,Senior,Team Team Central,90.9,10
CLM-2025-02040,CNT-102040,CUST-16875,OR,West,"$5,393.49 ",2/1/2025,2/3/2025,2/5/2025,2/16/2025,2,13,3,2.70,2,No,No,Medium,ADJ-1073,Standard,Team Echo,95.9,8.2
CLM-2025-02041,CNT-102041,CUST-28723,OR,West,"$20,822.84 ",7/16/2025,7/17/2025,7/18/2025,8/12/2025,1,26,4,1.57,0,No,No,Medium,ADJ-1067,Senior,Team SouthTeam West,93.8,8.3
CLM-2025-02042,CNT-102042,CUST-43897,WA,West,"$10,644.91 ",11/19/2025,11/21/2025,11/23/2025,1/14/2026,2,54,5,4.60,2,No,Yes,High,ADJ-1061,Standard,Team Gamma,88.7,6.5
CLM-2025-02043,CNT-102043,CUST-23095,IL,Midwest,"$35,663.00 ",5/16/2025,5/17/2025,5/19/2025,7/26/2025,2,70,6,3.78,0,No,No,Medium,ADJ-1019,Trainee,Team Gamma,100,4.8
CLM-2025-02044,CNT-102044,CUST-62768,OR,West,"$4,523.34 ",5/1/2025,5/6/2025,5/6/2025,5/27/2025,0,21,4,2.97,1,No,No,Low,ADJ-1069,Standard,Team Delta,94.1,7
CLM-2025-02045,CNT-102045,CUST-78025,NV,Southwest,"$2,185.36 ",5/11/2025,5/14/2025,5/17/2025,5/25/2025,3,11,2,3.08,0,No,No,Low,ADJ-1026,Senior,Team Beta,91.9,7.2
CLM-2025-02046,CNT-102046,CUST-89320,FL,Southeast,"$1,079.33 ",3/24/2025,3/28/2025,3/29/2025,4/11/2025,1,14 days,6,2.78,0,Yes,No,Low,ADJ-1032,Standard,Team Beta,90.5,5.9
CLM-2025-02047,CNT-102047,CUST-70553,CA,West,"$3,579.40 ",8/2/2025,8/2/2025,8/1/2025,8/29/2025,-1,27,4,5.40,0,No,No,Low,ADJ-1036,Standard,Team Beta,92.2,6.3
CLM-2025-02048,CNT-102048,CUST-24418,OR,West,,7/8/2025,7/8/2025,7/10/2025,7/30/2025,2,22,3,3.21,0,No,No,Medium,ADJ-1078,Trainee,Team Team Alpha,91.5,8.4
CLM-2025-02049,CNT-102049,CUST-41134,IL,Midwest,"$59,429.45 ",7/28/2025,7/29/2025,7/31/2025,9/27/2025,2,60,8,4.46,1,No,Yes,High,ADJ-1076,Senior,Team Team Alpha,91.5,5.5
CLM-2025-02050,CNT-102050,CUST-55072,TX,South Central,"$9,300.05 ",2/9/2025,2/11/2025,2/12/2025,,1,39,4,6.00,0,No,No,High,ADJ-1010,Senior,Team Team Alpha,91.8,6.3
CLM-2025-02051,CNT-102051,CUST-78329,NM,Southwest,"$15,551.16 ",7/11/2025,7/15/2025,7/17/2025,8/27/2025,2,43,4,3.65,1,No,No,High,ADJ-1055,Standard,Team Team Central,87.8,6
CLM-2025-02052,CNT-102052,CUST-71244,WA,West,"$20,866.13 ",12/22/2025,12/23/2025,12/23/2025,1/22/2026,4,30,4,3.50,1, no ,No,Medium,ADJ-1057,Standard,Team Team West,92.9,6.6
CLM-2025-02053,CNT-102053,CUST-89701,UT,Mountain,"$11,979.97 ",5/29/2025,5/30/2025,6/1/2025,N/A,2,35,4,1.98,2,No,No,Medium,ADJ-1029,Standard,Team Gamma,89.6,7.9
CLM-2025-02054,CNT-102054,CUST-31849,TX,South Central,"$20,716.44 ",13/32/2025,12/16/2025,12/20/2025,1/30/2026,4,45,7,5.60,2,No,No,Major,ADJ-1046,Specialist,Team Gamma,90.5,3.6
CLM-2025-02055,CNT-102055,CUST-58150,NV,Southwest,"$1,617.24 ",10/25/2025,10/25/2025,10/26/2025,11/6/2025,N/A,12,2,3.29,2,Yes,No,High,ADJ-1074,Standard,Team Echo,83.7,5.8
CLM-2025-02056,CNT-102056,CUST-27503,UT,Mountain,"$6,046.25 ",1/6/2025,1/9/2025,1/10/2025,2/2/2025,1,24,3,3.10,0,No,No,Low,ADJ-1010,Standard,Team Delta,90.9,6.9
CLM-2025-02057,,CUST-56991,NM,Southwest,$811.74 ,3/7/2025,3/9/2025,3/9/2025,4/3/2025,0,25,2,2.97,1,No,No,High,ADJ-1024,Trainee,Team Echo,95,7.5
CLM-2025-02058,CNT-102058,CUST-32568,WA,West,"$7,530.25 ",2/3/2025,2/6/2025,2/7/2025,3/9/2025,1,31,5,4.65,0,No,No,Medium,ADJ-1025,Standard,Team Gamma,94,6.5
CLM-2025-02059,CNT-102059,CUST-62624,GA,Southeast,$525.13 ,4/27/2025,4/27/2025,4/28/2025,5/16/2025,1,19,6,4.13,1,No,Yes,High,ADJ-1074,Senior,Team Central,91.7,4.3
CLM-2025-02060,CNT-102060,CUST-39767,CA,West,"$15,994.05 ",11/20/2025,11/22/2025,11/25/2025,1/7/2026,0,46,7,4.55,0,No,Yes,High,ADJ-1015,Senior,Team Delta,84.6,4.7
CLM-2025-02061,CNT-102061,CUST-12259,CO,Mountain,$460.88 ,4/17/2025,4/17/2025,4/17/2025,4/23/2025,-3,6,1,4.52,0,No,No,Low,ADJ-1017,Specialist,Team Team Central,90.1,6.4
CLM-2025-01404,CNT-101404,CUST-43397,CO,Mountain,"$1,974.48 ",7/26/2025,7/29/2025,7/29/2025,8/1/2025,0,3,1,1.80,1,No,,Medium,ADJ-1062,Senior,Team Team Central,97.4,8.6
CLM-2025-02063,CNT-102063,CUST-49786,CO,Mountain,"$2,418.07 ",4/4/2025,N/A,4/8/2025,4/11/2025,1,4,4,2.47,0,No,No,Low,ADJ-1017,Standard,Team Team Alpha,86.2,7.6
CLM-2025-02064,CNT-102064,CUST-28786,AZ,Southwest,"$7,007.91 ",3/30/2025,3/31/2025,4/2/2025,4/27/2025,2,27,2,3.47,0,No,No,High,ADJ-1070,Standard,Team Team West,93.1,7
CLM-2025-02065,CNT-102065,CUST-40247,CA,West,"$2,396.53 ",1/16/2025,1/16/2025,1/18/2025,1/26/2025,2,10,1,3.50,0,No,,Low,ADJ-1073,Standard,Team Delta,99.9,8
CLM-2025-02066,CNT-102066,CUST-99002,CO,Mountain,"$7,401.88 ",10/22/2025,10/25/2025,10/29/2025,11/10/2025,4,16,3,5.26,0,No,Yes,Low,ADJ-1002,Standard,Team Echo,90.1,5.5
CLM-2025-02067,CNT-102067,CUST-82783,WA,West,"$17,195.87 ",7/27/2025,7/29/2025,8/1/2025,9/24/2025,3,62,7,3.34,2,No,No,High,ADJ-1023,Standard,Team SouthTeam West,80.9,7.1
CLM-2025-02068,CNT-102068,CUST-96782,AZ,Southwest,"$7,716.02 ",7/20/2025,7/23/2025,7/26/2025,8/30/2025,3,38,4,3.68,0,No,No,High,ADJ-1033,Standard,Team Echo,86,5.2
CLM-2025-02069,CNT-102069,CUST-79737,AZ,Southwest,"$8,106.47 ",3/22/2025,3/24/2025,3/24/2025,4/24/2025,0,31,1,2.48,0,No,No, Medium ,ADJ-1069,Senior,Team Team West,94.6,8.4
CLM-2025-02070,CNT-102070,CUST-97163,NV,Southwest,"$7,788.09 ",8/15/2025,8/16/2025,8/18/2025,9/6/2025,4,21,6,2.93,0,No,No,High,,Standard,Team Team West,92,7.7
CLM-2025-02071,CNT-102071,CUST-61872,WA,West,"$3,963.96 ",11/18/2025,11/21/2025,11/23/2025,11/27/2025,2,6,5,2.63,1,No,No,Low,ADJ-1044,Senior,Team Echo,85.8,6.5
CLM-2025-02072,CNT-102072,CUST-48743,FL,Southeast,$728.41 ,1/6/2025,1/6/2025,1/7/2025,1/23/2025,1,17,1,2.60,1,No,No,Medium,ADJ-1022,Trainee,Team Beta,86.6,8.2
CLM-2025-02073,CNT-102073,CUST-70612,IL,Midwest,"$49,521.37 ",11/22/2025,11/27/2025,11/29/2025,1/24/2026,2,58,6,3.51,1,No,No,High,ADJ-1013,Senior,Team SouthTeam West,N/A,N/A
CLM-2025-02074,CNT-102074,CUST-92586,TX,South Central,"$1,342.90 ",5/16/2025,5/18/2025,N/A,5/31/2025,4,13,4,5.54,0,No,No,Low,ADJ-1013,Senior,Team Team Central,90.7,5.3
CLM-2025-02075,CNT-102075,CUST-67301,CA,West,$882.97 ,11/8/2025,11/8/2025,11/11/2025,12/3/2025,3,25,4,3.49,N/A,No,No,Medium,ADJ-1011,Standard,Team Team Central,99.1,5.3
CLM-2025-02076,CNT-102076,CUST-33877,AZ,Southwest,"$5,059.64 ",N/A,10/17/2025,10/18/2025,11/8/2025,1,22,6,6.31,0,No,No,Medium,ADJ-1040,Senior,Team Beta,88.6,8.2
CLM-2025-02077,CNT-102077,CUST-41062,NM,Southwest,"$21,330.37 ",11/24/2025,11/25/2025,11/26/2025,1/2/2026,1,38,3,3.13,1,No,No,Medium,ADJ-1034,Senior,Team Echo,90.6,5.8
CLM-2025-02078,CNT-102078,CUST-80274,GA,Southeast,"$1,138.25 ",12/16/2025,12/18/2025,12/18/2025,1/4/2026,0,17,6,2.97,0,No,No,Low,ADJ-1029,Standard,Team Team West,87,
CLM-2025-02079,CNT-102079,CUST-56694,WA,West,"$2,334.00 ",3/24/2025,3/25/2025,3/28/2025,4/15/2025,3,21,5,4.07,0,Yes,No,Medium,ADJ-1072,Standard,Team Team Central,91.3,6.6
CLM-2025-02080,CNT-102080,CUST-64798,TX,South Central,"$7,565.74 ",3/27/2025,3/28/2025,4/1/2025,4/19/2025,4,-22,3,4.46,0,Yes,No,Medium,ADJ-1065,Standard,Team SouthTeam West,83.9,5.6
CLM-2025-02081,CNT-102081,CUST-91280,IL,Midwest,"$3,624.75 ",10/1/2025,10/4/2025,10/5/2025,10/27/2025,1 days,23,5,4.20,0,No,No,Medium,ADJ-1026,Senior,,86.9,6.5
CLM-2025-02082,CNT-102082,CUST-46359,CA,West,"$4,250.92 ",4/10/2025,4/12/2025,4/14/2025,5/3/2025,2,21,5,3.71,0,No,No,Medium,ADJ-1056,Standard,Team Delta,91.7,5.7
CLM-2025-02083,CNT-102083,CUST-86077,CO,Mountain,"($17,266.26)",2/6/2025,2/8/2025,2/9/2025,3/22/2025,1,42,6,4.07,1,No,No,Medium,ADJ-1003,Standard,Team Team West,100,7.1
CLM-2025-02084,CNT-102084,CUST-96531,IL,Midwest,"$3,371.13 ",7/20/2025,7/20/2025,7/22/2025,8/21/2025,2,32,4,4.17,1,No,No,High,ADJ-1055,Senior,Team Delta,94.6,5.3
CLM-2025-02085,CNT-102085,CUST-44347,IL,Midwest,"$7,498.18 ",9/9/2025,9/11/2025,9/12/2025,10/3/2025,1,22,5,2.96,0,No,No,Medium,ADJ-1004,Standard,Team Beta,100,5.3
CLM-2025-02086,CNT-102086,CUST-56087,IL,Midwest,"$7,272.67 ",12/31/2025,12/31/2025,1/1/2026,1/19/2026,1,19,4,3.17,0,No,No,Medium,ADJ-1011,Senior,Team Delta,92.3,6.3
CLM-2025-02087,CNT-102087,CUST-13671,NV,Southwest,"$1,307.22 ",8/14/2025,8/18/2025,8/18/2025,9/4/2025,0,17,3,3.60,2,No,No,,ADJ-1005,Standard,Team Delta,98.2,6.9
CLM-2025-02088,CNT-102088,CUST-28098,NV,Southwest,"$1,061.38 ",8/4/2025,8/4/2025,8/6/2025,8/21/2025,2,17,2,2.54,0,No,No,Low,ADJ-1079,Standard,Team Echo,,7.3
CLM-2025-02089,CNT-102089,CUST-10749,TX,South Central,"$1,729.42 ",12/15/2025,12/18/2025,12/21/2025,1/3/2026,3,16,7,6.40,4,No,No,High,ADJ-1063,Standard,Team Delta,90.5,5.2
CLM-2025-02090,CNT-102090,CUST-60733,TX,South Central,"$7,393.35 ",3/29/2025,4/1/2025,4/4/2025,4/22/2025,3,-21,6,4.40,1,No,No,Medium,ADJ-1080,Senior,Team Team Alpha,86.6,8
CLM-2025-02091,CNT-102091,CUST-96464,CO,Mountain,"$2,301.48 ",10/23/2025,10/24/2025,10/25/2025,11/5/2025,1,12,7,3.17,N/A,No,No,Medium,ADJ-1027,Standard,Team Team West,98.4,7.1
CLM-2025-02092,CNT-102092,CUST-96166,CO,Mountain,$514.70 ,9/1/2025,9/3/2025,9/3/2025,9/10/2025,0,7,2,1.22,0,No,No,Medium,ADJ-1078,Standard,Team Delta,89.2,8.6
CLM-2025-02093,CNT-102093,CUST-16986,GA,Southeast,"$2,400.35 ",4/4/2025,4/4/2025,4/4/2025,4/13/2025,0,9,4,1.03,0,No,No,Medium,ADJ-1009,Senior,Team Delta,N/A,8.7
CLM-2025-02094,CNT-102094,CUST-43681,CA,West,$584.20 ,9/27/2025,9/29/2025,10/1/2025,10/16/2025,2,17,1,N/A,0,No,No,Low,ADJ-1072,Standard,Team Echo,93,6.3
CLM-2025-02095,CNT-102095,CUST-92436,CO,Mountain,"$2,544.00 ",2/16/2025,2/16/2025,2/16/2025,2/11/2025,0,-5,4,3.51,2, no ,No,Medium,ADJ-1013,Standard,Team Team West,90.3,8.1
CLM-2025-02096,CNT-102096,CUST-91173,CA,West,"$1,066.29 ",6/6/2025,6/6/2025,6/8/2025,6/7/2025,2,1,4,2.46,1,No,Yes,Low,ADJ-1080,Senior,Team Team Central,92.2,6.4
CLM-2025-02097,CNT-102097,CUST-34184,NM,Southwest,"$39,154.36 ",12/11/2025,12/12/2025,12/15/2025,2/17/2026,3,67,9,6.00,3,Yes,,High,ADJ-1005,Trainee,Team Delta,77.5,4.8
CLM-2025-02098,CNT-102098,CUST-86287,GA,Southeast,"$11,675.06 ",3/8/2025,3/8/2025,3/11/2025,4/20/2025,3,43,4,3.47,2,No,No,High,ADJ-1012,Specialist,Team SouthTeam West,90.9,5.6
CLM-2025-02099,CNT-102099,CUST-10139,WA,West,"$58,487.41 ",1/10/2025,1/14/2025,1/14/2025,3/20/2025,0,65,8,4.40,0,No,No,Medium,ADJ-1020,Standard,Team Beta,100,5.5
CLM-2025-02100,CNT-102100,CUST-73795,TX,South Central,"$2,087.52 ",11/2/2025,11/3/2025,11/8/2025,11/27/2025,5,,3,4.65,0,No,,Moderate,ADJ-1006,,Team SouthTeam West,80,5.1
CLM-2025-02101,CNT-102101,CUST-70175,TX,South Central,"$3,144.00 ",1/16/2025,1/16/2025,1/20/2025,2/25/2025,4,40,6,6.27,1,Yes,Yes,High,ADJ-1014,Standard,Team Gamma,78.5,3.8
CLM-2025-02102,CNT-102102,CUST-67933,GA,Southeast,"$1,946.16 ",11/13/2025,11/17/2025,11/17/2025,12/1/2025,0,14,5,3.52,2,No,No,High,ADJ-1001,Senior,Team Team West,91.5,9.2
CLM-2025-02103,CNT-102103,CUST-70087,TX,South Central,"$7,843.96 ",5/29/2025,N/A,6/1/2025,6/15/2025,2,16,3,3.87,1,No,No, Low ,ADJ-1031,Standard,Team Echo,87.7,5.6
CLM-2025-02104,CNT-102104,CUST-36818,TX,South Central,"$8,120.41 ",7/29/2025,7/29/2025,8/3/2025,9/12/2025,5,-45,N/A,5.88,1,No,No,Low,ADJ-1036,Standard,Team Beta,82.7,6.1
CLM-2025-02105,CNT-102105,CUST-30112,OR,West,"$1,536.25 ",2/5/2025,2/7/2025,2/8/2025,3/6/2025,1,27,4,4.38,2,No,No,High,ADJ-1014,Trainee,Team Delta,97.3,7.6
CLM-2025-02106,CNT-102106,CUST-75044,WA,West,"$24,432.25 ",7/24/2025,7/28/2025,7/30/2025,9/25/2025,2,,5,1.94,3,No,No,High,ADJ-1029,Standard,Team Team West,94.4,5.9
CLM-2025-02107,CNT-102107,CUST-91062,FL,Southeast,$917.40 ,9/14/2025,9/15/2025,9/16/2025,10/2/2025,1,17,4,,1,Yes,No,High,ADJ-1008,Standard,Team Delta,86.8,7.4
CLM-2025-02108,CNT-102108,CUST-13980,OR,,$553.60 ,4/6/2025,4/8/2025,4/10/2025,4/25/2025,2,17,2,0.96,0,No,No,Low,ADJ-1043,Senior,Team Team Alpha,96.6,6.5
CLM-2025-02109,CNT-102109,CUST-98070,CA,West,"$1,054.70 ",4/4/2025,4/9/2025,4/13/2025,4/5/2025,4,-4,3,2.64,0,No,No,Low,ADJ-1027,Standard,Team Team Alpha,89.4,6.9
CLM-2025-02110,CNT-102110,CUST-14336,GA,Southeast,$914.62 ,10/7/2025,10/10/2025,10/11/2025,10/19/2025,1,9,1,3.66,0,No,Yes,Medium,ADJ-1020,Specialist,Team Gamma,92.1,6.3
CLM-2025-02111,CNT-102111,CUST-75146,GA,Southeast,"$6,820.40 ",2/18/2025,2/19/2025,2/21/2025,3/19/2025,2,28,4,2.45,0,No,No,Low,ADJ-1048,Standard,Team Team Alpha,92.5,8.1
CLM-2025-02112,CNT-102112,CUST-76953,WA,West,"$2,198.79 ",1/7/2025,1/9/2025,1/11/2025,1/29/2025,6,20,4,3.39,0,Yes,No,Medium,ADJ-1027,Standard,Team Team West,90.1,5.7
CLM-2025-02113,CNT-102113,CUST-30945,TX,South Central,"$30,225.00 ",8/2/2025,8/3/2025,8/7/2025,10/4/2025,4,62,6,5.13,0,No,No,Medium,ADJ-1041,Standard,Team SouthTeam West,92.5,4.4
CLM-2025-02114,CNT-102114,CUST-33334,WA,West,"$2,369.00 ",6/6/2025,6/6/2025,6/8/2025,6/17/2025,2,11,2,0.71,0,No,No,Medium,ADJ-1037,Standard,Team Gamma,96.4,7.5
CLM-2025-02115,CNT-102115,CUST-90745,TX,South Central,"$1,276.87 ",8/15/2025,8/15/2025,13/32/2025,8/31/2025,2,16,4,4.76,1,No,No,High,ADJ-1039,Trainee,Team Delta,,5.2
CLM-2025-02116,CNT-102116,CUST-93568,CA,West,"$3,590.26 ",7/21/2025,7/25/2025,7/26/2025,8/17/2025,1,23,5,4.36,2,No,No,Medium,ADJ-1046,Trainee,Team Delta,96.9,7.8
CLM-2025-02117,CNT-102117,CUST-19036,TX,South Central,"$17,724.71 ",10/25/2025,10/26/2025,10/29/2025,12/27/2025,3,62,8,7.24,2,No,Yes,High,ADJ-1075,Senior,Team Team Central,84.8,4.1
CLM-2025-02118,CNT-102118,CUST-98968,AZ,Southwest,"$4,826.56 ",4/5/2025,4/6/2025,4/7/2025,4/1/2025,1,-5,3,2.78,0,No,No,Low,ADJ-1055,Senior,Team Delta,91.6,5.8
CLM-2025-02119,CNT-102119,CUST-92752,GA,Southeast,,5/22/2025,5/26/2025,5/28/2025,7/7/2025,2,42,4,4.02,0,No,No,Medium,ADJ-1063,Trainee,Team Team Alpha,96.8,5.9
CLM-2025-00006,CNT-100006,CUST-74166,AZ,Southwest,"$6,403.50 ",10/19/2025,10/23/2025,10/24/2025,11/28/2025,1,36,5,5.25,0,No,Yes,Medium,ADJ-1036,Standard,Team SouthTeam West,87.9,5.3
CLM-2025-02121,CNT-102121,CUST-14580,FL,Southeast,"$1,254.37 ",5/30/2025,5/30/2025,5/31/2025,6/20/2025,1,21,1,3.87,0,No,No,Medium,ADJ-1062,Specialist,Team Gamma,96.7,7.2
CLM-2025-02122,CNT-102122,CUST-30559,UT,Mountain,"$6,775.47 ",10/2/2025,10/6/2025,10/7/2025,11/2/2025,1,27,7,4.01,0,No,No,Medium,ADJ-1030,Standard,Team Gamma,98.5,5.5
CLM-2025-02123,CNT-102123,CUST-60940,CA,West,"$1,887.21 ",6/9/2025,6/12/2025,6/13/2025,6/25/2025,1,13,3,3.18,1,No,No,Medium,ADJ-1020,Standard,Team Beta,88.8,7.3
CLM-2025-02124,CNT-102124,CUST-83973,GA,Southeast,"$19,160.76 ",5/20/2025,5/20/2025,5/21/2025,6/24/2025,1,35,4,1.41,0,No,No,Medium,ADJ-1064,Senior,Team Beta,96.1,8
CLM-2025-02125,CNT-102125,CUST-63107,CO,Mountain,"$2,359.03 ",4/9/2025,4/12/2025,4/13/2025,4/19/2025,1,7,1,1.58,0,No,No,Medium,ADJ-1009,Senior,Team Team Central,100,9.4
CLM-2025-02126,CNT-102126,CUST-44248,AZ,Southwest,"$20,940.50 ",5/1/2025,5/1/2025,5/2/2025,6/6/2025,1,36,2,1.28,2,No,No,High,ADJ-1026,Standard,Team Echo,84.9,9
CLM-2025-02127,CNT-102127,CUST-81975,CA,West,"$6,900.45 ",7/5/2025,7/8/2025,7/9/2025,7/25/2025,1,17,3,2.12,,No,No,Medium,ADJ-1034,Trainee,Team Team West,93.9,0
CLM-2025-02128,CNT-102128,CUST-71961,CA,West,"$1,357.96 ",5/8/2025,5/9/2025,5/10/2025,5/10/2025,1,1 days,3,4.84,1,No,Yes, Medium ,ADJ-1033,Standard,Team Team West,93.1,6.6
CLM-2025-02129,CNT-102129,CUST-58581,NM,Southwest,"$7,663.01 ",12/14/2025,12/16/2025,12/18/2025,12/31/2025,2,20,3,2.13,0,No,,Low,ADJ-1076,Standard,Team Gamma,85.1,N/A
CLM-2025-02130,CNT-102130,CUST-97031,NM,Southwest,"$7,033.83 ",1/3/2025,1/3/2025,1/5/2025,1/24/2025,2,21,4,1.78,2,No,No,Low,ADJ-1017,Trainee,Team Delta,91.3,7.7
CLM-2025-02131,CNT-102131,CUST-19172,TX,South Central,"$22,991.53 ",5/16/2025,5/22/2025,5/25/2025,6/27/2025,3,36,8,5.47,1,No,No,Medium,ADJ-1037,Senior,Team Gamma,99.5,N/A
CLM-2025-02132,CNT-102132,CUST-83769,TX,South Central,,12/25/2025,12/28/2025,13/32/2025,1/24/2026,4,27,6,6.87,2,Yes,No, High ,ADJ-1054,Senior,Team Team Alpha,85.9,3.6
CLM-2025-02133,CNT-102133,CUST-65674,NM,Southwest,"$5,409.24 ",7/28/2025,7/31/2025,8/1/2025,8/18/2025,1,18,4,1.84,0,Yes,No,Low,ADJ-1069,Specialist,Team Gamma,87.4,7.1
CLM-2025-02134,CNT-102134,CUST-17395,AZ,Southwest,"$4,316.81 ",4/22/2025,4/22/2025,4/22/2025,4/21/2025,0,-1,3,2.13,0,No,No,Low,ADJ-1080,Senior,Team Team Central,92.3,7.8
CLM-2025-02135,CNT-102135,CUST-99714,NM,Southwest,"$4,744.56 ",9/14/2025,9/15/2025,9/17/2025,10/11/2025,2,26,2,1.08,1,No,No,Medium,ADJ-1001,Senior,Team Delta,88.6,8.3
CLM-2025-02136,CNT-102136,CUST-47767,AZ,Southwest,$812.17 ,8/11/2025,8/15/2025,8/18/2025,9/18/2025,3,34,4,3.43,0,Yes,Yes,Medium,ADJ-1002,Senior,Team Delta,80.1,5.5
CLM-2025-02137,CNT-102137,CUST-44086,FL,Southeast,"$1,893.08 ",8/21/2025,8/25/2025,8/25/2025,9/10/2025,0,16,5,3.66,2,Yes,,High,ADJ-1016,Senior,Team Beta,93,6.7
CLM-2025-01474,CNT-101474,CUST-29679,NV,Southwest,"$8,889.91 ",7/29/2025,7/31/2025,7/31/2025,8/19/2025,0,19,3,2.55,0,No,No,Low,ADJ-1058,Senior,Team Delta,95.4,7.7
CLM-2025-02139,CNT-102139,CUST-36776,CA,West,"$7,533.00 ",2/8/2025,2/12/2025,2/14/2025,3/8/2025,0,N/A,6,3.50,1,No,No,Low,ADJ-1079,Standard,Team Team Alpha,96.9,8.9
CLM-2025-02140,CNT-102140,CUST-53085,NV,Southwest,"$16,431.05 ",6/24/2025,6/27/2025,6/29/2025,8/8/2025,2,42,4,,2,No,Yes,High,ADJ-1039,Senior,Team Delta,92.8,4.4
CLM-2025-02141,CNT-102141,CUST-99607,WA,West,"$2,304.35 ",8/6/2025,8/10/2025,8/12/2025,8/26/2025,2,16,5,3.30,0, no ,No,Low,ADJ-1031,Specialist,Team Beta,90.2,7.2
CLM-2025-02142,CNT-102142,CUST-10041,IL,Midwest,"$9,458.83 ",3/7/2025,3/12/2025,3/16/2025,5/6/2025,-4,55,5,2.80,2,No,Yes,HIGH,ADJ-1029,Specialist,Team SouthTeam West,78.4,5.1
CLM-2025-02143,CNT-102143,CUST-83217,TX,South Central,"$31,055.88 ",2/10/2025,2/12/2025,2/14/2025,13/32/2025,2,46,8,7.35,1,Yes,No,Medium,ADJ-1017,Senior,Team Beta,95.9,3.3
CLM-2025-02144,CNT-102144,CUST-79772,IL,Midwest,"$1,701.56 ",7/29/2025,8/1/2025,8/2/2025,8/18/2025,1,17,4,2.57,1,No,No,Medium,ADJ-1052,Standard,Team Team West,95.5,7
CLM-2025-02145,CNT-102145,CUST-75789,GA,Southeast,"$1,914.00 ",7/16/2025,7/17/2025,7/18/2025,7/30/2025,1,13,4,2.58,0,No,No,Medium,ADJ-1021,Standard,Team Echo,87.9,7.5
CLM-2025-02146,CNT-102146,CUST-90659,GA,Southeast,"$4,580.42 ",8/6/2025,8/6/2025,8/8/2025,8/18/2025,2,12,4,3.20,0,No,No,Low,ADJ-1014,Standard,Team Team Central,93.1,7.6
CLM-2025-02147,CNT-102147,CUST-51728,CA,West,"$1,167.91 ",7/20/2025,7/20/2025,7/23/2025,8/3/2025,3,14,4,3.83,0,No,No,Medium,ADJ-1038,Standard,Team Team Alpha,84.5,7.4
CLM-2025-02148,CNT-102148,CUST-45539,CA,West,"$4,595.22 ",7/6/2025,7/7/2025,7/9/2025,7/27/2025,2,20,4,3.67,0,No,No,Medium,ADJ-1005,Senior,Team Team Central,99.6,5.6
CLM-2025-02149,CNT-102149,CUST-11034,TX,South Central,$826.57 ,4/9/2025,4/10/2025,4/14/2025,4/20/2025,4,10,6,6.60,0,No,No,High,ADJ-1025,Standard,Team Team West,,5.3
CLM-2025-02150,CNT-102150,CUST-10377,NM,Southwest,"$1,310.00 ",,10/3/2025,10/5/2025,10/14/2025,2,11,5,3.37,0,No,No,Low,ADJ-1041,Standard,Team Delta,91.3,5.6
CLM-2025-02151,CNT-102151,CUST-22566,IL,Unknown,"$13,484.04 ",9/2/2025,9/3/2025,9/4/2025,10/1/2025,1,28,4,2.42,1,No,No,Low,ADJ-1079,Senior,Team SouthTeam West,91.7,6.8
CLM-2025-02152,CNT-102152,CUST-73870,CA,West,$618.29 ,7/7/2025,7/7/2025,7/9/2025,7/9/2025,0,2,5,5.01,0,No,Yes,Medium,ADJ-1002,Senior,Team Team Central,88.8,6.5
CLM-2025-02153,CNT-102153,CUST-97595,TX,South Central,"$7,812.66 ",9/29/2025,10/1/2025,10/4/2025,10/23/2025,3,22,5,6.30,0,No,No,Low,,Standard,Team SouthTeam West,93,4.8
CLM-2025-02154,CNT-102154,CUST-42185,IL,Midwest,"$4,971.72 ",6/28/2025,6/29/2025,6/29/2025,7/23/2025,0,24,4,2.50,0,No,No, Low ,ADJ-1012,Standard,Team Team West,,9.1
CLM-2025-02155,CNT-102155,CUST-71398,IL,Midwest,"$7,719.40 ",11/27/2025,11/30/2025,12/2/2025,12/29/2025,2,29,2,3.17,0,No,Yes,Medium,ADJ-1055,Senior,Team Gamma,88.3,6.7
CLM-2025-02156,CNT-102156,CUST-32493,TX,South Central,"$18,386.16 ",12/2/2025,12/2/2025,12/5/2025,1/18/2026,3,47,9,6.46,3,No,No,High,ADJ-1034,Standard,Team Gamma,86.2,3.9
CLM-2025-02157,CNT-102157,CUST-62290,AZ,Southwest,"$4,459.41 ",10/31/2025,11/3/2025,11/5/2025,11/23/2025,2,20,5,3.54,1,No,No,Medium,ADJ-1053,Standard,,93.1,6.5
CLM-2025-02158,CNT-102158,CUST-36359,CO,Mountain,$902.65 ,8/17/2025,8/20/2025,8/22/2025,8/25/2025,2,5,1,2.36,,No,No,Low,ADJ-1007,Standard,Team SouthTeam West,100,6.6
CLM-2025-02159,CNT-102159,CUST-98064,CA,West,"$5,174.50 ",9/29/2025,9/29/2025,10/2/2025,9/30/2025,3,1,2,2.81,0,No,No,Low,ADJ-1037,Senior,Team Team Central,87.8,6.8
CLM-2025-02160,CNT-102160,CUST-58121,AZ,Southwest,"$4,420.96 ",1/12/2025,1/13/2025,1/13/2025,2/9/2025,0,27,4,6.00,1,No,No,Medium,ADJ-1033,Senior,Team Team Alpha,99.6,8.4
CLM-2025-02161,CNT-102161,CUST-95777,TX,South Central,"$4,877.57 ",10/13/2025,10/17/2025,10/19/2025,11/16/2025,2,30,7,7.02,1,No,No,High,ADJ-1059,Standard,Team Delta,86.2,5.1
CLM-2025-02162,CNT-102162,CUST-97643,FL,Southeast,N/A,3/12/2025,3/13/2025,3/13/2025,5/1/2025,0,49,7,3.21,0,No,No,Medium,ADJ-1058,Standard,Team Team Central,100,7.2
CLM-2025-02163,CNT-102163,CUST-82348,OR,West,"$24,626.53 ",3/19/2025,3/20/2025,3/24/2025,5/4/2025,4,45,7,5.32,1,No,Yes,High,ADJ-1064,Senior,Team Delta,88.3,4.7
CLM-2025-02164,CNT-102164,CUST-33496,TX,South Central,"$5,764.29 ",3/29/2025,3/30/2025,3/30/2025,4/27/2025,0,28,5,4.27,1,No,No,Low,ADJ-1076,Standard,Team Beta,100,7.5
CLM-2025-02165,CNT-102165,CUST-59482,AZ,Southwest,"$19,052.25 ",11/19/2025,11/19/2025,11/22/2025,1/4/2026,3,46,5,5.46,2,No,No,High,ADJ-1020,Trainee,Team Team Alpha,86.6,7.1
CLM-2025-02166,CNT-102166,CUST-16767,WA,West,"$23,238.71 ",8/24/2025,8/25/2025,8/27/2025,10/1/2025,2,37,5,4.21,0,No,No,Medium,ADJ-1070,Standard,Team Team Alpha,99.8,7.1
CLM-2025-02167,CNT-102167,CUST-88176,FL,Southeast,"$1,535.86 ",1/11/2025,1/11/2025,1/14/2025,2/8/2025,3,28,5,3.52,0,No,Yes,High,ADJ-1022,Senior,Team Echo,92.4,
CLM-2025-02168,CNT-102168,CUST-34658,IL,Midwest,"$30,186.24 ",11/1/2025,11/4/2025,11/5/2025,1/3/2026,1,60,5,2.43,0,No,No,Medium,ADJ-1014,Specialist,Team Team West,99.3,5.2
CLM-2025-02169,CNT-102169,CUST-36540,TX,South Central,"$1,773.62 ",10/6/2025,10/7/2025,10/7/2025,10/27/2025,0,20,1,5.49,0,No,No,Medium,ADJ-1026,Senior,Team Team Central,95.6,6.2
CLM-2025-02170,CNT-102170,CUST-39330,CA,West,"$16,409.17 ",9/28/2025,13/32/2025,10/2/2025,11/15/2025,3,47,5,5.71,1,Yes,No,High,ADJ-1020,Senior,Team Delta,85.7,
CLM-2025-02171,CNT-102171,CUST-91419,TX,South Central,"$2,167.66 ",10/19/2025,10/19/2025,10/23/2025,10/29/2025,4,10,4,4.91,,No,,Low,ADJ-1023,Standard,Team Beta,89,5
CLM-2025-02172,CNT-102172,CUST-13047,IL,Midwest,"$13,389.86 ",7/22/2025,7/24/2025,7/25/2025,9/4/2025,1,42,5,3.79,1,No,No,High,ADJ-1062,Senior,Team Gamma,88.8,6.2
CLM-2025-02173,CNT-102173,CUST-57990,FL,Southeast,"$1,570.04 ",8/7/2025,8/9/2025,,8/31/2025,3,22,2,4.13,2,No,No,Medium,ADJ-1020,Trainee,Team Gamma,86.5,5.9
CLM-2025-02174,CNT-102174,CUST-21644,IL,Midwest,$495.01 ,2/27/2025,2/28/2025,3/4/2025,3/19/2025,4,19,5,2.92,0,No,Yes,High,ADJ-1074,Standard,Team Team West,83.2,7.3
CLM-2025-02175,CNT-102175,CUST-63138,WA,West,"$6,988.55 ",11/7/2025,11/12/2025,11/15/2025,12/19/2025,N/A,37,5,4.15,1, no ,No,High,ADJ-1041,Standard,Team Echo,83.9,5.6
CLM-2025-02176,CNT-102176,CUST-14924,TX,South Central,$971.04 ,9/4/2025,9/7/2025,9/10/2025,9/21/2025,3,14,4,7.34,0,Yes,Yes,Medium,ADJ-1010,Trainee,Team Delta,80.3,4.3
CLM-2025-02177,CNT-102177,CUST-97404,CA,Unknown,"$1,872.53 ",8/3/2025,N/A,8/8/2025,8/20/2025,3,15,1,2.43,1,No,No,Low,ADJ-1071,Senior,Team Delta,94.3,
CLM-2025-02178,CNT-102178,CUST-92025,AZ,Southwest,"$1,202.59 ",8/26/2025,,8/30/2025,9/22/2025,3,26,6,4.21,0,No,No,High,ADJ-1056,Senior,Team Team Alpha,89.8,5.7
CLM-2025-02179,CNT-102179,CUST-82172,TX,South Central,"$7,491.80 ",10/24/2025,10/25/2025,10/28/2025,10/27/2025,3,2,5,5.63,1,No,Yes,Low,ADJ-1051,Standard,Team SouthTeam West,85.1,5.2
CLM-2025-02180,CNT-102180,CUST-21589,CA,West,"$1,218.78 ",10/14/2025,N/A,10/19/2025,10/28/2025,1,10,3,3.99,1,No,No,Medium,ADJ-1037,Specialist,Team SouthTeam West,90.1,7.5
CLM-2025-02181,CNT-102181,CUST-87216,UT,Mountain,"$6,936.00 ",13/32/2025,7/23/2025,7/23/2025,8/17/2025,N/A,25,3,3.33,0,No,No,Medium,ADJ-1018,Senior,Team SouthTeam West,89.4,8.2
CLM-2025-02182,CNT-102182,CUST-78843,CA,West,"$3,299.59 ",12/23/2025,12/24/2025,12/26/2025,1/13/2026,2,20,8,3.06,1,No,No,Medium,ADJ-1002,Standard,Team Team Alpha,96.2,6.9
CLM-2025-02183,CNT-102183,CUST-26586,TX,South Central,"$7,383.13 ",6/16/2025,6/19/2025,6/20/2025,7/10/2025,1,21,6,4.23,2,No,No,Medium,ADJ-1051,Specialist,Team Gamma,93,8
CLM-2025-02184,CNT-102184,CUST-18185,TX,South Central,"$2,214.84 ",9/28/2025,9/29/2025,9/30/2025,9/30/2025,1,1,3,5.20,0,No,No,Low,ADJ-1072,Senior,Team Delta,97.2,7.2
CLM-2025-02185,CNT-102185,CUST-50578,TX,South Central,"$29,718.40 ",5/29/2025,5/29/2025,5/31/2025,7/31/2025,2,63,10,5.17,1,No,Yes,Medium,ADJ-1037,Trainee,Team Gamma,92.7,6.5
CLM-2025-02186,CNT-102186,CUST-62584,GA,Southeast,"$11,032.26 ",2/2/2025,2/3/2025,2/5/2025,3/26/2025,2,51,5,3.30,N/A,No,No,High,ADJ-1042,Senior,Team Team Central,,6
CLM-2025-02187,CNT-102187,CUST-34570,IL,Midwest,"$52,922.86 ",11/22/2025,11/22/2025,11/22/2025,1/21/2026,0,,6,2.59,0,No,No,Medium,ADJ-1049,Senior,Team Delta,89.8,7.2
CLM-2025-02188,CNT-102188,CUST-26849,FL,Southeast,"$12,598.50 ",6/11/2025,13/32/2025,6/19/2025,7/25/2025,3,39,5,1.91,2,No,No,Medium,ADJ-1030,Standard,Team Delta,91.1,7.2
CLM-2025-02189,CNT-102189,CUST-28878,TX,South Central,"$22,373.78 ",8/1/2025,8/2/2025,8/3/2025,9/5/2025,1,34,5,,2,No,No,Medium,ADJ-1048,Specialist,Team SouthTeam West,98.2,5.1
CLM-2025-02190,CNT-102190,CUST-29179,TX,South Central,$467.09 ,5/26/2025,5/27/2025,5/28/2025,6/5/2025,1,9,6,4.05,2,Yes,No,Medium,ADJ-1049,Standard,Team Delta,83.2,7.2
CLM-2025-02191,CNT-102191,CUST-47551,WA,West,"$1,287.87 ",10/5/2025,10/8/2025,10/10/2025,,2,15,1,2.91,1,No,No,Low,ADJ-1066,Trainee,Team Team Central,88.3,5.5
CLM-2025-02192,CNT-102192,CUST-29620,CO,Mountain,"$3,494.00 ",12/3/2025,12/4/2025,12/6/2025,12/25/2025,2,21,4,3.18,0,No,No,Low,ADJ-1034,Specialist,Team Beta,92.1,5.2
CLM-2025-02193,CNT-102193,CUST-84610,IL,Midwest,"$24,924.08 ",2/22/2025,2/25/2025,2/25/2025,4/1/2025,0,35,4,3.09,2,No,No,High,ADJ-1017,Senior,Team Gamma,92.4,7.3
CLM-2025-02194,CNT-102194,CUST-31352,NV,Southwest,"$5,573.68 ",5/25/2025,5/26/2025,5/27/2025,6/16/2025,1,21,5,2.56,0,No,No,Low,ADJ-1040,Senior,Team Delta,90.3,8.1
CLM-2025-02195,CNT-102195,CUST-69031,TX,South Central,"$2,779.96 ",7/27/2025,7/31/2025,8/2/2025,8/21/2025,2,21,6,4.74,0,No,No,Low,ADJ-1043,Trainee,Team Gamma,82.9,5.5
CLM-2025-02196,CNT-102196,CUST-47135,IL,Midwest,$456.50 ,11/15/2025,11/18/2025,11/21/2025,12/20/2025,-3,32,6,3.75,1,No,No,Medium,ADJ-1069,Senior,Team Echo,85.3,5.5
CLM-2025-02197,CNT-102197,CUST-36124,WA,West,"$5,529.26 ",8/3/2025,8/3/2025,8/3/2025,8/20/2025,0,17,3,4.27,1,No,No,LOW,ADJ-1071,Standard,Team Team Central,95.1,6.9
CLM-2025-02198,CNT-102198,CUST-39531,TX,South Central,"$6,334.98 ",3/5/2025,3/8/2025,3/9/2025,4/15/2025,1,38,5,5.21,1,No,No,Low,ADJ-1046,Standard,Team Delta,92.3,5.8
CLM-2025-02199,CNT-102199,CUST-41900,CA,West,"$2,239.70 ",1/12/2025,1/13/2025,1/15/2025,2/13/2025,2,31,5,4.01,2,Yes,No,High,ADJ-1058,Standard,Team Team Alpha,84.4,7
CLM-2025-02200,CNT-102200,CUST-50578,UT,Mountain,$779.03 ,12/14/2025,12/16/2025,12/19/2025,1/3/2026,3,18,6,3.52,3,No,No,High,ADJ-1010,Trainee,Team Delta,82.4,6
CLM-2025-02201,CNT-102201,CUST-18261,WA,West,"$11,516.06 ",6/27/2025,6/29/2025,7/1/2025,8/5/2025,2,37,3,2.21,3, no ,Yes,High,ADJ-1033,Standard,Team Team West,87.5,6.7
CLM-2025-02202,CNT-102202,CUST-25342,FL,Southeast,"$9,368.82 ",10/22/2025,10/25/2025,10/28/2025,11/23/2025,3,29,3,2.64,0,Yes,Yes,Medium,ADJ-1072,,Team Beta,84.5,5.6
CLM-2025-02203,CNT-102203,CUST-66751,AZ,Southwest,"$21,458.07 ",6/9/2025,6/9/2025,6/10/2025,7/15/2025,1,36,4,3.93,0,Yes,No,High,ADJ-1080,Senior,Team SouthTeam West,84.1,5.5
CLM-2025-02204,CNT-102204,CUST-70903,CA,West,"$5,190.01 ",8/6/2025,8/8/2025,8/10/2025,9/10/2025,2,33,4,2.73,0,No,No,Medium,ADJ-1045,Standard,Team Team Alpha,92.1,6.7
CLM-2025-02205,CNT-102205,CUST-10798,CA,West,"$2,913.05 ",3/12/2025,3/15/2025,3/17/2025,4/3/2025,2,N/A,3,3.70,1,No,No,Low,ADJ-1040,Specialist,Team Team Alpha,92,7.3
CLM-2025-02206,CNT-102206,CUST-15330,OR,West,"$6,271.79 ",7/28/2025,7/30/2025,13/32/2025,8/15/2025,2,16,3,1.93,0,No,Yes,Low,ADJ-1049,Specialist,Team Beta,91.7,6.9
CLM-2025-02207,CNT-102207,CUST-65913,IL,Midwest,"$12,266.81 ",7/8/2025,7/10/2025,7/11/2025,8/18/2025,1,39,4,1.81,0,No,No,Medium,ADJ-1073,Standard,Team Echo,89.6,7.2
CLM-2025-02208,CNT-102208,CUST-79080,CO,Mountain,$776.43 ,4/30/2025,5/2/2025,5/2/2025,5/16/2025,0,14,5,1.68,1,No,No,Low,ADJ-1028,Standard,Team Echo,94.9,8.2
CLM-2025-02209,CNT-102209,CUST-29890,FL,Southeast,"$11,843.83 ",10/29/2025,10/29/2025,10/31/2025,12/11/2025,2,43,6,5.16,0,No,No,Low,ADJ-1025,Standard,Team Beta,95.7,
CLM-2025-02210,CNT-102210,CUST-90420,NM,Southwest,"$1,190.52 ",,4/22/2025,4/23/2025,4/23/2025,1,1,3,2.35,0,No,No,Medium,ADJ-1068,Standard,Team Echo,95.1,7.8
CLM-2025-02211,CNT-102211,CUST-31266,NV,Southwest,"$18,889.18 ",2/6/2025,2/7/2025,2/9/2025,4/6/2025,2,58,8,2.31,0,No,No,High,ADJ-1054,Standard,Team Delta,91.1,7.2
CLM-2025-02212,CNT-102212,CUST-61286,TX,South Central,"$1,235.33 ",12/14/2025,12/14/2025,12/16/2025,12/24/2025,2,10,4,4.29,1,No,No,Low,ADJ-1021,Specialist,Team Team West,95,5.5
CLM-2025-02213,CNT-102213,CUST-91051,TX,South Central,"$16,261.59 ",12/20/2025,12/21/2025,12/25/2025,2/4/2026,4,45,8,6.81,1,No,No,Low,ADJ-1002,Standard,Team Team West,91.9,3.3
CLM-2025-02214,CNT-102214,CUST-88716,TX,South Central,$506.51 ,7/26/2025,7/30/2025,8/1/2025,8/13/2025,2,14,2,5.05,1,No,Yes,Medium,ADJ-1044,Trainee,Team Delta,80.3,5.9
CLM-2025-02215,CNT-102215,CUST-42164,AZ,Southwest,"$20,223.03 ",12/30/2025,1/1/2026,N/A,2/20/2026,3,50,5,3.77,1,No,No,High,ADJ-1004,Senior,Team Delta,89,5
CLM-2025-02216,CNT-102216,CUST-51836,NV,Southwest,"($1,924.05)",6/4/2025,13/32/2025,6/8/2025,,2,16,4,N/A,0,No,No,Medium,ADJ-1075,Standard,Team SouthTeam West,91.6,6.5
CLM-2025-02217,CNT-102217,CUST-18321,CO,Mountain,"$1,889.97 ",6/26/2025,6/28/2025,6/28/2025,7/16/2025,0,18,3,3.31,1,,No,High,ADJ-1074,Standard,Team Gamma,85,8.6
CLM-2025-02218,CNT-102218,CUST-48016,CO,Mountain,"$3,695.97 ",,7/4/2025,13/32/2025,7/30/2025,3,26,3,2.74,0,No,No,Low,ADJ-1036,Senior,Team Delta,86.3,7.1
CLM-2025-02219,CNT-102219,CUST-59799,GA,Southeast,"$1,250.98 ",1/25/2025,1/26/2025,1/27/2025,,1,1,4,1.36,1,No,No,Low,ADJ-1058,Standard,Team Echo,95.8,9.2
CLM-2025-02220,CNT-102220,CUST-41605,CA,West,"$1,165.17 ",11/17/2025,11/17/2025,11/18/2025,12/1/2025,1,14,4,5.29,2,No,Yes,HIGH,ADJ-1058,Senior,Team Beta,88.6,4.5
CLM-2025-02221,CNT-102221,CUST-45116,NM,Southwest,"$1,789.62 ",3/6/2025,3/7/2025,3/9/2025,3/18/2025,2,11,1,1.36,0,No,No,Low,ADJ-1072,Standard,Team Team West,92.8,8
CLM-2025-02222,CNT-102222,CUST-64300,AZ,Southwest,"$4,063.68 ",2/18/2025,2/21/2025,2/23/2025,,4,31,5,3.55,0,No,No,Medium,ADJ-1043,Senior,Team Team Alpha,90.5,5.8
CLM-2025-02223,CNT-102223,CUST-58851,TX,South Central,$581.63 ,11/1/2025,11/3/2025,11/6/2025,11/19/2025,3 days,16,4,3.86,2,No,No,Medium,ADJ-1074,Senior,Team Gamma,93.2,7.9
CLM-2025-02224,CNT-102224,CUST-43038,WA,West,"$2,566.54 ",10/8/2025,10/12/2025,10/13/2025,11/3/2025,1,22,5,2.51,0,No,No,Low,ADJ-1007,Senior,,94.4,6.4
CLM-2025-02225,CNT-102225,CUST-37783,TX,South Central,"$2,004.38 ",1/11/2025,1/11/2025,1/14/2025,2/9/2025,3,29,4,4.71,2,No,Yes,High,ADJ-1029,Specialist,Team Delta,82.1,5.4
CLM-2025-02226,CNT-102226,CUST-22345,TX,South Central,$948.14 ,12/26/2025,12/28/2025,12/31/2025,1/24/2026,3,27,3,5.54,0,No,No, Low ,ADJ-1002,Trainee,Team SouthTeam West,90,3.8
CLM-2025-02227,CNT-102227,CUST-55345,CO,Mountain,"$22,380.70 ",1/16/2025,1/20/2025,1/21/2025,2/18/2025,1,29,3,3.55,0,No,No,Medium,ADJ-1004,Standard,Team SouthTeam West,93.9,5.4
CLM-2025-02228,CNT-102228,CUST-56886,CO,Mountain,$682.53 ,12/25/2025,12/27/2025,12/30/2025,,3,24,2,3.22,0,No,Yes,Low,ADJ-1039,Senior,Team Echo,90.6,6.4
CLM-2025-02229,CNT-102229,CUST-30203,CO,Mountain,"$1,217.58 ",10/4/2025,10/9/2025,10/13/2025,10/28/2025,4,19,3,3.75,0,No,No,Medium,ADJ-1060,Senior,Team Team Central,90.9,5.3
CLM-2025-02230,CNT-102230,CUST-24337,TX,South Central,"$1,390.23 ",6/10/2025,6/10/2025,6/12/2025,7/1/2025,-1,21,6,4.99,2,No,No,High,ADJ-1064,Specialist,Team Team Central,96.4,5.3
CLM-2025-02231,CNT-102231,CUST-55029,GA,Southeast,"$8,410.94 ",8/4/2025,8/5/2025,8/7/2025,9/19/2025,2,45,4,N/A,1,,No,High,ADJ-1044,Senior,Team Team West,94.7,5.7
CLM-2025-02232,CNT-102232,CUST-21189,FL,Southeast,"$2,391.33 ",10/23/2025,10/25/2025,10/28/2025,11/14/2025,3,20,2,4.30,0,No,Yes,Medium,ADJ-1002,Trainee,Team Team Alpha,88.4,5.1
CLM-2025-02233,CNT-102233,CUST-31794,TX,South Central,"$15,888.46 ",3/26/2025,3/26/2025,3/23/2025,4/27/2025,-3,32,4,5.27,1,No,No,Medium,ADJ-1027,Specialist,Team Team Alpha,N/A,5.8
CLM-2025-02234,CNT-102234,CUST-42636,CA,West,"$38,563.63 ",13/32/2025,3/31/2025,4/1/2025,5/30/2025,1,60,7,2.56,1,No,No,High,ADJ-1034,Senior,Team Beta,90.1,5.9
CLM-2025-02235,CNT-102235,CUST-21057,AZ,Southwest,"$7,935.36 ",6/4/2025,6/5/2025,6/6/2025,7/3/2025,1,28,3,2.28,1,No,No,Medium,ADJ-1036,Standard,Team Echo,95.4,6.3
CLM-2025-02236,CNT-102236,CUST-52197,NM,Southwest,$909.80 ,1/17/2025,1/22/2025,1/24/2025,2/5/2025,2,14,2,1.54,0,No,No,Medium,ADJ-1004,Senior,Team Beta,98.4,6.5
CLM-2025-02237,CNT-102237,CUST-48368,AZ,Southwest,"$7,831.30 ",6/27/2025,6/30/2025,7/1/2025,7/28/2025,1,28 days,2,1.74,0,No,No,Medium,ADJ-1050,Specialist,Team Team West,,5.8
CLM-2025-02238,CNT-102238,CUST-16584,UT,Mountain,"$1,358.37 ",2/1/2025,2/2/2025,2/4/2025,2/15/2025,2,13,3,3.79,2,No,,High,ADJ-1008,Senior,Team Delta,96.2,5.9
CLM-2025-02239,CNT-102239,CUST-41057,TX,South Central,"$8,379.00 ",6/10/2025,13/32/2025,6/12/2025,7/22/2025,0,N/A,7,7.16,0,No,No,Medium,ADJ-1071,Senior,Team Beta,N/A,5.7
CLM-2025-02240,CNT-102240,CUST-76616,AZ,Southwest,"$6,953.00 ",4/25/2025,5/2/2025,5/2/2025,5/13/2025,0,11,3,3.69,0,,No,Low,ADJ-1057,Standard,Team Team Alpha,93.5,6.9
CLM-2025-02241,CNT-102241,CUST-65109,TX,South Central,"$4,787.28 ",7/24/2025,7/27/2025,7/28/2025,8/13/2025,1,17,4,5.15,2,No,No,Medium,ADJ-1077,Trainee,Team Gamma,92.4,6.6
CLM-2025-02242,CNT-102242,CUST-72974,NM,Southwest,,11/8/2025,,11/12/2025,11/28/2025,3,19,2,4.35,0,No,Yes,High,ADJ-1006,Standard,Team Gamma,84.8,4.9
CLM-2025-02243,CNT-102243,CUST-79621,GA,Southeast,"$1,981.61 ",10/31/2025,11/2/2025,11/3/2025,11/20/2025,1,18,3,3.99,1,No,No,High,ADJ-1068,Standard,Team Gamma,97.4,6.2
CLM-2025-02244,CNT-102244,CUST-15699,TX,South Central,"$18,202.92 ",8/3/2025,8/5/2025,8/8/2025,9/18/2025,3,44,7,6.31,2,No,No,High,ADJ-1027,Trainee,Team Gamma,89,4.9
CLM-2025-02245,CNT-102245,CUST-57705,AZ,Southwest,"$4,052.10 ",2/28/2025,3/3/2025,3/5/2025,4/1/2025,2,29,5,3.72,0,No,No,Medium,ADJ-1048,Specialist,Team Beta,94.5,7.3
CLM-2025-02246,CNT-102246,CUST-64092,FL,Southeast,"$2,512.23 ",6/29/2025,6/29/2025,6/30/2025,7/14/2025,1,15,1,1.68,1,No,Yes,Low,ADJ-1006,Senior,Team Beta,87.7,6.3
CLM-2025-02247,CNT-102247,CUST-90145,AZ,Southwest,"$2,367.48 ",4/29/2025,4/30/2025,4/30/2025,5/23/2025,0,23,6,4.27,1,No,No,High,ADJ-1028,Senior,Team Team West,87.7,6
CLM-2025-02248,CNT-102248,CUST-80670,GA,Southeast,"$6,378.08 ",7/16/2025,7/16/2025,7/17/2025,8/7/2025,1,22,4,2.35,0,Yes,No,Medium,ADJ-1032,Standard,Team Delta,87,6.2
CLM-2025-02249,CNT-102249,CUST-61025,TX,South Central,"$2,262.18 ",5/21/2025,5/23/2025,5/25/2025,5/29/2025,2,6,3,5.19,0,No,Yes,Medium,ADJ-1031,Specialist,Team Beta,92.5,4.6
CLM-2025-02250,CNT-102250,CUST-47702,CA,West,$665.34 ,1/25/2025,1/28/2025,1/31/2025,2/18/2025,3,21,3,3.40,1,No,No,High,ADJ-1052,Standard,Team Team West,80.4,6.3
CLM-2025-02251,CNT-102251,CUST-37091,AZ,Southwest,"$9,438.19 ",11/4/2025,11/4/2025,11/4/2025,12/17/2025,0,43,4,6.05,1,No,No,High,ADJ-1040,Standard,Team Team West,94.4,7.4
CLM-2025-02252,CNT-102252,CUST-86952,WA,West,"$20,589.59 ",10/1/2025,10/2/2025,10/4/2025,N/A,,48,8,3.47,2,Yes,No,High,ADJ-1077,Senior,Team Delta,86.3,6
CLM-2025-02253,CNT-102253,CUST-95142,CA,West,"$1,025.21 ",,7/12/2025,7/13/2025,7/13/2025,1,1,3,3.52,2,No,No,Medium,ADJ-1009,Senior,Team Team Central,93,7.3
CLM-2025-02254,CNT-102254,CUST-93091,AZ,Southwest,"$15,498.46 ",6/30/2025,7/2/2025,7/4/2025,8/4/2025,2,33,3,2.61,0,No,No,Low,ADJ-1013,Standard,Team Beta,93.1,6.7
CLM-2025-02255,CNT-102255,CUST-47190,FL,Southeast,"$9,791.01 ",1/4/2025,1/6/2025,1/7/2025,2/19/2025,1,44,7,3.83,1,No,No,High,ADJ-1025,Senior,Team Delta,96.3,7.7
CLM-2025-02256,CNT-102256,CUST-20232,CA,West,"$2,289.37 ",5/3/2025,,5/8/2025,5/11/2025,4,7,,2.31,2,Yes,No,Low,ADJ-1001,Trainee,Team SouthTeam West,91.3,6.5
CLM-2025-02257,CNT-102257,CUST-95995,AZ,Southwest,"$1,605.64 ",8/17/2025,8/18/2025,8/20/2025,9/6/2025,2,19,3,4.07,0,No,No,High,ADJ-1077,Standard,Team Gamma,87.9,4.5
CLM-2025-02258,CNT-102258,UNKNOWN,OR,West,$622.73 ,7/6/2025,7/8/2025,7/9/2025,7/18/2025,1,10,1,1.10,0,No,No,High,ADJ-1023,Standard,Team Echo,94.1,9.3
CLM-2025-02259,CNT-102259,CUST-31775,TX,South Central,"$7,757.46 ",7/22/2025,7/23/2025,7/25/2025,8/21/2025,,29,4,5.29,2,No,No,High,ADJ-1011,Standard,Team Team Central,98.8,5
CLM-2025-02260,CNT-102260,CUST-27470,TX,South Central,"$1,843.49 ",8/26/2025,8/30/2025,9/2/2025,9/13/2025,,14,4,4.69,0,No,,Medium,ADJ-1056,Trainee,Team Gamma,90.8,6.1
CLM-2025-02261,CNT-102261,CUST-86368,CA,West,"$1,997.74 ",1/16/2025,1/16/2025,1/19/2025,2/2/2025,3 days,17,3,3.12,1,No,No,Medium,ADJ-1009,Standard,Team Beta,91.1,7.8
CLM-2025-02262,CNT-102262,CUST-82858,CA,West,"$5,624.76 ",7/19/2025,7/19/2025,7/20/2025,7/16/2025,1,-3,5,1.85,0,No,No,Low,ADJ-1065,Senior,Team SouthTeam West,93.2,7.6
CLM-2025-02263,CNT-102263,CUST-25467,CO,Mountain,"$18,086.59 ",7/12/2025,7/12/2025,7/12/2025,8/28/2025,0,47,3,2.77,1,No,No,High,ADJ-1077,Trainee,Team Team Central,95.2,6.1
CLM-2025-02264,CNT-102264,CUST-15289,CA,West,"$7,258.51 ",9/16/2025,9/20/2025,9/22/2025,10/12/2025,2,22,5,3.56,0,No,No,Medium,ADJ-1037,Senior,Team Echo,96.2,7.6
CLM-2025-02265,CNT-102265,CUST-65765,TX,South Central,"$2,143.07 ",6/21/2025,6/25/2025,6/27/2025,7/14/2025,2,19,4,4.11,1,Yes,No,Minor,ADJ-1044,Trainee,Team Team Central,89.5,7.2
CLM-2025-02266,CNT-102266,CUST-51319,WA,West,$462.62 ,10/9/2025,10/11/2025,10/11/2025,10/19/2025,0,8,2,4.07,1,No,Yes,Low,ADJ-1069,Standard,Team Team Alpha,90.9,8.3
CLM-2025-02267,CNT-102267,CUST-24379,AZ,Southwest,"$2,804.46 ",11/28/2025,11/30/2025,12/2/2025,12/25/2025,2,25,1,3.29,2,No,No,High,ADJ-1077,Trainee,Team Team Central,100,7.7
CLM-2025-02268,CNT-102268,CUST-35938,AZ,Southwest,"$1,043.29 ",7/23/2025,7/25/2025,7/27/2025,7/27/2025,2,2,2,2.26,0,No,No,Medium,ADJ-1079,Standard,Team Team Alpha,97.3,8.5
CLM-2025-02269,CNT-102269,CUST-42351,TX,South Central,"$23,781.99 ",3/16/2025,3/16/2025,3/19/2025,4/18/2025,3,33,4,5.63,0,Yes,Yes, Low ,ADJ-1033,Senior,Team Echo,85,4.9
CLM-2025-02270,CNT-102270,CUST-83541,AZ,Southwest,"$7,680.85 ",7/18/2025,7/18/2025,7/18/2025,8/9/2025,0,22,4,2.62,0,No,No,Low,ADJ-1028,Standard,Team SouthTeam West,96.4,8.8
CLM-2025-02271,CNT-102271,CUST-78719,AZ,Southwest,"$66,136.92 ",9/25/2025,9/28/2025,9/28/2025,12/2/2025,0,65,6,N/A,2,No,No,High,ADJ-1060,Standard,Team SouthTeam West,87.7,7
CLM-2025-02272,CNT-102272,CUST-44000,GA,Southeast,"$1,865.11 ",4/28/2025,4/30/2025,4/27/2025,4/28/2025,-3,-2,1,1.44,0,Yes,No,Medium,ADJ-1015,Standard,Team Beta,92.3,7.6
CLM-2025-02273,CNT-102273,CUST-98607,CA,West,"$2,210.82 ",4/4/2025,13/32/2025,4/11/2025,4/26/2025,0,15,2,3.05,0,No,No,Medium,ADJ-1060,Standard,Team Team Central,92.2,N/A
CLM-2025-02274,CNT-102274,CUST-54342,AZ,Southwest,"$2,352.03 ",10/18/2025,10/19/2025,10/19/2025,10/23/2025,0,24,1,4.91,0,Yes,No, Low ,ADJ-1032,Standard,Team Beta,91.8,6.6
CLM-2025-02275,CNT-102275,CUST-43854,NM,Southwest,"$1,138.79 ",4/8/2025,4/10/2025,4/13/2025,4/28/2025,3,18,1,2.35,0,No,No,Medium,ADJ-1058,Specialist,Team SouthTeam West,92.3,5.7
CLM-2025-02276,CNT-102276,CUST-28827,AZ,Southwest,"$2,561.26 ",4/13/2025,4/13/2025,4/15/2025,5/24/2025,2,41,5,3.27,1,Yes,No,High,ADJ-1075,Standard,Team Echo,87.8,6.6
CLM-2025-02277,CNT-102277,UNKNOWN,WA,West,,2/6/2025,2/7/2025,2/9/2025,2/19/2025,,12,1,2.31,0,No,No,Medium,ADJ-1032,Standard,Team Team Alpha,94.3,6.4
CLM-2025-02278,CNT-102278,CUST-17662,NM,Southwest,"$6,270.25 ",3/11/2025,3/13/2025,3/13/2025,4/4/2025,0,-22,4,1.13,1,No,No,Medium,ADJ-1001,Standard,Team Team Alpha,93.4,7.7
CLM-2025-02279,CNT-102279,CUST-63345,CA,West,"$4,138.41 ",12/3/2025,12/5/2025,12/7/2025,1/12/2026,2,38,5,5.69,0,No,No,Low,ADJ-1065,Senior,Team SouthTeam West,95.9,
CLM-2025-02280,CNT-102280,CUST-39963,GA,Southeast,$847.41 ,3/23/2025,3/26/2025,3/26/2025,3/30/2025,0,4,1,1.60,0,No,No,Low,ADJ-1060,Trainee,Team Delta,93.3,9.6
CLM-2025-02281,CNT-102281,CUST-74713,UT,Mountain,"$14,728.02 ",5/8/2025,5/10/2025,5/11/2025,5/23/2025,1,13,2,3.70,1,No,Yes,Medium,ADJ-1064,Standard,Team Gamma,93.6,7.6
CLM-2025-02282,CNT-102282,CUST-93030,GA,Southeast,"$5,331.09 ",5/25/2025,5/25/2025,5/26/2025,6/15/2025,1,21,5,2.29,0,No,No,Medium,ADJ-1072,Specialist,Team SouthTeam West,89.9,8.1
CLM-2025-02283,CNT-102283,CUST-15860,AZ,Southwest,"$1,106.76 ",9/19/2025,9/20/2025,9/20/2025,10/19/2025,0,29,3,1.61,1,No,Yes,High,ADJ-1061,Standard,Team Beta,93.5,
CLM-2025-01945,CNT-101945,CUST-72850,CO,Mountain,"$1,524.20 ",2/9/2025,2/9/2025,2/9/2025,2/10/2025,0,1,1,1.37,1,No,No,Low,ADJ-1051,Standard,Team Team Central,92.8,9.5
CLM-2025-02285,CNT-102285,CUST-89603,CO,Mountain,"$3,583.86 ",3/6/2025,3/6/2025,3/3/2025,3/20/2025,-3,14,5,1.74,0,No,No,Low,ADJ-1052,Senior,Team Beta,87.9,7.7
CLM-2025-02286,CNT-102286,CUST-39052,FL,Southeast,"$6,886.15 ",11/7/2025,11/7/2025,11/7/2025,11/25/2025,0,18,4,3.93,0,Yes,No,Medium,ADJ-1037,Standard,Team Team Central,89.8,7.1
CLM-2025-02287,CNT-102287,CUST-94620,TX,South Central,$628.72 ,8/28/2025,8/31/2025,9/1/2025,9/7/2025,1,7,4,4.49,0,No,No,Low,ADJ-1080,Senior,Team Team West,100,7.9
CLM-2025-02288,CNT-102288,CUST-45926,TX,South Central,"$3,327.78 ",12/26/2025,12/26/2025,12/30/2025,N/A,4,37,4,5.49,2,No,Yes,Medium,ADJ-1018,Standard,Team Team West,95.1,5
CLM-2025-02289,CNT-102289,CUST-30834,TX,South Central,"$7,395.30 ",13/32/2025,10/11/2025,10/15/2025,11/23/2025,4,43,8,6.64,1,No,Yes,High,ADJ-1077,Specialist,Team Delta,,1.3
CLM-2025-02290,CNT-102290,CUST-90002,OR,West,"$1,109.79 ",5/9/2025,5/14/2025,5/14/2025,5/23/2025,0,9,4,2.22,0,No,No,,ADJ-1039,Standard,Team Beta,94,8.9
CLM-2025-02291,CNT-102291,CUST-75371,CO,Mountain,"$43,184.82 ",12/3/2025,12/4/2025,12/5/2025,1/27/2026,1,54,5,3.56,1,No,No,Low,ADJ-1061,Standard,Team SouthTeam West,91.5,8.3
CLM-2025-02292,CNT-102292,CUST-60879,CA,West,"$2,421.70 ",7/10/2025,7/12/2025,7/14/2025,7/23/2025,2,11,3,4.08,1, no ,No,Low,ADJ-1026,Trainee,Team Delta,93.6,6.4
CLM-2025-02293,CNT-102293,CUST-41223,GA,Southeast,"$46,885.00 ",12/24/2025,12/28/2025,12/30/2025,2/17/2026,2,51,4,3.24,0,No,No, Medium ,ADJ-1001,Standard,Team Team West,93.7,5.4
CLM-2025-02294,CNT-102294,CUST-91612,NV,Southwest,"$1,330.30 ",1/24/2025,1/24/2025,1/25/2025,2/7/2025,1,19,3,1.21,0,No,No,Medium,ADJ-1017,Standard,Team Delta,94.6,8
CLM-2025-02295,CNT-102295,CUST-66790,AR,Southwest,"$1,681.25 ",10/4/2025,10/4/2025,10/5/2025,10/10/2025,1,6,2,3.85,0,No,Yes,Low,ADJ-1035,Senior,Team Team West,83.4,6
CLM-2025-02296,CNT-102296,CUST-20983,NV,Southwest,$731.39 ,4/8/2025,4/9/2025,4/12/2025,5/1/2025,3,22,2,4.43,2,No,No,High,ADJ-1042,Specialist,Team Team Central,89.9,4.9
CLM-2025-02297,CNT-102297,CUST-42520,GA,Southeast,"$3,477.34 ",7/26/2025,7/27/2025,7/28/2025,8/14/2025,1,18,3,2.34,0,No,No,Medium,ADJ-1017,Specialist,Team Delta,92.1,7.5
CLM-2025-02298,CNT-102298,CUST-74928,CA,West,"$7,531.59 ",5/19/2025,5/19/2025,5/21/2025,6/14/2025,2,26,6,4.63,2,No,No,High,ADJ-1026,Senior,Team Beta,93.8,4.9
CLM-2025-02299,CNT-102299,CUST-58423,AZ,Southwest,,6/22/2025,6/23/2025,6/24/2025,7/14/2025,1,21 days,2,1.74,0,No,No,Medium,ADJ-1040,Standard,,94.1,8.7
CLM-2025-02300,CNT-102300,CUST-97051,FL,Southeast,"$12,724.03 ",11/13/2025,11/13/2025,11/16/2025,1/1/2026,3,49,6,4.13,1,No,No,High,ADJ-1021,Specialist,Team Beta,82.2,6.6
CLM-2025-02301,CNT-102301,CUST-55517,WA,West,"$14,904.10 ",5/13/2025,5/13/2025,5/14/2025,6/9/2025,1,27,2,4.27,0,No,No,Medium,ADJ-1063,Trainee,Team Delta,97.7,6.4
CLM-2025-02302,CNT-102302,CUST-90858,IL,Midwest,"$5,259.87 ",6/29/2025,6/30/2025,7/1/2025,7/13/2025,1,13,3,3.00,0,No,,Medium,ADJ-1021,Standard,Team Echo,92.9,6.2
CLM-2025-02303,CNT-102303,CUST-71375,WA,West,"$1,410.09 ",6/27/2025,6/27/2025,6/29/2025,7/21/2025,2,24 days,3,4.65,2,,Yes,High,ADJ-1029,Standard,Team Delta,76.6,5
CLM-2025-02304,CNT-102304,CUST-42268,CA,West,"$5,685.56 ",10/7/2025,10/9/2025,10/11/2025,10/24/2025,2,15,5,3.66,0,No,Yes,Low,ADJ-1033,Senior,Team Team West,91.9,6.2
CLM-2025-02305,CNT-102305,CUST-88850,WA,West,"$7,549.03 ",7/4/2025,7/8/2025,7/9/2025,7/22/2025,1,14,4,2.04,1,No,No,Low,ADJ-1063,Standard,Team Beta,90.9,8.7
CLM-2025-02306,CNT-102306,CUST-58455,WA,West,"$1,984.28 ",6/28/2025,,7/3/2025,7/20/2025,6,19,1,2.70,2,No,No,High,ADJ-1067,Senior,Team Beta,98.5,6.9
CLM-2025-02307,CNT-102307,CUST-11207,CA,West,"$22,251.15 ",6/29/2025,7/3/2025,7/4/2025,8/8/2025,1,36,,3.62,1, no ,No,Low,ADJ-1024,Trainee,Team Team West,91.4,6.8
CLM-2025-02308,CNT-102308,CUST-32970,CA,West,"$15,298.61 ",5/6/2025,5/7/2025,5/6/2025,6/5/2025,-1,29,5,3.67,0,No,No,Medium,ADJ-1067,Standard,Team Beta,95,7.1
CLM-2025-02309,CNT-102309,CUST-73413,CA,West,"$7,653.97 ",8/25/2025,8/25/2025,8/27/2025,9/18/2025,2,24,4,N/A,1,No,No,Medium,ADJ-1049,Senior,Team Team Alpha,86.8,6.9
CLM-2025-02310,CNT-102310,CUST-13203,TX,South Central,"$1,878.65 ",,9/26/2025,9/30/2025,9/27/2025,4,1,3,5.08,2,No,Yes,Medium,ADJ-1060,Senior,Team Team West,87.9,5.5
CLM-2025-02311,CNT-102311,CUST-65653,TX,South Central,"$7,652.00 ",3/23/2025,3/26/2025,3/28/2025,4/27/2025,2,32,6,4.49,1,No,No,Low,ADJ-1069,Standard,Team Team Alpha,97.7,7.9
CLM-2025-02312,CNT-102312,CUST-79430,CO,Mountain,$571.31 ,9/19/2025,9/19/2025,9/20/2025,10/7/2025,1,18,1,1.77,1,No,No,Low,ADJ-1006,Standard,Team Team Central,95.6,9.9
CLM-2025-02313,CNT-102313,CUST-39253,FL,Southeast,"$2,496.36 ",1/7/2025,1/11/2025,1/12/2025,1/30/2025,1,19,2,2.05,0,No,No,Low,ADJ-1074,Specialist,Team Echo,100,8.9
CLM-2025-02314,CNT-102314,CUST-95327,IL,Midwest,"$17,723.73 ",8/21/2025,8/22/2025,8/24/2025,9/21/2025,2,30 days,2,4.38,1,No,No,Low,ADJ-1072,Senior,Team Team Alpha,90.1,6.4
CLM-2025-02315,CNT-102315,CUST-45512,AZ,Southwest,"$8,737.49 ",11/17/2025,11/21/2025,11/22/2025,1/8/2026,1,48,7,4.01,2,No,No,Medium,ADJ-1067,Senior,Team SouthTeam West,92.1,9.2
CLM-2025-02316,CNT-102316,CUST-77921,FL,Southeast,"$5,189.75 ",5/17/2025,5/18/2025,5/20/2025,6/9/2025,2,22,4,2.17,0,No,No,Low,ADJ-1016,Trainee,Team SouthTeam West,100,6.5
CLM-2025-02317,CNT-102317,CUST-69583,TX,South Central,"$1,518.77 ",12/1/2025,12/5/2025,12/7/2025,12/14/2025,2,9,3,4.60,2,Yes,No,High,ADJ-1072,Senior,Team Team West,93.3,6.6
CLM-2025-02318,CNT-102318,CUST-52357,TX,South Central,"$2,214.33 ",8/10/2025,8/14/2025,8/16/2025,9/28/2025,2,45,5,6.15,1,No,No,High,ADJ-1028,Senior,Team Team Alpha,86.5,5.5
CLM-2025-02319,CNT-102319,CUST-60953,OR,West,"$1,866.27 ",6/22/2025,6/26/2025,6/29/2025,7/11/2025,3,15,6,3.53,N/A,No,No,Low,ADJ-1068,Standard,Team Team Central,94.7,7.3
CLM-2025-02320,CNT-102320,CUST-61039,TX,South Central,"$1,289.13 ",7/1/2025,7/2/2025,7/6/2025,7/21/2025,4,19,3,5.60,1,Yes,,High,,Standard,Team SouthTeam West,75.4,4.8
CLM-2025-02321,CNT-102321,CUST-12558,OR,West,"$3,234.06 ",1/22/2025,1/24/2025,1/26/2025,2/14/2025,2,21,2,1.38,1,No,No,Medium,ADJ-1008,Standard,Team Team West,96.9,5.9
CLM-2025-02322,CNT-102322,CUST-32091,NM,Southwest,"$6,621.76 ",1/8/2025,1/9/2025,1/9/2025,1/28/2025,0,19,3,2.88,0,Yes,Yes,Low,ADJ-1017,Specialist,Team Gamma,80.7,7.2
CLM-2025-02323,CNT-102323,CUST-89240,IL,Midwest,"$7,600.33 ",8/1/2025,8/1/2025,8/2/2025,8/31/2025,1,30,5,2.04,0,No,No,Low,ADJ-1027,Standard,Team Beta,98.8,7.9
CLM-2025-01879,CNT-101879,CUST-21216,CA,West,$719.11 ,6/2/2025,6/6/2025,6/6/2025,6/18/2025,0,12,3,4.32,1,No,No,Medium,ADJ-1040,Trainee,Team Delta,89.7,6.6
CLM-2025-02325,CNT-102325,CUST-42194,OR,West,"$55,304.76 ",1/8/2025,1/11/2025,1/13/2025,2/28/2025,2,48,5,2.53,0,No,No,Medium,ADJ-1058,Standard,Team Gamma,91.5,7.7
CLM-2025-02326,CNT-102326,CUST-13955,CA,West,$676.27 ,6/25/2025,6/29/2025,7/1/2025,7/20/2025,2,21,4,3.98,0,No,No,Low,ADJ-1007,Senior,Team Gamma,97.1,6.4
CLM-2025-02327,CNT-102327,CUST-72177,NV,Southwest,$752.19 ,3/23/2025,3/23/2025,3/26/2025,4/3/2025,3,11,1,2.62,0,No,Yes,Medium,ADJ-1076,Senior,Team Delta,86.1,7.6
CLM-2025-02328,CNT-102328,CUST-57786,NM,Southwest,"$2,058.13 ",3/19/2025,3/19/2025,3/22/2025,4/4/2025,3,16,4,3.00,0,No,No,Medium,ADJ-1027,Standard,Team Team Alpha,97.4,7.2
CLM-2025-02329,CNT-102329,CUST-16322,AZ,Southwest,"$6,549.05 ",3/11/2025,3/11/2025,3/13/2025,3/31/2025,2,20,3,1.26,0,No,No,Medium,ADJ-1003,Specialist,Team Team Central,91.6,7.5
CLM-2025-02330,CNT-102330,CUST-41165,AR,Southwest,"$59,190.29 ",5/18/2025,5/19/2025,5/19/2025,7/9/2025,0,51,3,2.12,1,No,Yes,High,ADJ-1023,Senior,Team Echo,90,7.6
CLM-2025-02331,CNT-102331,CUST-46383,CO,Mountain,$659.95 ,2/21/2025,2/22/2025,2/25/2025,3/4/2025,3,10,1,2.29,0,No,No,Medium,ADJ-1019,Standard,Team SouthTeam West,94.5,7.6
CLM-2025-02332,CNT-102332,CUST-54722,OR,West,"$2,576.33 ",3/29/2025,3/29/2025,3/29/2025,4/16/2025,0,18,3,3.13,1,No,No,Low,ADJ-1013,Senior,Team Echo,88.9,7.7
CLM-2025-02333,CNT-102333,CUST-37792,UT,Mountain,"$7,218.56 ",1/8/2025,1/11/2025,1/10/2025,2/5/2025,-1,25,4,2.85,0,No,No,Medium,ADJ-1044,Standard,Team Delta,90.8,7.3
CLM-2025-02334,CNT-102334,CUST-15016,CA,West,"$5,177.97 ",6/27/2025,6/29/2025,7/3/2025,7/18/2025,4,19,2,3.52,0,No,No,Low,ADJ-1030,Standard,Team Team Central,88.4,6.5
CLM-2025-02335,CNT-102335,CUST-18890,TX,South Central,"($2,572.96)",5/3/2025,5/7/2025,5/10/2025,6/16/2025,3,40,9,5.52,1,No,No,High,ADJ-1054,Trainee,Team Team West,83.9,5
CLM-2025-01538,CNT-102336,CUST-10242,NV,Southwest,"$5,037.40 ",8/5/2025,8/7/2025,8/4/2025,8/29/2025,-3,22,3,4.26,0,Yes,No,Medium,ADJ-1011,Specialist,Team Gamma,92.8,6.2
CLM-2025-02337,CNT-102337,CUST-14806,TX,South Central,"$19,375.72 ",10/28/2025,10/28/2025,10/31/2025,12/27/2025,3,60,10,8.97,3,Yes,Yes,High,ADJ-1053,Senior,Team Echo,81,2.2
CLM-2025-02338,CNT-102338,CUST-82129,NV,,"$5,314.31 ",1/15/2025,1/17/2025,1/20/2025,2/21/2025,3,35,3,3.41,0,No,,Medium,ADJ-1049,Senior,Team Delta,91.2,6.2
CLM-2025-02339,CNT-102339,CUST-10239,WA,West,"$22,201.24 ",12/13/2025,12/15/2025,12/16/2025,1/17/2026,1,33,4,3.32,0,No,No,Low,ADJ-1057,Senior,Team Beta,91.1,6.7
CLM-2025-02340,CNT-102340,CUST-71370,UT,Mountain,"$4,428.12 ",10/3/2025,10/6/2025,10/8/2025,11/4/2025,2,29,5,2.26,1,No,No,Medium,ADJ-1003,Standard,Team Team Alpha,91.3,7.4
CLM-2025-02341,CNT-102341,CUST-43186,FL,Southeast,"$7,024.19 ",6/27/2025,6/30/2025,7/2/2025,7/23/2025,2,23,4,4.10,0,No,No,Low,ADJ-1070,Standard,Team Beta,98.8,5.7
CLM-2025-02342,CNT-102342,CUST-86354,FL,Southeast,"$5,469.80 ",7/25/2025,7/26/2025,7/28/2025,7/24/2025,2,-2,6,1.67,2,No,No,High,ADJ-1072,Specialist,Team Delta,87.5,6.5
CLM-2025-02343,CNT-102343,CUST-78525,TX,South Central,$925.98 ,12/8/2025,12/8/2025,12/10/2025,12/9/2025,2,1,1,3.76,2,No,No,Low,ADJ-1011,Standard,Team Team Central,,7.8
CLM-2025-02344,CNT-102344,CUST-92140,CO,Mountain,,11/24/2025,11/26/2025,11/28/2025,12/25/2025,2,29,5,3.31,1,No,No,Low,ADJ-1061,Senior,Team Team Alpha,91.8,5.8
CLM-2025-00199,CNT-100199,CUST-99575,WA,West,"$15,821.38 ",10/10/2025,10/10/2025,10/13/2025,12/2/2025,3,53,7,4.00,1,No,Yes,High,ADJ-1062,Specialist,Team Team West,86.5,4.1
CLM-2025-02346,CNT-102346,CUST-50221,AZ,Southwest,"$2,322.00 ",6/28/2025,6/30/2025,7/2/2025,7/23/2025,2,43 days,3,2.05,3,No,No,,ADJ-1009,Senior,Team Beta,97.7,7.1
CLM-2025-02347,CNT-102347,CUST-96759,CO,Mountain,"$8,462.81 ",3/30/2025,3/30/2025,4/2/2025,4/19/2025,3,20,6,1.08,1,No,No,Low,ADJ-1039,Senior,Team Gamma,87.7,6.8
CLM-2025-02348,CNT-102348,CUST-83432,FL,Southeast,$853.58 ,1/25/2025,1/25/2025,1/27/2025,1/26/2025,2,1,1,1.39,0,No,Yes,Medium,ADJ-1021,Trainee,Team Delta,85.3,7.2
CLM-2025-02349,CNT-102349,CUST-86042,IL,Midwest,"$2,361.45 ",12/27/2025,12/30/2025,1/1/2026,1/24/2026,2,25,4,3.93,0,No,No, Medium ,ADJ-1014,Trainee,Team Delta,93.8,7.9
CLM-2025-02350,CNT-102350,CUST-19698,GA,Southeast,"$6,086.95 ",3/27/2025,3/27/2025,4/1/2025,4/18/2025,5,22,4,4.71,0,No,Yes,Medium,ADJ-1079,Senior,Team Team Central,89.4,3.6
CLM-2025-02351,CNT-102351,CUST-64098,CA,Unknown,"$3,462.09 ",7/16/2025,7/17/2025,7/19/2025,7/30/2025,2,13,6,4.12,0,No,No,Medium,ADJ-1078,Trainee,Team SouthTeam West,81.1,5.2
CLM-2025-02352,CNT-102352,CUST-29261,AZ,Southwest,"$72,661.62 ",10/12/2025,10/13/2025,10/15/2025,12/12/2025,2,60,7,4.00,0,No,No,Medium,ADJ-1014,Standard,Team Beta,93.1,6.6
CLM-2025-02353,CNT-102353,CUST-39409,NV,Southwest,"$1,955.91 ",9/9/2025,,9/13/2025,10/1/2025,-2,20,3,2.90,0,No,No,High,ADJ-1029,Standard,Team Team Central,84.3,5.9
CLM-2025-02354,CNT-102354,CUST-20400,IL,Midwest,"$20,599.67 ",6/17/2025,6/17/2025,6/19/2025,7/26/2025,2,39,5,3.24,2,No,Yes,Medium,ADJ-1054,Standard,Team SouthTeam West,91.8,7.2
CLM-2025-02355,CNT-102355,CUST-29673,IL,Midwest,,11/23/2025,11/25/2025,11/25/2025,12/12/2025,0,17,3,3.41,1,No,No,Medium,ADJ-1055,Standard,Team Echo,91.6,8.1
CLM-2025-02356,CNT-102356,CUST-91079,GA,Southeast,"$2,462.05 ",11/3/2025,11/3/2025,11/5/2025,11/30/2025,2 days,27,6,5.56,0,No,No,Moderate,ADJ-1077,Trainee,Team SouthTeam West,99.8,5.7
CLM-2025-02357,CNT-102357,CUST-88374,CO,Mountain,"$64,126.05 ",2/4/2025,2/6/2025,2/8/2025,4/13/2025,2,66,5,5.05,1,No,No,High,ADJ-1004,Specialist,Team Gamma,,5.3
CLM-2025-02358,CNT-102358,CUST-95396,FL,Southeast,$795.63 ,8/18/2025,8/20/2025,8/20/2025,8/29/2025,0,9,1,2.79,0,No,No,Medium,ADJ-1027,Senior,Team Team Central,90.1,8.9
CLM-2025-02359,CNT-102359,CUST-36035,CA,West,"$1,244.18 ",7/10/2025,7/11/2025,7/14/2025,7/31/2025,3,20,4,4.65,3,No,No,,ADJ-1048,Standard,Team Team West,-5,6.8
CLM-2025-02360,CNT-102360,CUST-57920,NM,Southwest,"$2,784.26 ",6/9/2025,6/12/2025,6/13/2025,6/21/2025,1,9,1,1.59,0,No,No,Low,ADJ-1057,Senior,Team Echo,100,7.5
CLM-2025-02361,CNT-102361,CUST-39917,AZ,Southwest,"$12,781.95 ",5/20/2025,5/20/2025,5/21/2025,6/18/2025,1,29,3,2.28,1,No,No,Low,ADJ-1028,Specialist,Team Beta,94.3,6.6
CLM-2025-02362,CNT-102362,CUST-40376,CO,Mountain,"$7,129.71 ",12/3/2025,12/3/2025,12/5/2025,12/23/2025,2,20,3,5.29,1,Yes,No,LOW,ADJ-1077,Trainee,Team Team Central,91.9,6.9
CLM-2025-02363,CNT-102363,CUST-98106,AZ,Southwest,"$1,320.47 ",10/19/2025,10/19/2025,10/22/2025,11/12/2025,3,24,6,3.65,1,No,No,Medium,ADJ-1052,Senior,Team Delta,85.8,6
CLM-2025-02364,CNT-102364,CUST-19071,UT,Mountain,"$32,008.78 ",5/13/2025,5/15/2025,5/17/2025,7/7/2025,2,53,2,2.05,0,No,No,Medium,ADJ-1015,Standard,Team Team Central,95.5,5.4
CLM-2025-02365,CNT-102365,CUST-39942,AZ,Southwest,"$4,517.69 ",10/12/2025,10/13/2025,10/16/2025,11/16/2025,3,34,7,4.59,0,No,No,Low,ADJ-1057,Specialist,Team Beta,95.3,5.7
CLM-2025-02366,CNT-102366,CUST-59615,IL,Midwest,"$1,226.39 ",11/16/2025,11/20/2025,11/20/2025,12/7/2025,0,17,3,4.69,0,No,No, Medium ,ADJ-1062,Standard,Team Team Central,86.2,8.5
CLM-2025-02367,CNT-102367,CUST-95386,TX,South Central,"$5,823.97 ",4/7/2025,4/10/2025,4/12/2025,5/3/2025,2,23,7,3.70,2,No,No,Low,ADJ-1007,Senior,Team Beta,94.6,6.9
CLM-2025-02368,CNT-102368,CUST-17152,IL,Midwest,"$2,958.52 ",11/6/2025,11/7/2025,11/8/2025,12/7/2025,1,30,3,4.00,1,No,No,Medium,ADJ-1012,Standard,Team SouthTeam West,91,7.6
CLM-2025-02369,CNT-102369,CUST-38199,IL,Midwest,$902.81 ,11/13/2025,11/15/2025,11/15/2025,12/4/2025,-2,19,4,4.23,0,Yes,No,Medium,ADJ-1064,Specialist,Team SouthTeam West,90.2,6.7
CLM-2025-02370,CNT-102370,CUST-45562,FL,Southeast,"$21,428.23 ",9/19/2025,9/21/2025,9/22/2025,11/7/2025,1,47,2,1.54,1,No,No,Medium,ADJ-1057,Specialist,Team Delta,100,6.8
CLM-2025-02371,CNT-102371,CUST-12487,IL,Midwest,"$34,605.94 ",6/23/2025,6/24/2025,6/26/2025,9/6/2025,2,74,4,3.53,0,No,No,Low,ADJ-1058,Standard,Team Team Alpha,100,6.6
CLM-2025-02372,CNT-102372,CUST-85592,NV,Southwest,"$1,124.21 ",4/3/2025,4/3/2025,4/4/2025,4/29/2025,1,26,3,3.47,1,No,No,Medium,ADJ-1058,Standard,Team Gamma,98.8,5.2
CLM-2025-02373,CNT-102373,CUST-18758,TX,South Central,"$1,394.69 ",7/14/2025,7/14/2025,7/15/2025,7/22/2025,1,8,3,2.79,0,No,No,Medium,ADJ-1042,Standard,Team Team Alpha,95.1,7.3
CLM-2025-02374,CNT-102374,CUST-84860,NM,Southwest,$461.83 ,13/32/2025,5/6/2025,5/6/2025,5/21/2025,0,15,1,0.20,0,No,Yes,High,ADJ-1066,Senior,Team Echo,92.2,8.9
CLM-2025-02375,CNT-102375,CUST-84803,WA,West,"$1,156.13 ",4/27/2025,4/30/2025,13/32/2025,5/24/2025,2,24,3,2.57,1,No,No,High,ADJ-1072,Senior,Team Gamma,97.3,8.5
CLM-2025-02376,CNT-102376,CUST-71538,CO,Mountain,"$1,594.50 ",1/10/2025,1/12/2025,1/14/2025,2/2/2025,2,21,4,3.00,0,No,No,High,ADJ-1014,Senior,Team Team West,97.6,6.5
CLM-2025-02377,CNT-102377,CUST-38473,AZ,Southwest,"$3,391.17 ",3/22/2025,3/22/2025,3/23/2025,4/10/2025,1,19,1,2.97,2,No,No,Moderate,ADJ-1064,Standard,Team Team Alpha,88.6,0
CLM-2025-02378,CNT-102378,CUST-75525,OR,West,"$2,826.37 ",4/14/2025,4/17/2025,4/17/2025,4/24/2025,0,7,1,2.20,1,No,No,Medium,ADJ-1006,Standard,Team SouthTeam West,88.3,7.3
CLM-2025-02379,CNT-102379,CUST-56985,NM,Southwest,"$42,740.60 ",7/5/2025,7/7/2025,7/9/2025,8/30/2025,2,54,4,2.81,1,No,Yes,High,ADJ-1062,Standard,Team Team Alpha,91.2,7.8
CLM-2025-02380,CNT-102380,CUST-13044,AZ,Southwest,"$71,182.91 ",10/24/2025,10/27/2025,10/28/2025,12/13/2025,1,N/A,6,3.20,0,No,No,Low,ADJ-1059,Specialist,Team SouthTeam West,83.2,6.7
CLM-2025-02381,CNT-102381,CUST-50625,TX,South Central,"$4,337.17 ",1/30/2025,1/30/2025,2/1/2025,2/16/2025,2,17,2,5.45,0,No,No,Low,ADJ-1049,Standard,Team Team West,89.1,6
CLM-2025-02382,,CUST-33398,FL,Southeast,"$2,266.22 ",2/1/2025,2/1/2025,2/2/2025,13/32/2025,N/A,13,1,3.74,2,No,No,High,ADJ-1011,Senior,Team Gamma,85.4,7.4
CLM-2025-02383,CNT-102383,CUST-99149,FL,Southeast,"$7,223.78 ",1/6/2025,1/8/2025,1/10/2025,2/6/2025,2,29,2,2.74,0,No,No,Low,ADJ-1070,Specialist,Team Team West,90.5,7.2
CLM-2025-02384,CNT-102384,CUST-95793,UT,Mountain,"$5,789.82 ",9/22/2025,9/24/2025,9/28/2025,10/14/2025,4,20,1,3.49,1,Yes,No,Low,ADJ-1079,Specialist,Team Gamma,88.8,5.5
CLM-2025-02385,CNT-102385,CUST-79490,CA,West,"$5,973.39 ",12/16/2025,12/16/2025,12/18/2025,1/18/2026,2,33,5,5.07,2,No,Yes,High,ADJ-1079,Standard,Team Beta,86.4,4.4
CLM-2025-02386,CNT-102386,CUST-31491,CA,West,"$2,000.94 ",5/15/2025,5/15/2025,5/17/2025,5/23/2025,-2,8,3,0.86,0,No,No,,ADJ-1003,Senior,Team Team Alpha,95.3,7.4
CLM-2025-02387,CNT-102387,CUST-83281,AZ,Southwest,"$1,284.41 ",11/6/2025,11/6/2025,11/9/2025,12/2/2025,3,26,5,4.88,0,,No,Medium,ADJ-1068,Standard,Team SouthTeam West,97.8,6.6
CLM-2025-02388,CNT-102388,CUST-13776,IL,Midwest,"$2,099.01 ",4/13/2025,4/16/2025,4/18/2025,4/28/2025,2,12,2,0.70,1,No,No,Low,,Senior,Team Team West,96.1,6.7
CLM-2025-02389,CNT-102389,CUST-25432,UT,Mountain,"$1,694.96 ",2/13/2025,2/13/2025,2/16/2025,3/3/2025,7,18,3,3.31,0,No,Yes,Medium,ADJ-1014,Standard,Team Team Alpha,91.1,
CLM-2025-02390,CNT-102390,CUST-77469,UT,Mountain,"$2,331.15 ",2/17/2025,2/19/2025,2/22/2025,3/12/2025,3,21,4,4.19,1, yes ,Yes,High,ADJ-1037,Standard,Team Beta,79.6,3.9
CLM-2025-02391,CNT-102391,CUST-39529,FL,Southeast,"$3,408.84 ",9/3/2025,9/4/2025,9/6/2025,,9,N/A,4,3.15,0,No,No,Medium,ADJ-1026,Trainee,Team SouthTeam West,96,6.5
CLM-2025-01801,CNT-102392,CUST-17577,TX,South Central,$646.43 ,2/12/2025,2/14/2025,2/17/2025,3/10/2025,3,24,4,6.08,1,No,Yes,High,ADJ-1004,Trainee,Team SouthTeam West,91.1,4.2
CLM-2025-02393,CNT-102393,CUST-58908,OR,West,"$6,164.17 ",6/22/2025,6/22/2025,6/22/2025,7/10/2025,0,18,1,2.73,0,No,No,Low,ADJ-1019,Senior,Team Team West,89.2,9
CLM-2025-02394,CNT-102394,CUST-62255,NV,Southwest,"$5,985.79 ",6/17/2025,6/18/2025,6/19/2025,6/30/2025,1,12,1,2.56,0,No,No,Low,ADJ-1047,Senior,Team Gamma,90.3,6.6
CLM-2025-02395,CNT-102395,CUST-40453,FL,Southeast,"$2,282.18 ",8/16/2025,8/19/2025,8/21/2025,9/4/2025,-1,16,3,3.87,0,No,No,Low,ADJ-1072,Standard,Team Beta,91,6.7
CLM-2025-02396,CNT-102396,CUST-33259,CA,West,"$15,878.33 ",11/12/2025,11/12/2025,11/15/2025,12/26/2025,3,44,9,6.00,1,Yes,No,High,ADJ-1028,Senior,Team Echo,88.9,4.5
CLM-2025-02397,CNT-102397,CUST-11349,FL,Southeast,"$1,680.19 ",5/28/2025,5/30/2025,6/1/2025,7/1/2025,2,32,3,2.73,0,Yes,No,High,ADJ-1070,,Team Echo,83.9,5.7
CLM-2025-02398,CNT-102398,CUST-10238,CO,Mountain,"$20,795.80 ",7/6/2025,7/6/2025,7/6/2025,8/19/2025,0,44,3,3.92,1,Yes,No,High,ADJ-1061,Standard,Team Delta,89.5,5.6
CLM-2025-02399,CNT-102399,CUST-12322,CA,West,"$66,347.61 ",11/19/2025,11/21/2025,11/22/2025,1/20/2026,1,60,8,3.46,0,No,Yes,Low,ADJ-1068,Senior,Team Team Alpha,89,5.5
CLM-2025-02400,CNT-102400,CUST-89389,NV,Southwest,"$3,437.47 ",3/15/2025,3/17/2025,3/18/2025,4/4/2025,1,18,2,1.95,0,No,No,Low,ADJ-1017,Trainee,Team Team West,N/A,9
CLM-2025-02401,CNT-102401,CUST-74951,WA,West,$653.85 ,11/22/2025,11/25/2025,11/27/2025,11/30/2025,2,5,4,3.80,2,No,No,Low,ADJ-1066,Standard,Team Echo,88.2,N/A
CLM-2025-02402,CNT-102402,CUST-47453,CA,West,$629.36 ,1/4/2025,1/5/2025,1/6/2025,,1,15,1,3.31,1,No,No,Medium,ADJ-1033,Senior,Team Delta,88.7,5.3
CLM-2025-02403,CNT-102403,CUST-54902,CA,West,$544.36 ,9/22/2025,9/25/2025,9/27/2025,10/14/2025,2,19,1,2.62,1,No,No,Low,ADJ-1021,Standard,Team SouthTeam West,93.2,6.4
CLM-2025-02404,CNT-102404,CUST-63129,AZ,Southwest,"$3,393.19 ",3/3/2025,3/3/2025,3/3/2025,3/20/2025,0,17,4,3.30,0,No,No,Medium,ADJ-1022,Senior,Team Team Central,93.7,7.8
CLM-2025-02405,CNT-102405,CUST-55499,TX,South Central,"$62,088.31 ",6/4/2025,6/6/2025,6/7/2025,8/12/2025,1,67,8,5.53,0,No,No,Medium,ADJ-1025,Trainee,Team Delta,97.4,5.8
CLM-2025-02406,CNT-102406,CUST-33403,AZ,Southwest,"$17,391.75 ",3/24/2025,3/25/2025,3/27/2025,4/29/2025,2,35,5,0.48,0,No,No,Medium,ADJ-1043,Senior,Team Beta,92.2,6.7
CLM-2025-02407,CNT-102407,CUST-96132,GA,Southeast,,5/6/2025,5/8/2025,5/11/2025,6/14/2025,3,37,4,3.53,0,No,Yes, Low ,ADJ-1076,Standard,Team Echo,84.5,7.1
CLM-2025-02408,CNT-102408,CUST-71227,TX,South Central,"$2,014.42 ",9/14/2025,9/14/2025,9/15/2025,10/10/2025,1,26,5,6.52,3,No,Yes,High,ADJ-1079,Specialist,Team SouthTeam West,95.9,8
CLM-2025-02409,CNT-102409,CUST-22780,GA,Southeast,"$5,441.40 ",12/19/2025,12/20/2025,12/21/2025,1/9/2026,-1,20,3,1.69,1,No,No,Low,ADJ-1060,Trainee,Team Team West,93,8
CLM-2025-02410,CNT-102410,CUST-86054,FL,Southeast,"$5,546.85 ",10/7/2025,10/9/2025,10/10/2025,11/20/2025,1,42,6,4.43,0,No,No,High,ADJ-1054,Senior,Team Team Alpha,91.5,5.4
CLM-2025-02411,CNT-102411,CUST-13238,GA,Southeast,"$1,869.86 ",3/24/2025,3/24/2025,3/24/2025,13/32/2025,0,-8,4,2.25,0,No,No,low,ADJ-1017,Senior,Team Team Alpha,98.1,8.7
CLM-2025-02412,CNT-102412,CUST-12450,NV,Southwest,"$17,198.09 ",9/13/2025,,9/19/2025,10/26/2025,2,39,2,1.83,0,No,No,Low,ADJ-1076,Senior,Team Team West,90.1,6.8
CLM-2025-02413,CNT-102413,CUST-79099,NV,Southwest,"$4,555.72 ",5/3/2025,13/32/2025,5/6/2025,6/4/2025,3,32,3,3.79,0,No,No,Low,ADJ-1023,Senior,Team SouthTeam West,97.6,6.6
CLM-2025-02414,CNT-102414,CUST-52134,CA,West,"$6,535.84 ",2/20/2025,2/22/2025,2/23/2025,3/4/2025,1,10,1,3.02,1,No,No,Moderate,ADJ-1011,Standard,Team SouthTeam West,92.1,8.9
CLM-2025-02415,CNT-102415,CUST-21694,FL,Southeast,"$1,747.14 ",12/21/2025,12/21/2025,12/23/2025,1/16/2026,2,26 days,2,2.68,1,Yes,Yes,High,ADJ-1030,Standard,Team Echo,76.2,5.3
CLM-2025-02416,CNT-102416,CUST-42417,NV,Southwest,$534.46 ,6/19/2025,6/21/2025,6/22/2025,6/30/2025,-1,-1,1,3.19,1,No,No,Minor,ADJ-1005,Standard,Team SouthTeam West,96,6.6
CLM-2025-02417,CNT-102417,CUST-39573,NM,Southwest,"$1,320.67 ",1/10/2025,1/10/2025,1/11/2025,1/29/2025,1,19,3,2.66,0,No,No,Medium,,Standard,Team Beta,94,6.5
CLM-2025-02418,CNT-102418,CUST-91429,TX,South Central,"$7,003.21 ",8/31/2025,9/3/2025,9/4/2025,9/30/2025,1,27,3,3.83,1,Yes,No,Low,ADJ-1030,Trainee,Team Echo,86.7,6.8
CLM-2025-02419,CNT-102419,CUST-35490,TX,South Central,"$1,166.84 ",11/22/2025,11/22/2025,11/22/2025,12/12/2025,0,20,8,6.23,3,No,Yes,HIGH,ADJ-1076,Senior,Team Team Central,87.3,6
CLM-2025-02420,CNT-102420,CUST-87372,NV,Southwest,"$13,822.45 ",1/18/2025,1/19/2025,1/21/2025,2/14/2025,2,26,5,2.70,1,No,No,High,ADJ-1004,Standard,Team Beta,95.2,6.8
CLM-2025-02421,CNT-102421,CUST-32251,AZ,Southwest,"$14,832.39 ",3/1/2025,13/32/2025,3/3/2025,4/24/2025,1,53,6,3.31,1,No,No,High,ADJ-1060,Specialist,Team Beta,89.3,6.5
CLM-2025-02422,CNT-102422,CUST-65706,CA,West,"$7,048.08 ",3/19/2025,3/22/2025,3/23/2025,4/13/2025,1,22,4,3.86,0,Yes,No,Low,ADJ-1045,Trainee,Team Team Central,87.2,6.9
CLM-2025-02423,CNT-102423,UNKNOWN,CA,West,"$8,735.63 ",2/21/2025,N/A,2/25/2025,4/20/2025,1,55,6,5.74,1,No,No,High,ADJ-1052,Specialist,Team Echo,87.2,6.6
CLM-2025-02424,CNT-102424,CUST-39141,GA,Southeast,"$1,827.52 ",7/9/2025,7/9/2025,7/10/2025,7/17/2025,-1,N/A,2,2.87,0,No,Yes,medium,ADJ-1030,Trainee,Team Team Alpha,80.6,6.6
CLM-2025-02425,CNT-102425,CUST-28292,TX,Unknown,"$2,166.39 ",6/22/2025,6/24/2025,6/27/2025,7/7/2025,3,13,3,4.98,1,No,Yes,Medium,ADJ-1041,Senior,Team Team West,84.9,5.1
CLM-2025-02426,CNT-102426,CUST-13160,AZ,Southwest,$719.97 ,12/13/2025,12/13/2025,12/14/2025,12/28/2025,1 days,15,6,2.77,1,No,No,Low,ADJ-1077,Standard,Team Team West,96.6,7.4
CLM-2025-02427,CNT-102427,CUST-67911,NV,Southwest,"$30,308.11 ",,4/17/2025,4/18/2025,6/24/2025,-2,68,4,4.13,1,No,No,High,ADJ-1031,Standard,Team Team West,94.7,3.4
CLM-2025-02428,CNT-102428,CUST-26489,TX,South Central,,8/29/2025,8/30/2025,8/31/2025,10/3/2025,1,34,4,5.62,1,No,No,Medium,ADJ-1052,Standard,Team Team West,93.3,4.9
CLM-2025-02429,CNT-102429,CUST-18291,WA,West,N/A,1/3/2025,1/6/2025,1/9/2025,3/6/2025,3,59,6,3.70,0,No,No,High,ADJ-1043,Standard,Team Beta,87,5.2
CLM-2025-02430,CNT-102430,CUST-47590,TX,South Central,"$6,609.74 ",3/4/2025,3/4/2025,3/5/2025,4/3/2025,1,30,3,3.93,2,No,No,Medium,ADJ-1013,Trainee,Team Team Central,90.5,6
CLM-2025-02431,CNT-102431,CUST-68518,AZ,Southwest,"$1,992.39 ",4/23/2025,4/23/2025,4/25/2025,4/27/2025,2,,1,2.73,0,No,No,,ADJ-1054,Standard,Team SouthTeam West,100,6.3
CLM-2025-02432,CNT-102432,CUST-50239,CA,West,"$2,273.85 ",6/23/2025,6/26/2025,6/28/2025,7/1/2025,2,5,5,2.28,1,No,No,Low,ADJ-1019,Specialist,Team SouthTeam West,94.1,7.9
CLM-2025-02433,CNT-102433,CUST-96306,TX,South Central,"$7,714.82 ",12/26/2025,12/28/2025,12/31/2025,1/26/2026,3,29,3,5.03,0,No,No,Medium,ADJ-1034,Standard,,95.4,7
CLM-2025-02434,CNT-102434,CUST-99744,UT,Mountain,"$1,205.04 ",3/31/2025,3/31/2025,4/3/2025,4/21/2025,3,21,2,2.15,2,No,No,High,ADJ-1036,Standard,Team Team Alpha,87.4,6.8
CLM-2025-02435,CNT-102435,CUST-82393,NM,Southwest,"$7,157.11 ",7/22/2025,7/24/2025,7/26/2025,8/26/2025,2,33,4,3.87,2,No,Yes,High,ADJ-1060,Specialist,Team Delta,86.6,5.7
CLM-2025-02436,CNT-102436,CUST-66329,WA,West,"$4,478.00 ",1/7/2025,1/7/2025,1/10/2025,1/29/2025,3,22,6,3.23,0,No,Yes,Medium,ADJ-1005,Trainee,Team Gamma,80.6,6.3
CLM-2025-02437,CNT-102437,CUST-48953,NM,Southwest,,7/17/2025,7/17/2025,7/18/2025,8/4/2025,1,18,5,2.70,0,No,No,Low,ADJ-1075,Trainee,Team Delta,93.5,8
CLM-2025-02438,CNT-102438,CUST-33653,CO,Mountain,"$4,973.57 ",6/28/2025,6/29/2025,7/1/2025,7/20/2025,2,21,2,3.99,1,No,No,medium,ADJ-1016,Standard,Team Gamma,95.1,5.5
CLM-2025-02439,CNT-102439,CUST-99831,IL,Midwest,"$7,124.41 ",,5/19/2025,5/21/2025,6/13/2025,2,25,3,0.70,0,No,No,Low,ADJ-1002,Senior,Team Team West,96.4,7
CLM-2025-02440,CNT-102440,CUST-79327,GA,Southeast,"$2,199.11 ",8/16/2025,8/16/2025,8/16/2025,9/2/2025,0,17,2,1.68,0,No,,Low,ADJ-1009,Standard,Team SouthTeam West,95.6,7.8
CLM-2025-02441,CNT-102441,CUST-42464,NM,Southwest,"$2,284.85 ",8/30/2025,9/1/2025,9/2/2025,9/20/2025,1,19,4,4.22,1,No,No,High,ADJ-1037,Senior,Team Team Central,94.4,6.1
CLM-2025-02442,CNT-102442,CUST-33222,CO,Mountain,$959.78 ,,3/28/2025,3/29/2025,4/13/2025,1,16,2,2.25,2,No,,Medium,ADJ-1028,Standard,Team Team West,98.8,9.6
CLM-2025-02443,CNT-102443,CUST-15966,TX,South Central,"($12,633.98)",8/17/2025,8/22/2025,8/24/2025,9/30/2025,2,39,5,4.32,1,Yes,No,High,ADJ-1041,Senior,Team Echo,85.5,6.8
CLM-2025-02444,CNT-102444,CUST-14965,UT,Mountain,"$2,140.55 ",10/31/2025,11/1/2025,11/2/2025,13/32/2025,1,39,1,2.28,0,No,No,Medium,ADJ-1024,Standard,Team Gamma,98.7,6.9
CLM-2025-02445,CNT-102445,CUST-33092,CA,West,"$23,469.33 ",10/1/2025,10/1/2025,,11/4/2025,2,34,4,4.53,1,No,No,Medium,ADJ-1023,Senior,Team Echo,91.6,6.7
CLM-2025-02446,CNT-102446,CUST-77985,NV,Southwest,$983.93 ,4/8/2025,4/12/2025,,4/13/2025,0,1,1,2.62,2,No,No,Minor,ADJ-1034,Senior,Team Echo,100,7.7
CLM-2025-02447,CNT-102447,CUST-96458,OR,West,"$15,465.89 ",7/31/2025,8/2/2025,8/4/2025,9/13/2025,2,42,5,2.79,1,Yes,No,High,ADJ-1030,Senior,Team Delta,95,5.9
CLM-2025-02448,CNT-102448,CUST-32133,TX,South Central,"$36,170.41 ",2/3/2025,2/6/2025,2/7/2025,4/7/2025,1,,7,5.52,0,No,No,Medium,ADJ-1013,Senior,Team SouthTeam West,93.8,5.6
CLM-2025-02449,CNT-102449,CUST-15279,UT,Mountain,"$2,044.06 ",2/18/2025,2/19/2025,2/20/2025,3/12/2025,1,26,3,2.27,1,No,No,High,ADJ-1074,Senior,Team Delta,92.5,9
CLM-2025-02450,CNT-102450,CUST-25373,CO,Mountain,"$1,148.49 ",7/21/2025,7/23/2025,7/23/2025,8/1/2025,0,9,4,2.31,1,No,No,Low,ADJ-1030,Standard,Team Echo,N/A,8.1
CLM-2025-02451,CNT-102451,CUST-45285,TX,South Central,"$6,139.15 ",2/13/2025,2/15/2025,2/16/2025,3/5/2025,,18,6,5.55,1,No,Yes,Medium,ADJ-1047,Standard,Team Beta,85,5.3
CLM-2025-02452,CNT-102452,CUST-81165,IL,Midwest,"$5,882.07 ",1/20/2025,1/20/2025,1/21/2025,2/7/2025,3,38,5,1.59,0,No,No,Medium,ADJ-1065,Senior,Team Team West,93.8,8.1
CLM-2025-02453,CNT-102453,UNKNOWN,TX,South Central,"$6,547.45 ",1/26/2025,1/27/2025,1/29/2025,2/20/2025,N/A,24,3,3.85,1,No,No,Medium,ADJ-1012,Standard,Team Team Alpha,96.1,6.4
CLM-2025-02454,CNT-102454,CUST-77868,NV,Southwest,"$11,442.58 ",6/26/2025,6/26/2025,6/28/2025,8/11/2025,2,46,5,3.55,2,No,No,High,ADJ-1054,Specialist,Team Team Central,96.1,6.5
CLM-2025-02455,CNT-102455,CUST-82397,TX,South Central,"$1,387.26 ",5/10/2025,5/10/2025,5/13/2025,5/28/2025,3,18,6,5.60,0,Yes,No,Low,ADJ-1009,Trainee,Team Team West,84,5.5
CLM-2025-02456,CNT-102456,CUST-87445,AZ,Southwest,"$1,367.78 ",6/23/2025,6/24/2025,6/25/2025,6/25/2025,1,1,1,3.46,0,Yes,No,Low,ADJ-1034,Standard,Team SouthTeam West,84.8,6.4
CLM-2025-02457,CNT-102457,CUST-40448,CA,West,"$52,268.18 ",3/2/2025,3/5/2025,3/7/2025,5/1/2025,2,57,7,4.01,0,No,No,High,ADJ-1063,Senior,Team Gamma,94.5,6.4
CLM-2025-02458,CNT-102458,CUST-95261,AZ,Southwest,"$11,799.88 ",12/10/2025,12/13/2025,12/14/2025,1/13/2026,1,31,4,5.35,1,No,No,High,ADJ-1019,Trainee,Team Gamma,92.9,8.1
CLM-2025-01239,CNT-101239,CUST-77979,GA,Southeast,"$72,961.52 ",1/6/2025,N/A,1/7/2025,3/10/2025,1,63,6,3.06,0,No,No,Medium,ADJ-1001,Senior,Team Beta,93.5,5.8
CLM-2025-02460,CNT-102460,CUST-79699,WA,West,"$5,671.83 ",10/24/2025,10/24/2025,10/26/2025,11/11/2025,2,18,5,5.21,1,No,No,Medium,ADJ-1024,Trainee,Team Team Alpha,91.8,5.3
CLM-2025-02461,CNT-102461,CUST-57025,CO,Mountain,"$1,920.27 ",3/6/2025,3/7/2025,3/7/2025,3/9/2025,0,2,2,2.14,0,No,No,Low,ADJ-1049,Senior,Team SouthTeam West,93.2,6.9
CLM-2025-02462,CNT-102462,CUST-82286,AZ,Southwest,"$14,258.00 ",5/29/2025,6/2/2025,6/4/2025,7/14/2025,2,42,,2.71,0,No,No,Medium,ADJ-1067,Senior,Team SouthTeam West,88.7,6.2
CLM-2025-02463,CNT-102463,CUST-40288,CA,West,"$6,350.95 ",8/11/2025,8/15/2025,8/18/2025,9/21/2025,3,-37,2,5.14,3,No,No,High,ADJ-1074,Senior,Team Team Alpha,98.8,4.8
CLM-2025-02464,CNT-102464,CUST-23688,CA,West,"$4,724.09 ",12/3/2025,12/3/2025,12/7/2025,12/28/2025,4,25,5,3.98,1,No,No, Low ,ADJ-1046,Senior,Team Team West,92.1,5.9
CLM-2025-02465,CNT-102465,CUST-88316,CA,West,"$51,766.31 ",10/8/2025,10/9/2025,10/11/2025,12/31/2025,2,83,11,5.30,2,No,No,High,ADJ-1039,Senior,Team Team Central,92.4,6
CLM-2025-02466,CNT-102466,CUST-16699,CA,West,"$22,158.26 ",4/27/2025,,5/4/2025,6/8/2025,2,37,5,4.38,1,No,No,Medium,ADJ-1065,Standard,Team Echo,91.2,5.3
CLM-2025-02467,CNT-102467,CUST-33624,IL,Midwest,"$7,600.97 ",6/4/2025,6/4/2025,6/5/2025,7/4/2025,1,,1,2.31,0,No,Yes,Medium,ADJ-1055,,Team Team Central,96.6,7.1
CLM-2025-02468,CNT-102468,CUST-94198,NM,Southwest,,10/20/2025,,10/22/2025,11/12/2025,2,23,3,3.54,0,Yes,No,Low,ADJ-1050,Senior,Team Gamma,89.2,N/A
CLM-2025-02469,CNT-102469,CUST-97982,NV,Southwest,"$1,637.57 ",7/10/2025,7/10/2025,7/10/2025,7/16/2025,0,6,2,2.41,0,No,No,Low,ADJ-1032,Trainee,Team Team West,95.9,8.8
CLM-2025-02470,CNT-102470,CUST-92705,GA,Southeast,"$3,866.29 ",11/16/2025,11/19/2025,11/19/2025,12/18/2025,0,29,5,4.28,2,No,No,Medium,ADJ-1060,Specialist,Team Echo,94.6,6.9
CLM-2025-02471,CNT-102471,CUST-82331,CA,West,"$17,325.78 ",10/2/2025,10/3/2025,10/4/2025,11/10/2025,1,38,6,3.85,2,No,No,Medium,ADJ-1007,Senior,Team Beta,100,6.5
CLM-2025-02472,CNT-102472,CUST-51985,AZ,Southwest,$934.66 ,8/2/2025,8/5/2025,8/5/2025,8/13/2025,0,8,4,1.72,1,No,No,Medium,ADJ-1067,Specialist,Team Team West,97.7,7.3
CLM-2025-02473,,CUST-82754,TX,South Central,"$1,133.59 ",12/23/2025,12/25/2025,12/27/2025,1/19/2026,2,25,N/A,5.96,0,No,No,Low,ADJ-1032,Standard,Team Team Central,91.7,4.7
CLM-2025-02474,CNT-102474,CUST-51507,CO,Mountain,"$1,178.18 ",3/27/2025,3/27/2025,3/27/2025,3/28/2025,0,1,2,2.52,0,No,Yes,Low,ADJ-1021,Standard,Team Gamma,88.5,6
CLM-2025-02475,CNT-102475,CUST-64236,CA,West,"$5,891.07 ",12/11/2025,12/12/2025,12/14/2025,1/13/2026,2,32,4,4.52,0,No,No,Medium,ADJ-1078,Specialist,Team Team West,96.3,6
CLM-2025-02476,CNT-102476,CUST-72137,CA,West,N/A,11/14/2025,11/18/2025,11/20/2025,12/13/2025,2,N/A,4,3.07,1,No,No,Medium,ADJ-1073,Senior,Team Beta,85.1,7.2
CLM-2025-02477,CNT-102477,CUST-39079,AZ,Southwest,"$6,956.54 ",8/19/2025,8/22/2025,8/24/2025,9/6/2025,2,15,3,2.47,0, no ,No,Low,ADJ-1077,Senior,Team Delta,92.2,N/A
CLM-2025-02478,CNT-102478,CUST-58998,UT,Mountain,"$9,162.84 ",12/9/2025,12/9/2025,12/11/2025,1/30/2026,2,52,6,3.94,2,No,No,High,ADJ-1079,Standard,Team SouthTeam West,92.8,5.6
CLM-2025-02479,CNT-102479,CUST-71118,TX,South Central,"$17,897.03 ",9/21/2025,9/21/2025,9/24/2025,11/9/2025,3,49,6,5.56,1,No,Yes,High,ADJ-1034,Senior,Team SouthTeam West,87.8,3.9
CLM-2025-02480,CNT-102480,CUST-53232,TX,South Central,"$28,693.53 ",10/1/2025,10/1/2025,10/4/2025,12/10/2025,3,70,N/A,6.87,3,No,Yes,High,ADJ-1070,Senior,Team Beta,83.5,3
CLM-2025-02481,CNT-102481,CUST-74927,IL,Midwest,$912.52 ,5/21/2025,5/21/2025,5/22/2025,5/27/2025,1,6,1,1.72,0,No,,Low,ADJ-1038,Senior,Team Team Alpha,90.7,7.2
CLM-2025-02482,CNT-102482,CUST-36464,NM,Southwest,"$2,156.75 ",12/24/2025,12/25/2025,12/27/2025,13/32/2025,2,17,3,3.00,1,No,No,High,ADJ-1046,Senior,Team Gamma,91.1,5.8
CLM-2025-02483,CNT-102483,CUST-54730,FL,Southeast,"$2,898.16 ",4/4/2025,4/4/2025,4/5/2025,4/18/2025,1,14 days,3,2.37,1,No,No,Medium,ADJ-1035,Senior,Team Delta,92.2,7.3
CLM-2025-02484,CNT-102484,CUST-62200,AZ,Southwest,$536.03 ,3/30/2025,4/1/2025,4/1/2025,4/15/2025,0,4,3,2.73,0,No,No,Medium,ADJ-1061,Senior,Team Echo,95.8,7.3
CLM-2025-02485,CNT-102485,CUST-51021,IL,Midwest,"$7,736.35 ",4/23/2025,,4/24/2025,5/12/2025,1,19,1,0.20,0,No,No,Low,ADJ-1004,Senior,Team Team Central,85.2,8.6
CLM-2025-02486,CNT-102486,CUST-86344,CA,West,"$2,386.35 ",12/22/2025,12/26/2025,12/28/2025,1/5/2026,2,10,4,5.00,0,No,,Low,ADJ-1034,Senior,Team Beta,93.6,5
CLM-2025-02487,CNT-102487,CUST-52267,NM,Southwest,"$2,521.35 ",11/10/2025,11/12/2025,11/14/2025,12/22/2025,-2,40,3,3.50,0,No,No,Medium,ADJ-1031,Senior,Team SouthTeam West,95.8,7.1
CLM-2025-02488,CNT-102488,CUST-67875,TX,South Central,"$4,276.34 ",7/17/2025,7/19/2025,7/20/2025,7/27/2025,1,8,2,3.22,1,No,No,Low,,Trainee,Team Team Alpha,94.3,6.9
CLM-2025-02489,CNT-102489,CUST-42332,AZ,Southwest,"$24,546.65 ",12/12/2025,12/14/2025,12/15/2025,1/15/2026,1,32,6,4.23,0,No,No,Low,ADJ-1061,Senior,Team Echo,92,6.9
CLM-2025-01894,CNT-102490,CUST-69419,CA,West,"$1,976.33 ",3/21/2025,3/23/2025,3/27/2025,4/21/2025,4,29,3,3.75,0,Yes,No,High,ADJ-1038,Senior,Team Team West,85.3,5.7
CLM-2025-02491,CNT-102491,CUST-93900,CO,Mountain,"$2,401.10 ",11/25/2025,11/29/2025,11/30/2025,12/8/2025,1,9,3,2.85,2,No,No,High,ADJ-1074,Senior,Team Team Central,96.2,8.3
CLM-2025-02492,CNT-102492,CUST-51309,FL,Southeast,"$5,193.09 ",3/13/2025,3/19/2025,,4/26/2025,3,38,5,4.77,,No,No,High,ADJ-1037,Standard,Team Team West,87,5.3
CLM-2025-02493,CNT-102493,CUST-58748,CA,West,"$1,857.85 ",12/21/2025,12/21/2025,12/25/2025,1/8/2026,4,18,5,4.21,0,No,No,Medium,ADJ-1079,Senior,Team SouthTeam West,95.6,4.2
CLM-2025-02494,CNT-102494,CUST-25238,AZ,Southwest,"$21,408.89 ",3/7/2025,3/11/2025,3/12/2025,4/22/2025,1,42,4,2.36,0,No,No,Medium,ADJ-1080,Senior,Team SouthTeam West,98.5,6.6
CLM-2025-02495,CNT-102495,CUST-51987,IL,Midwest,"$3,342.10 ",8/3/2025,8/3/2025,8/4/2025,,1,26,6,2.47,0,No,No,Medium,ADJ-1043,Senior,Team Team Central,99.5,8.2
CLM-2025-02496,CNT-102496,CUST-97407,AZ,Southwest,$973.06 ,6/5/2025,6/7/2025,6/10/2025,6/22/2025,3,-15,4,2.74,2,No,No,High,ADJ-1052,Senior,Team Team Alpha,94.2,6.7
CLM-2025-02497,CNT-102497,CUST-40326,GA,Southeast,"$14,931.16 ",8/19/2025,8/22/2025,8/24/2025,10/1/2025,2,40,4,4.00,0,No,Yes,Medium,ADJ-1072,Standard,Team Team Alpha,92.7,6.2
CLM-2025-02498,CNT-102498,CUST-92836,NV,Southwest,"$21,287.45 ",3/11/2025,3/11/2025,3/12/2025,4/14/2025,1,34,4,2.63,1,No,No,Low,ADJ-1028,Standard,Team Echo,94.4,7
CLM-2025-02499,CNT-102499,CUST-13527,AR,Southwest,"$1,167.24 ",1/23/2025,,1/24/2025,2/20/2025,0,27,5,4.58,0,No,Yes,High,ADJ-1047,Senior,Team Gamma,89.5,6.2
CLM-2025-02500,CNT-102500,CUST-19879,IL,Midwest,"$3,878.91 ",8/27/2025,8/27/2025,8/27/2025,9/6/2025,0,10,3,1.91,0,No,No,,ADJ-1002,Standard,Team Echo,97.9,6.6
CLM-2025-02501,CNT-102501,CUST-97869,CA,Unknown,"$6,874.46 ",6/16/2025,6/19/2025,6/21/2025,7/12/2025,2,23,3,4.50,0,No,No,Medium,ADJ-1069,Trainee,Team Echo,95.2,6
CLM-2025-02502,CNT-102502,CUST-11843,CA,West,"$14,746.19 ",12/24/2025,12/26/2025,12/30/2025,2/8/2026,4,44,6,4.42,2,No,No,High,ADJ-1047,Standard,Team Gamma,90.1,4.2
CLM-2025-02503,CNT-102503,CUST-31888,FL,Southeast,"$5,264.49 ",2/11/2025,2/11/2025,2/14/2025,3/19/2025,3,36,5,2.90,,,Yes,High,ADJ-1067,Standard,Team Echo,81.6,5.7
CLM-2025-02504,CNT-102504,CUST-80454,NM,Southwest,"$1,986.65 ",,2/18/2025,,2/26/2025,0,8,,2.95,0,No,No,Low,ADJ-1020,Senior,Team Delta,90.2,6.4
CLM-2025-02505,CNT-102505,CUST-16731,TX,South Central,"$7,890.03 ",2/26/2025,3/2/2025,3/3/2025,4/9/2025,1,38,4,4.61,2,No,No,High,ADJ-1013,Senior,Team Gamma,94.1,5.4
CLM-2025-02506,CNT-102506,CUST-60593,UT,Mountain,$960.49 ,5/16/2025,5/16/2025,5/18/2025,6/3/2025,2,18,2,2.26,0,No,No,Medium,ADJ-1070,Specialist,Team Team West,92.6,8
CLM-2025-02507,CNT-102507,CUST-97277,NV,Southwest,"$5,245.31 ",6/10/2025,6/11/2025,6/12/2025,7/7/2025,1,26,4,3.23,0,Yes,No,Low,ADJ-1026,Senior,Team Delta,86.3,5.9
CLM-2025-02508,CNT-102508,CUST-29151,FL,Southeast,"$5,564.89 ",11/17/2025,11/20/2025,11/21/2025,12/14/2025,1,24,3,3.22,1,No,No,High,ADJ-1030,Standard,Team Central,92.4,6.2
CLM-2025-02509,CNT-102509,CUST-45617,CO,Mountain,$753.33 ,2/26/2025,3/1/2025,3/2/2025,3/4/2025,1,3,1,0.48,1,No,No,Medium,ADJ-1061,Senior,Team Team Central,93.7,9
CLM-2025-02510,CNT-102510,CUST-22687,UT,Mountain,"$7,132.09 ",3/10/2025,13/32/2025,3/18/2025,4/20/2025,2,35,5,3.67,0,No,No,Low,ADJ-1026,Standard,Team Team Alpha,95.1,6.4
CLM-2025-02511,CNT-102511,CUST-68266,IL,Midwest,"$2,480.39 ",12/2/2025,12/5/2025,N/A,12/7/2025,2,2,2,2.71,0,No,No,Medium,ADJ-1073,Trainee,Team SouthTeam West,100,7.5
CLM-2025-02512,CNT-102512,CUST-20527,CA,West,"$7,802.71 ",11/30/2025,12/1/2025,12/5/2025,N/A,4,26,2,2.89,0,No,No,Medium,ADJ-1037,Senior,Team Gamma,90,6.6
CLM-2025-02513,CNT-102513,UNKNOWN,FL,Southeast,"$4,781.64 ",5/27/2025,5/31/2025,5/31/2025,6/16/2025,0,16,3,2.96,0,No,No,Medium,ADJ-1039,Standard,Team Team Central,97.9,8.1
CLM-2025-02514,CNT-102514,CUST-79327,IL,Midwest,"$2,411.87 ",1/1/2025,1/1/2025,1/3/2025,1/19/2025,2 days,18,1,1.63,0,No,No,Medium,ADJ-1072,Standard,Team Team West,96.9,7.2
CLM-2025-02515,CNT-102515,CUST-62035,NV,Southwest,"$1,795.35 ",4/22/2025,4/26/2025,4/28/2025,5/8/2025,2,12,4,4.31,0,No,No,Low,ADJ-1041,,Team Gamma,87.7,6.2
CLM-2025-02516,CNT-102516,CUST-78531,TX,South Central,"$2,194.67 ",8/28/2025,9/1/2025,9/3/2025,9/8/2025,2,7,3,5.43,2,No,No, Medium ,ADJ-1028,Senior,Team Delta,91.8,7.1
CLM-2025-02517,CNT-102517,CUST-16458,GA,Southeast,"$2,387.04 ",,5/3/2025,5/4/2025,5/18/2025,1,15,3,3.29,0,No,No,Medium,ADJ-1023,Standard,Team Gamma,,8.3
CLM-2025-02518,CNT-102518,CUST-18105,CA,West,"$1,201.00 ",5/1/2025,5/3/2025,5/7/2025,5/19/2025,4,16,5,3.79,0,No,No,Medium,ADJ-1054,Senior,Team Team Alpha,90.5,6.8
CLM-2025-02519,CNT-102519,CUST-10894,NM,Southwest,"$8,161.31 ",1/18/2025,1/20/2025,1/20/2025,2/28/2025,0,39,4,4.15,0,,No,Medium,ADJ-1070,Trainee,Team Team West,91.7,5
CLM-2025-02520,CNT-102520,CUST-25541,AZ,Southwest,"$6,218.88 ",5/19/2025,5/20/2025,5/21/2025,6/21/2025,1,N/A,5,3.05,0,No,No,Medium,ADJ-1021,Standard,Team Team West,92.4,7.2
CLM-2025-02521,CNT-102521,CUST-60510,CA,West,"$17,730.98 ",12/30/2025,12/30/2025,12/31/2025,2/23/2026,1,55,7,3.36,0,No,No,Medium,ADJ-1078,Trainee,Team Team Alpha,100,6.1
CLM-2025-02522,CNT-102522,CUST-74457,TX,South Central,"$4,265.06 ",12/27/2025,1/1/2026,1/2/2026,1/25/2026,1,24,3,3.30,1,No,No,Low,ADJ-1026,Specialist,Team Beta,90.6,7
CLM-2025-02523,CNT-102523,CUST-59733,TX,South Central,"$1,953.61 ",8/14/2025,8/14/2025,8/17/2025,8/23/2025,3,9,3,3.15,0,No,No,Low,ADJ-1062,Senior,Team Team Central,87,N/A
CLM-2025-02524,CNT-102524,CUST-95803,TX,South Central,"$1,513.38 ",8/10/2025,8/11/2025,8/14/2025,8/27/2025,3,16,4,5.35,0,Yes,,Medium,ADJ-1004,Specialist,Team Echo,79.5,5.3
CLM-2025-02525,CNT-102525,CUST-20868,CA,West,"$2,577.42 ",12/10/2025,12/11/2025,12/13/2025,1/11/2026,2,31,4,4.83,1,No,No,High,ADJ-1039,Trainee,Team Team Central,94.1,7.1
CLM-2025-02526,CNT-102526,CUST-80492,TX,South Central,,11/23/2025,11/24/2025,11/29/2025,1/2/2026,5,39,7,9.36,3,No,Yes,High,ADJ-1071,Senior,Team Beta,87.1,2.3
CLM-2025-02527,CNT-102527,CUST-73963,FL,Southeast,"$7,669.00 ",7/31/2025,8/1/2025,8/1/2025,8/30/2025,0,29,4,1.53,0,No,No,Medium,ADJ-1060,Standard,Team Team Alpha,91.6,8.8
CLM-2025-02528,CNT-102528,CUST-26363,AZ,Southwest,($721.42),2/1/2025,2/4/2025,2/5/2025,3/10/2025,1,N/A,5,4.38,1,Yes,Yes,High,ADJ-1036,Standard,Team Team Central,89.4,5.3
CLM-2025-02529,CNT-102529,CUST-14664,OR,West,"$5,203.47 ",11/24/2025,11/26/2025,11/27/2025,12/6/2025,1,10,4,4.76,0,No,Yes,Low,ADJ-1069,Standard,Team Delta,85.1,5.2
CLM-2025-02530,CNT-102530,CUST-57717,GA,Southeast,"$1,656.93 ",12/30/2025,12/30/2025,12/31/2025,1/27/2026,1,28,4,3.59,1,Yes,No,High,ADJ-1011,Trainee,Team SouthTeam West,79.5,7.2
CLM-2025-02531,CNT-102531,CUST-30289,WA,West,$494.60 ,2/22/2025,2/22/2025,2/25/2025,3/14/2025,3,20,3,4.26,1,No,No,High,ADJ-1046,Standard,Team Team Alpha,86.4,6.6
CLM-2025-01293,CNT-102532,CUST-36692,AZ,Southwest,"$16,640.53 ",2/21/2025,2/22/2025,2/26/2025,3/26/2025,4,32,3,3.82,0,No,No,Low,ADJ-1072,Trainee,Team Gamma,93.1,4.8
CLM-2025-02533,CNT-102533,CUST-75777,WA,West,$980.62 ,4/21/2025,4/23/2025,4/23/2025,4/27/2025,0,4,1,2.80,1,No,No,Medium,ADJ-1007,Standard,Team Delta,92.9,7.2
CLM-2025-02534,CNT-102534,CUST-93324,IL,Midwest,"($2,032.82)",13/32/2025,4/6/2025,4/6/2025,4/22/2025,0,16,1,1.62,0,No,No,Medium,ADJ-1027,Senior,Team Team West,92.7,6.5
CLM-2025-02535,CNT-102535,CUST-60178,WA,West,"$1,108.52 ",11/12/2025,11/14/2025,11/15/2025,12/3/2025,1,19,4,3.79,0,No,No,Low,ADJ-1076,Standard,Team Delta,97,8.1
CLM-2025-02536,CNT-102536,CUST-14624,GA,Southeast,"$1,431.07 ",4/14/2025,4/18/2025,4/19/2025,5/6/2025,1,13,3,2.90,0,No,No,Medium,ADJ-1028,Trainee,Team SouthTeam West,92.2,8.1
CLM-2025-02537,CNT-102537,CUST-44837,UT,Mountain,"$6,126.92 ",9/17/2025,9/17/2025,9/20/2025,10/19/2025,3,32,3,2.72,1,No,No,High,ADJ-1035,Senior,Team SouthTeam West,89.4,6.6
CLM-2025-02538,CNT-102538,CUST-76014,FL,Southeast,"$6,364.43 ",3/30/2025,4/3/2025,4/5/2025,5/3/2025,2,50,4,3.28,0,No,No,Low,ADJ-1046,Trainee,Team Delta,88.1,6.8
CLM-2025-02539,CNT-102539,CUST-62679,TX,South Central,"$1,210.68 ",10/9/2025,10/12/2025,10/13/2025,10/29/2025,1,17,4,4.84,2,No,No,Medium,ADJ-1033,Standard,Team Delta,86.5,N/A
CLM-2025-02540,CNT-102540,CUST-97189,CA,West,"$3,637.83 ",10/17/2025,10/18/2025,10/20/2025,11/11/2025,2,24,3,4.08,1,No,No,Low,ADJ-1021,Standard,Team Beta,95.3,6.6
CLM-2025-02541,CNT-102541,CUST-65795,OR,West,"$6,235.61 ",3/7/2025,3/7/2025,3/8/2025,3/25/2025,1,18,3,,0,No,No,Medium,ADJ-1024,Specialist,Team Beta,96.6,6.4
CLM-2025-02542,CNT-102542,CUST-63506,CA,West,"$22,936.09 ",11/18/2025,11/20/2025,11/22/2025,12/20/2025,2,30,3,4.01,0,No,No,Medium,ADJ-1048,Senior,Team Gamma,94.6,7.4
CLM-2025-02543,CNT-102543,CUST-93132,CO,Mountain,"$6,351.96 ",9/20/2025,9/20/2025,9/22/2025,10/13/2025,2,23,3,6.00,1,No,No,Medium,ADJ-1049,Standard,Team SouthTeam West,89.8,6.4
CLM-2025-02544,CNT-102544,CUST-85586,IL,Midwest,"$6,965.20 ",11/3/2025,11/4/2025,11/8/2025,11/30/2025,4,26,4,2.19,0,No,No,Medium,ADJ-1055,Standard,Team Team West,-5,6.5
CLM-2025-02545,CNT-102545,CUST-77710,IL,Midwest,"$7,993.37 ",10/4/2025,10/4/2025,10/5/2025,10/23/2025,1,-19,3,4.41,0,No,No,Medium,ADJ-1003,Senior,Team SouthTeam West,90.9,5.7
CLM-2025-02546,CNT-102546,CUST-76564,CA,West,"$5,824.81 ",5/16/2025,5/17/2025,5/19/2025,6/24/2025,2,38,8,3.99,0,Yes,No,,ADJ-1064,Standard,Team SouthTeam West,90.1,5.3
CLM-2025-02547,CNT-102547,CUST-27732,NV,Southwest,"$2,066.80 ",10/27/2025,10/31/2025,11/2/2025,11/3/2025,2,3,2,2.34,0,,No,Low,ADJ-1048,Standard,Team Team Central,94.4,7.5
CLM-2025-02548,CNT-102548,CUST-54957,TX,South Central,"$20,507.62 ",10/28/2025,10/30/2025,11/1/2025,12/8/2025,-2,39,6,3.86,1,No,No,Medium,ADJ-1063,Trainee,Team SouthTeam West,92.3,5.8
CLM-2025-02549,CNT-102549,CUST-78402,GA,Southeast,"$3,104.49 ",2/2/2025,2/2/2025,2/4/2025,2/17/2025,2,15,2,1.28,0,No,No,medium,ADJ-1038,Standard,Team Team Central,89.7,9.1
CLM-2025-02550,CNT-102550,CUST-69013,TX,South Central,"$2,494.11 ",9/10/2025,9/15/2025,9/17/2025,9/22/2025,2,7,4,4.90,2,No,No,Low,ADJ-1023,Standard,Team Echo,95,5.9
CLM-2025-02551,CNT-102551,CUST-59602,UT,Mountain,"$19,643.95 ",4/16/2025,4/19/2025,4/19/2025,6/11/2025,0,53,7,4.19,2,No,No,High,ADJ-1014,Standard,Team Echo,92.6,6.7
CLM-2025-02552,CNT-102552,CUST-79255,TX,South Central,"$1,719.29 ",3/2/2025,3/6/2025,3/9/2025,3/24/2025,3,18,6,5.13,1,No,No,Low,ADJ-1058,Standard,Team Delta,90,5.2
CLM-2025-02553,CNT-102553,CUST-45117,OR,West,"$6,912.14 ",2/25/2025,3/1/2025,3/1/2025,3/13/2025,0 days,12,3,3.44,0,No,No,Low,ADJ-1029,Standard,Team Echo,89.1,5.9
CLM-2025-02554,CNT-102554,CUST-22605,TX,South Central,"$1,134.51 ",1/21/2025,1/21/2025,1/24/2025,1/27/2025,3,6,4,2.33,1,No,,Low,ADJ-1013,Standard,Team SouthTeam West,88.9,6.1
CLM-2025-02555,CNT-102555,CUST-85914,TX,South Central,"$3,975.88 ",10/12/2025,10/12/2025,10/15/2025,11/1/2025,3,20,7,6.76,1,No,No,Low,ADJ-1050,Standard,Team Echo,94.4,N/A
CLM-2025-02556,CNT-102556,CUST-78533,NV,Southwest,"$73,071.24 ",11/10/2025,11/13/2025,11/17/2025,1/8/2026,4,56,7,3.72,0,No,No,Low,ADJ-1011,Specialist,Team SouthTeam West,87.7,6.1
CLM-2025-02557,CNT-102557,CUST-55294,NM,Southwest,"$23,120.96 ",8/24/2025,8/24/2025,8/25/2025,10/10/2025,1,47,5,2.65,1,No,No,Low,,Senior,Team SouthTeam West,88.9,6.4
CLM-2025-02558,CNT-102558,CUST-44139,NV,Southwest,"$3,508.71 ",4/14/2025,4/14/2025,4/15/2025,5/6/2025,1 days,22,6,4.57,1,No,No,High,ADJ-1041,Trainee,Team SouthTeam West,N/A,7.1
CLM-2025-02559,CNT-102559,CUST-63376,GA,Southeast,"$2,111.36 ",8/15/2025,8/18/2025,13/32/2025,9/16/2025,3,29,2,2.49,0,No,No,Low,ADJ-1045,Senior,Team Team West,92.9,6
CLM-2025-02560,CNT-102560,CUST-34943,IL,Midwest,"$5,433.59 ",3/25/2025,3/27/2025,3/27/2025,4/22/2025,0,26,2,2.98,0,No,Yes,Medium,ADJ-1036,Senior,Team Delta,93,5.9
CLM-2025-02561,CNT-102561,CUST-76702,TX,South Central,"($24,007.15)",10/21/2025,10/23/2025,10/26/2025,12/20/2025,3,58,7,5.95,3,Yes,No,High,ADJ-1012,Senior,Team Team Alpha,83.8,2.8
CLM-2025-02562,CNT-102562,CUST-80588,CA,West,"$1,555.33 ",6/12/2025,6/16/2025,6/17/2025,7/7/2025,1,21,3,3.40,0,No,No,Medium,ADJ-1033,Standard,Team Team Central,98.7,8
CLM-2025-02563,CNT-102563,CUST-36210,TX,South Central,"$1,711.14 ",8/20/2025,8/20/2025,8/22/2025,9/12/2025,2,23,4,4.25,0,Yes,No,Medium,ADJ-1020,Trainee,Team Beta,90.3,6.5
CLM-2025-02564,CNT-102564,CUST-61461,CA,West,"$2,319.12 ",7/26/2025,7/29/2025,7/30/2025,8/10/2025,1,12,2,2.96,0,No,No,Low,ADJ-1068,Senior,Team Gamma,100,6.7
CLM-2025-02565,CNT-102565,CUST-98058,AZ,Southwest,"$11,981.02 ",3/3/2025,3/4/2025,3/5/2025,4/27/2025,1,54,4,3.05,1,No,No,High,ADJ-1052,Senior,Team Team Alpha,94.5,5.6
CLM-2025-02566,CNT-102566,CUST-29352,AZ,Southwest,"$12,789.92 ",11/9/2025,11/9/2025,,1/6/2026,4,58,6,4.81,0,No,No,High,ADJ-1056,Specialist,Team SouthTeam West,94.9,5.2
CLM-2025-02567,CNT-102567,CUST-38459,CA,West,$582.51 ,4/13/2025,4/15/2025,4/17/2025,4/25/2025,2,10,2,2.75,0,No,No,Low,ADJ-1035,Standard,Team Team Alpha,95,7.2
CLM-2025-02568,CNT-102568,CUST-15708,TX,South Central,"$7,226.24 ",11/10/2025,11/13/2025,11/16/2025,12/6/2025,3,23,5,5.73,2,No,No,Medium,ADJ-1016,Senior,Team Beta,87.8,5.9
CLM-2025-02569,CNT-102569,CUST-99381,AZ,Southwest,"$1,212.16 ",4/20/2025,4/20/2025,4/22/2025,5/12/2025,2,22,6,3.94,1,No,No,Low,ADJ-1078,Standard,Team Delta,95.2,6.3
CLM-2025-02570,CNT-102570,CUST-45170,CO,Mountain,"$5,983.22 ",5/1/2025,5/2/2025,5/2/2025,5/29/2025,0,27,5,1.95,0,Yes,No,Medium,ADJ-1053,Standard,Team Beta,84,7.3
CLM-2025-02571,CNT-102571,CUST-40362,OR,West,"$1,862.73 ",1/27/2025,1/27/2025,1/30/2025,2/8/2025,3,12,3,4.02,0,Yes,No,Low,ADJ-1037,Standard,Team Echo,88.2,6.7
CLM-2025-02572,CNT-102572,CUST-22849,CA,West,"$9,993.64 ",8/7/2025,8/9/2025,8/9/2025,9/5/2025,0,,3,2.10,1,No,No,Low,ADJ-1038,Standard,Team Team Central,88.6,8.4
CLM-2025-02573,CNT-102573,CUST-56295,CA,West,$755.28 ,13/32/2025,8/13/2025,8/14/2025,8/29/2025,1,16,4,3.34,0,Yes,Yes,Low,ADJ-1080,Specialist,Team Echo,88.5,6
CLM-2025-02574,CNT-102574,CUST-10787,AZ,Southwest,"$4,890.31 ",12/14/2025,12/15/2025,12/17/2025,1/7/2026,2,23,5,2.97,0,No,No,Medium,ADJ-1026,Senior,Team Gamma,90.5,5.9
CLM-2025-02575,CNT-102575,CUST-34504,GA,Southeast,"$5,592.28 ",11/2/2025,11/5/2025,11/5/2025,11/14/2025,0,9,7,3.94,0,No,No,Low,ADJ-1041,Trainee,Team Team Alpha,85,6.7
CLM-2025-02576,CNT-102576,CUST-89147,IL,Midwest,"$1,552.35 ",12/8/2025,12/12/2025,12/13/2025,12/21/2025,1,9,3,1.80,2,No,No,Medium,ADJ-1066,Standard,Team Team West,98.1,7.8
CLM-2025-02577,CNT-102577,CUST-27172,TX,South Central,"$3,903.92 ",3/25/2025,3/27/2025,3/28/2025,4/12/2025,1,16,2,4.11,2,,No,Medium,ADJ-1011,Standard,Team Beta,96.1,6.7
CLM-2025-02578,CNT-102578,CUST-68408,AZ,Southwest,"$47,555.34 ",5/23/2025,5/26/2025,5/28/2025,7/29/2025,2,64,8,3.75,2,No,No,High,ADJ-1033,Senior,Team Echo,93.5,6.5
CLM-2025-02579,CNT-102579,CUST-69727,GA,Southeast,"$3,017.92 ",1/20/2025,1/20/2025,1/20/2025,2/25/2025,0,36,3,2.86,1,No,No,High,ADJ-1025,Specialist,Team Beta,93.6,8.5
CLM-2025-02580,CNT-102580,CUST-62432,GA,Southeast,"$1,544.53 ",7/20/2025,7/22/2025,7/25/2025,,3,22,4,2.82,0,No,No,Medium,ADJ-1024,Trainee,Team Team Central,92.9,5.2
CLM-2025-02581,CNT-102581,CUST-36903,IL,Midwest,,4/12/2025,4/14/2025,4/17/2025,5/8/2025,3,,3,2.29,2,No,No,Medium,ADJ-1013,Standard,Team Beta,91.5,6.6
CLM-2025-02582,CNT-102582,CUST-56005,CA,West,"$72,116.85 ",2/14/2025,2/16/2025,2/17/2025,4/6/2025,1,49,7,3.95,0, no ,No,Low,ADJ-1008,Trainee,Team Central,89.3,7.4
CLM-2025-02583,CNT-102583,CUST-84268,UT,Mountain,"$65,672.00 ",11/23/2025,11/26/2025,11/26/2025,1/27/2026,0,62,8,5.02,0,No,No,Medium,ADJ-1042,Specialist,Team Team Central,92.3,5.3
CLM-2025-02584,CNT-102584,CUST-14040,FL,Southeast,"$5,089.52 ",6/21/2025,6/22/2025,6/23/2025,7/24/2025,1,32,4,3.52,2,No,Yes,High,ADJ-1019,Specialist,Team Team West,86.8,5.6
CLM-2025-02585,CNT-102585,CUST-10371,AZ,Southwest,$954.68 ,,9/3/2025,9/4/2025,9/4/2025,1,-1,1,2.51,0,No,No,Low,ADJ-1063,Senior,Team SouthTeam West,94.6,7.5
CLM-2025-02586,CNT-102586,CUST-39468,NV,Southwest,"$3,508.52 ",5/2/2025,5/3/2025,5/3/2025,5/17/2025,0,14,3,3.16,0,,No,Low,ADJ-1017,Specialist,Team Team West,97.8,7.3
CLM-2025-02587,CNT-102587,CUST-84509,NM,Southwest,"$17,221.64 ",5/31/2025,5/31/2025,5/31/2025,7/8/2025,0,38,,3.16,1,No,No,High,ADJ-1026,Standard,Team Delta,85.6,6.9
CLM-2025-02588,CNT-102588,CUST-58676,GA,Southeast,$812.24 ,3/30/2025,4/5/2025,4/2/2025,5/3/2025,-3,28,4,5.16,1,No,No,High,ADJ-1020,Standard,Team Echo,94.9,6.6
CLM-2025-02589,CNT-102589,CUST-35404,CA,West,"$3,213.25 ",7/7/2025,7/9/2025,7/10/2025,8/5/2025,1,27,5,4.00,2,No,No,High,ADJ-1055,Senior,Team Delta,91.1,7.7
CLM-2025-02590,CNT-102590,CUST-56101,AZ,Southwest,"$4,231.70 ",7/12/2025,7/13/2025,7/11/2025,7/25/2025,-2,12,5,4.90,1,No,Yes,Medium,ADJ-1020,Standard,,87.3,5.7
CLM-2025-02591,CNT-102591,CUST-34306,GA,Southeast,"$4,034.01 ",12/25/2025,12/28/2025,12/31/2025,1/16/2026,3,19,3,1.98,1,No,No,Low,ADJ-1017,Standard,Team Beta,94.3,3.9
CLM-2025-02592,CNT-102592,CUST-77582,CA,West,"$18,671.57 ",4/9/2025,4/9/2025,4/12/2025,5/31/2025,3,52,6,5.07,2,No,No,High,ADJ-1007,Standard,Team Gamma,88.3,5.2
CLM-2025-02593,CNT-102593,CUST-74452,AZ,Southwest,"$2,413.24 ",10/23/2025,10/26/2025,10/26/2025,11/3/2025,0 days,8,4,3.39,1,No,No,Medium,ADJ-1013,Trainee,Team Team Central,94.7,7.7
CLM-2025-02594,CNT-102594,CUST-81739,IL,Midwest,"$2,146.74 ",5/24/2025,5/25/2025,5/25/2025,6/19/2025,0,25,3,3.19,1,No,Yes,High,ADJ-1080,Standard,Team Team West,87.6,5.8
CLM-2025-02595,CNT-102595,CUST-93647,NV,Southwest,"$2,000.63 ",3/14/2025,3/16/2025,3/16/2025,3/21/2025,0,5,4,2.33,0,No,No,Low,ADJ-1033,Standard,Team Gamma,100,7.6
CLM-2025-02596,CNT-102596,CUST-72530,NV,Southwest,"$2,015.51 ",5/9/2025,5/12/2025,5/12/2025,5/20/2025,0,20,1,3.85,0,No,Yes,Medium,ADJ-1065,Specialist,Team Echo,86.7,6.3
CLM-2025-02597,CNT-102597,CUST-25844,TX,South Central,"$7,692.93 ",9/16/2025,,9/22/2025,10/23/2025,4,40,4,4.81,2,No,No,Low,ADJ-1068,Trainee,Team Echo,98.3,3.9
CLM-2025-02598,CNT-102598,CUST-49342,NV,Southwest,"$4,125.45 ",10/12/2025,10/13/2025,10/15/2025,10/29/2025,2,16,3,3.14,1,No,No,Low,ADJ-1008,Standard,Team Team Central,91.9,6.5
CLM-2025-02599,CNT-102599,CUST-17628,IL,Midwest,"$18,214.15 ",12/8/2025,12/10/2025,12/11/2025,1/12/2026,N/A,33,3,2.41,1,No,No,Low,ADJ-1009,Trainee,Team Beta,93.8,6.6
CLM-2025-02600,CNT-102600,CUST-34746,OR,West,"$16,854.00 ",10/3/2025,10/9/2025,10/10/2025,11/29/2025,1,51,5,4.09,2,No,No,High,ADJ-1058,Specialist,Team Echo,95.1,6.5
CLM-2025-02601,CNT-102601,CUST-47945,CA,West,"$1,970.74 ",2/1/2025,2/1/2025,2/1/2025,2/20/2025,0,19,2,4.31,2,No,No,High,ADJ-1051,Standard,Team Echo,99.5,6.8
CLM-2025-02602,CNT-102602,CUST-31622,CA,West,"$1,403.01 ",10/10/2025,10/15/2025,10/17/2025,10/27/2025,2,12,3,5.02,1,No,No,Low,ADJ-1018,Standard,Team Beta,84.3,6
CLM-2025-02603,CNT-102603,CUST-79096,FL,Southeast,"$1,824.13 ",11/13/2025,11/13/2025,11/13/2025,11/28/2025,0,15,7,3.30,0,No,No,Low,ADJ-1068,Senior,Team Team Alpha,90.8,6.9
CLM-2025-02604,CNT-102604,CUST-54444,UT,Mountain,$615.40 ,12/11/2025,12/12/2025,12/12/2025,12/27/2025,0,15,3,3.18,0,No,No, Medium ,ADJ-1001,Standard,Team Beta,96.3,7.4
CLM-2025-02605,CNT-102605,CUST-79436,TX,South Central,"$6,103.51 ",12/22/2025,,12/24/2025,1/8/2026,2,17,5,5.47,0,No,No,Low,ADJ-1063,Senior,Team Delta,87.7,5.2
CLM-2025-02606,CNT-102606,CUST-23450,AZ,Southwest,"$4,332.54 ",12/27/2025,12/31/2025,1/3/2026,1/24/2026,3,24,2,4.22,0,No,No,Low,ADJ-1006,Senior,Team SouthTeam West,91.3,5.5
CLM-2025-02607,CNT-102607,CUST-97555,CO,Mountain,"$6,746.39 ",2/18/2025,2/18/2025,2/19/2025,3/26/2025,1,,7,2.50,0,No,No,High,ADJ-1003,Standard,Team SouthTeam West,91.2,7.6
CLM-2025-02608,CNT-102608,CUST-76524,GA,Southeast,"$2,943.98 ",6/26/2025,6/26/2025,6/26/2025,7/5/2025,0,9,5,1.99,1,No,No,Low,ADJ-1048,Standard,Team Team Alpha,95.3,7.8
CLM-2025-02609,CNT-102609,CUST-13808,AZ,Southwest,"$1,108.26 ",3/31/2025,4/2/2025,4/2/2025,4/3/2025,0,1,1,1.51,2,No,No,Medium,ADJ-1004,Trainee,Team Delta,88.8,8
CLM-2025-02610,CNT-102610,CUST-39339,UT,Mountain,"$6,751.37 ",7/21/2025,7/23/2025,7/24/2025,8/14/2025,1,22,3,2.90,0,No,No,Medium,ADJ-1028,Specialist,Team Team West,92,7.3
CLM-2025-02611,CNT-102611,CUST-73627,TX,South Central,"$7,409.61 ",2/6/2025,2/6/2025,2/8/2025,3/20/2025,2,42,4,3.83,2, no ,Yes,High,ADJ-1065,Standard,Team Echo,93.6,5.4
CLM-2025-02612,CNT-102612,CUST-32841,IL,Midwest,"$22,613.95 ",8/12/2025,8/12/2025,8/14/2025,9/28/2025,2,47,6,2.77,1,No,No,High,ADJ-1077,Standard,Team Team Alpha,94.1,6
CLM-2025-02613,CNT-102613,CUST-93495,TX,South Central,$682.53 ,13/32/2025,11/13/2025,11/15/2025,11/29/2025,6,16,4,4.54,0,No,No,Low,ADJ-1018,Standard,Team Team Central,98.9,4.9
CLM-2025-02614,CNT-102614,CUST-23033,TX,South Central,"$2,252.88 ",11/30/2025,12/2/2025,12/6/2025,12/31/2025,-4,29,6,5.95,1,No,No,Medium,ADJ-1012,Trainee,Team Team West,91.2,
CLM-2025-02615,CNT-102615,CUST-30539,GA,Southeast,$519.21 ,2/23/2025,2/23/2025,2/26/2025,3/11/2025,3,16,2,2.26,2,No,No,High,ADJ-1010,Senior,Team Team Alpha,94.7,8.8
CLM-2025-02616,CNT-102616,CUST-37121,WA,West,"$1,232.04 ",9/12/2025,9/16/2025,9/17/2025,10/4/2025,-1,18,5,3.11,1,No,No,Medium,ADJ-1047,Standard,Team Echo,87.7,7.3
CLM-2025-02617,CNT-102617,CUST-86055,CO,Mountain,"$2,442.88 ",7/4/2025,7/5/2025,7/5/2025,7/19/2025,0,14,2,1.30,1,No,No,Low,ADJ-1033,Senior,Team Gamma,89.8,9
CLM-2025-02618,CNT-102618,CUST-50160,CA,West,"$22,682.41 ",11/29/2025,12/1/2025,12/1/2025,1/20/2026,0,50,6,4.20,0,No,No,High,ADJ-1039,Standard,Team Beta,93.9,7.3
CLM-2025-02619,CNT-102619,CUST-29237,CO,Mountain,"$1,210.19 ",12/7/2025,12/8/2025,12/10/2025,12/28/2025,2,20,4,4.70,0,No,No,Medium,ADJ-1052,Senior,Team SouthTeam West,97.3,6.9
CLM-2025-02620,CNT-102620,CUST-67072,AZ,Southwest,"$5,717.62 ",5/12/2025,5/16/2025,5/17/2025,5/24/2025,1,8,1,1.18,0,No,No,Low,ADJ-1050,Senior,Team Echo,96.2,9.3
CLM-2025-02621,CNT-102621,CUST-58113,CA,West,,2/16/2025,2/20/2025,2/23/2025,3/13/2025,3,21,1,3.20,0,Yes,No,Low,ADJ-1078,Trainee,Team Team Central,86.3,5.6
CLM-2025-02622,CNT-102622,UNKNOWN,CA,West,"$1,705.39 ",9/2/2025,9/2/2025,9/4/2025,9/23/2025,2,-21,4,4.41,0,No,No,Medium,ADJ-1067,Standard,Team SouthTeam West,90.5,6
CLM-2025-02623,CNT-102623,CUST-50694,TX,South Central,"$3,261.99 ",9/3/2025,9/6/2025,9/8/2025,9/24/2025,2,18,1,3.56,0,No,No,Low,ADJ-1030,Standard,Team Gamma,89.4,6.2
CLM-2025-02624,CNT-102624,CUST-20521,TX,South Central,"$2,837.94 ",,9/12/2025,9/14/2025,10/5/2025,2,23,5,3.80,2,No,No,Medium,ADJ-1054,Standard,Team Beta,89.5,5.8
CLM-2025-02625,CNT-102625,CUST-52179,CO,Mountain,"$6,006.43 ",8/21/2025,8/22/2025,8/24/2025,9/14/2025,N/A,23,4,2.46,0,No,No,Medium,ADJ-1066,Senior,Team Team West,93.7,6.9
CLM-2025-02626,CNT-102626,CUST-45704,CA,West,"$7,344.28 ",10/18/2025,10/18/2025,10/18/2025,11/2/2025,0,-15,N/A,4.25,0,No,No,Medium,ADJ-1017,Standard,Team Beta,99.5,7.1
CLM-2025-02627,CNT-102627,CUST-30971,AZ,Southwest,"$2,399.29 ",2/7/2025,2/11/2025,2/11/2025,2/7/2025,0,-4,4,2.29,1,No,,Low,ADJ-1037,Senior,Team Gamma,91.1,8.1
CLM-2025-02628,CNT-102628,CUST-97696,FL,Southeast,"$1,771.05 ",3/29/2025,4/1/2025,4/3/2025,4/12/2025,2,,2,2.25,1,No,No,Medium,ADJ-1055,Senior,Team Echo,100,5.5
CLM-2025-02629,CNT-102629,CUST-50686,IL,Midwest,"$1,120.04 ",9/28/2025,9/30/2025,10/2/2025,10/20/2025,2,20,3,1.74,2,No,No,High,ADJ-1077,Senior,Team Beta,97.1,7
CLM-2025-02630,CNT-102630,CUST-52255,FL,Southeast,"$12,060.74 ",12/4/2025,12/6/2025,12/7/2025,1/21/2026,1,46,6,6.00,1,No,No,Medium,ADJ-1016,Standard,Team Delta,97.7,5.5
CLM-2025-02631,CNT-102631,CUST-21456,GA,Southeast,"$1,848.27 ",5/6/2025,5/9/2025,5/10/2025,5/15/2025,1,6,3,4.35,0,No,No,Medium,ADJ-1057,Standard,Team Delta,93.5,7.3
CLM-2025-02632,CNT-102632,CUST-52984,TX,South Central,"$6,233.38 ",4/19/2025,4/19/2025,4/22/2025,5/11/2025,3,22,7,4.93,0,No,No,High,ADJ-1061,Standard,Team Delta,86.5,5.2
CLM-2025-02633,CNT-102633,UNKNOWN,GA,Southeast,"$1,114.52 ",8/5/2025,8/9/2025,8/9/2025,8/11/2025,0,2,2,2.49,1,No,Yes,Medium,ADJ-1030,Trainee,Team Gamma,92.9,7.9
CLM-2025-02634,CNT-102634,CUST-62998,AR,Southwest,"$3,024.31 ",6/10/2025,13/32/2025,6/10/2025,7/3/2025,0,23,3,4.02,1,Yes,No,Medium,ADJ-1077,Senior,Team Gamma,86.2,6.4
CLM-2025-02635,CNT-102635,CUST-90750,CA,West,"$1,324.51 ",1/21/2025,1/23/2025,1/23/2025,2/8/2025,0,16,3,2.70,0,No,Yes,Medium,ADJ-1067,Standard,Team Gamma,87.9,8.3
CLM-2025-02636,CNT-102636,CUST-18746,CA,West,"$63,097.71 ",3/7/2025,3/11/2025,3/16/2025,5/18/2025,3,68,4,3.08,1,No,Yes,High,ADJ-1073,Standard,Team SouthTeam West,-5,4.6
CLM-2025-02637,CNT-102637,CUST-22466,AZ,Southwest,"$7,766.02 ",,7/4/2025,7/5/2025,7/22/2025,1,18,4,2.78,0,No,No,Medium,ADJ-1055,Standard,Team Delta,89.3,7.6
CLM-2025-02638,CNT-102638,CUST-60299,CA,West,"$9,723.00 ",,11/18/2025,11/20/2025,12/21/2025,2,33,8,N/A,0,No,No,Low,ADJ-1021,Senior,Team Team West,96.1,6.6
CLM-2025-02639,CNT-102639,CUST-59066,NV,Southwest,"$5,433.71 ",6/16/2025,6/18/2025,6/18/2025,7/9/2025,0,21,3,0.51,0,No,No,Medium,ADJ-1037,Standard,Team Team Alpha,90.9,9.2
CLM-2025-02640,CNT-102640,CUST-15255,NV,Southwest,$466.71 ,12/7/2025,12/7/2025,12/8/2025,12/10/2025,1,3,3,3.35,1,No,No,Low,ADJ-1045,Senior,Team Delta,95.2,7
CLM-2025-02641,CNT-102641,CUST-35596,UT,Mountain,"$1,796.00 ",9/15/2025,9/16/2025,9/18/2025,10/10/2025,2,24,4,1.71,2,Yes,No,High,ADJ-1070,Standard,Team Beta,87.5,7.8
CLM-2025-02642,CNT-102642,CUST-72199,CA,West,,10/5/2025,10/7/2025,10/9/2025,10/27/2025,2,20,4,3.65,1,Yes,No,Low,ADJ-1013,Senior,Team Team Alpha,89.4,6.5
CLM-2025-02643,CNT-102643,CUST-45326,NM,Southwest,"$4,398.92 ",6/23/2025,6/25/2025,6/27/2025,7/20/2025,2,25,4,3.72,0,No,No,Medium,ADJ-1012,Senior,Team Delta,93.3,6
CLM-2025-02644,CNT-102644,CUST-20193,FL,Southeast,"$6,837.16 ",12/3/2025,12/3/2025,,12/17/2025,0,14,1,2.92,0,No,No,Low,ADJ-1012,Standard,Team Delta,93.6,7.7
CLM-2025-02645,CNT-102645,CUST-99358,UT,Mountain,"$3,262.10 ",12/16/2025,12/16/2025,12/17/2025,12/22/2025,1,6,3,4.02,0,,No,Low,ADJ-1048,Senior,Team Delta,100,8.2
CLM-2025-02646,CNT-102646,CUST-90436,FL,Southeast,$729.58 ,1/10/2025,1/11/2025,1/12/2025,1/25/2025,1,14,2,1.55,0,No,Yes,Low,ADJ-1025,Trainee,Team Team Alpha,91.5,6.7
CLM-2025-02647,CNT-102647,CUST-60181,NV,Southwest,"$66,457.78 ",2/18/2025,2/18/2025,2/18/2025,4/14/2025,0,55,4,2.06,0,Yes,No,Low,ADJ-1078,Standard,Team Beta,85.1,6.8
CLM-2025-02648,CNT-102648,CUST-29377,NV,Southwest,"$13,167.57 ",1/26/2025,1/26/2025,1/27/2025,1/24/2025,1,-2,4,2.21,0,No,Yes,Moderate,ADJ-1068,Senior,Team SouthTeam West,90.3,7.4
CLM-2025-02649,CNT-102649,CUST-13684,AZ,Southwest,"$1,909.18 ",4/5/2025,4/7/2025,4/9/2025,4/26/2025,2,19,6,1.99,2,No,No,High,ADJ-1005,Standard,Team Team Central,89.9,8.3
CLM-2025-02650,CNT-102650,CUST-57906,CA,West,"$1,187.44 ",5/29/2025,5/30/2025,5/30/2025,6/3/2025,0,4,1,3.77,1,No,No,Low,ADJ-1027,Senior,Team Team West,99.5,8.1
CLM-2025-02651,CNT-102651,CUST-10971,CO,,"$1,880.73 ",10/20/2025,10/24/2025,10/28/2025,11/24/2025,4,31,6,3.73,1,Yes,No,High,ADJ-1054,Senior,Team Echo,84.1,5.8
CLM-2025-02652,CNT-102652,CUST-61859,GA,Southeast,"$24,427.54 ",11/26/2025,11/29/2025,11/30/2025,1/4/2026,1,36,5,2.77,0,No,No,Medium,ADJ-1073,Standard,Team Beta,97.7,6.4
CLM-2025-02653,CNT-102653,CUST-94458,AZ,Southwest,"$72,658.91 ",11/10/2025,11/11/2025,11/13/2025,1/8/2026,6,58,7,3.81,1,No,No,Medium,ADJ-1025,Trainee,Team Echo,100,4.9
CLM-2025-02654,CNT-102654,CUST-97868,OR,West,"$5,806.85 ",4/7/2025,4/10/2025,4/10/2025,5/11/2025,0,31,2,N/A,3,No,No,Low,ADJ-1049,Senior,Team Team Alpha,99.3,6.9
CLM-2025-02655,CNT-102655,CUST-44154,AZ,Southwest,"$1,192.48 ",12/16/2025,12/18/2025,12/20/2025,1/5/2026,2,18,4,2.56,1,No,No,Minor,ADJ-1030,Trainee,Team Team West,96.5,6.6
CLM-2025-02656,CNT-102656,CUST-55899,IL,Midwest,"$1,201.84 ",8/19/2025,8/23/2025,8/24/2025,9/12/2025,1,20,4,3.96,0,No,No,Medium,ADJ-1032,Standard,Team Echo,84.9,7.1
CLM-2025-02657,CNT-102657,CUST-57743,OR,West,$930.72 ,10/11/2025,10/12/2025,10/13/2025,10/20/2025,1,8,2,3.66,1,No,No,High,ADJ-1058,Senior,Team Team Central,93.2,6.9
CLM-2025-00885,CNT-102658,CUST-26237,TX,South Central,$757.53 ,8/25/2025,8/27/2025,8/29/2025,9/14/2025,2,18,3,6.00,0,No,No,Medium,ADJ-1068,Standard,Team Gamma,100,6.4
CLM-2025-01596,CNT-101596,CUST-67664,TX,South Central,"$5,556.02 ",10/7/2025,10/8/2025,10/10/2025,11/1/2025,2,24,4,4.37,2,No,No,Low,ADJ-1045,Standard,Team SouthTeam West,90.8,5.6
CLM-2025-02660,CNT-102660,CUST-21462,TX,South Central,"$1,360.64 ",11/8/2025,11/8/2025,11/9/2025,11/18/2025,1,10,3,5.62,1,No,No,Medium,ADJ-1008,Standard,Team Team Central,92.3,7.1
CLM-2025-02661,CNT-102661,CUST-74966,GA,Southeast,"$1,893.92 ",1/19/2025,1/20/2025,1/22/2025,2/1/2025,2,12,2,2.36,1,No,No,Medium,ADJ-1042,Senior,Team SouthTeam West,97.7,7.5
CLM-2025-02662,CNT-102662,CUST-26134,TX,South Central,$756.65 ,10/26/2025,10/27/2025,10/29/2025,11/6/2025,2,10,2,5.07,0,No,No,Low,ADJ-1022,Senior,Team Delta,90.2,6.4
CLM-2025-02663,CNT-102663,CUST-98631,IL,Midwest,"$2,310.83 ",1/7/2025,1/9/2025,1/10/2025,1/6/2025,8,-3,2,1.06,0,No,No,Medium,ADJ-1058,Standard,Team Gamma,90.3,7.8
CLM-2025-02664,CNT-102664,CUST-86619,AZ,Southwest,"$6,564.13 ",1/8/2025,1/11/2025,1/14/2025,2/4/2025,3,24,3,2.82,0,No,No,Low,ADJ-1041,Specialist,Team Beta,98,8.3
CLM-2025-02665,CNT-102665,CUST-50509,FL,Southeast,$731.08 ,7/20/2025,7/22/2025,7/23/2025,8/10/2025,1,19,3,3.40,,No,No,Medium,ADJ-1053,Standard,Team Beta,98,6.7
CLM-2025-02666,CNT-102666,CUST-53558,WA,West,"$1,292.52 ",9/12/2025,9/13/2025,9/15/2025,9/27/2025,2,14,2,2.15,0,No,No,Medium,ADJ-1009,Senior,Team Team Alpha,100,5.8
CLM-2025-02667,CNT-102667,CUST-72553,TX,South Central,"$7,699.38 ",11/26/2025,11/28/2025,11/29/2025,12/19/2025,1,21,6,5.93,0,No,No,Medium,ADJ-1044,Standard,Team Team West,92.9,7.3
CLM-2025-02668,CNT-102668,CUST-52684,CO,Mountain,"($2,334.30)",2/8/2025,,2/12/2025,2/27/2025,-1,16,2,4.15,0,No,No,,ADJ-1024,Senior,Team Beta,96.4,6.9
CLM-2025-02669,CNT-102669,CUST-82197,CA,West,"$6,624.67 ",2/12/2025,2/12/2025,2/12/2025,3/2/2025,0,-18,4,3.30,0,No,No,Medium,ADJ-1061,Standard,Team Team Central,88,7.3
CLM-2025-02670,CNT-102670,CUST-80439,CO,Mountain,$970.56 ,1/9/2025,1/11/2025,1/11/2025,1/21/2025,0,10,1,2.17,0,No,No,Medium,ADJ-1062,Senior,Team SouthTeam West,92.1,7.5
CLM-2025-02671,CNT-102671,CUST-57169,NM,Southwest,"$4,746.62 ",2/19/2025,2/22/2025,2/23/2025,3/6/2025,1,12,2,2.09,1,,No,Medium,ADJ-1050,Specialist,Team Beta,96.3,8.5
CLM-2025-02672,CNT-102672,CUST-32105,GA,Southeast,"$6,387.76 ",2/21/2025,2/24/2025,2/24/2025,3/9/2025,0,13,1,2.01,0,No,No,Low,ADJ-1071,Standard,Team Delta,92.2,8.3
CLM-2025-02673,CNT-102673,CUST-57839,CA,West,"$7,384.19 ",3/3/2025,3/3/2025,3/4/2025,4/1/2025,1,29,3,4.41,0,No,No,Medium,ADJ-1035,Standard,Team SouthTeam West,89.1,7.7
CLM-2025-02674,CNT-102674,CUST-41468,OR,West,"$1,815.86 ",3/9/2025,3/10/2025,3/11/2025,3/29/2025,1,19,3,1.45,1,No,No,High,ADJ-1021,Senior,Team Gamma,95.8,8.5
CLM-2025-02675,CNT-102675,CUST-18315,CO,Mountain,"$19,028.00 ",5/28/2025,5/31/2025,6/2/2025,7/6/2025,2,36,2,2.46,2,No,No,Low,ADJ-1051,Senior,Team Delta,93.4,6.9
CLM-2025-02676,CNT-102676,CUST-55534,TX,South Central,"$5,690.60 ",12/3/2025,12/5/2025,12/8/2025,1/1/2026,3,27,5,6.08,2,No,No,Medium,ADJ-1006,Senior,Team Gamma,N/A,5.2
CLM-2025-02677,CNT-102677,CUST-94344,TX,South Central,"$8,620.11 ",12/21/2025,12/21/2025,12/24/2025,1/27/2026,3,37,4,4.13,0,No,Yes,Medium,ADJ-1002,Senior,Team Delta,91.1,3.9
CLM-2025-02678,CNT-102678,CUST-65575,IL,Midwest,"$16,124.77 ",10/8/2025,10/10/2025,10/11/2025,11/19/2025,1,40,5,4.19,0,Yes,No,Medium,ADJ-1051,Standard,Team Delta,87.4,4.7
CLM-2025-02679,CNT-102679,CUST-22266,IL,Midwest,"$7,901.66 ",,2/1/2025,1/31/2025,3/4/2025,-1,31,4,3.10,0,No,No,Medium,ADJ-1035,Standard,Team SouthTeam West,96.9,5.6
CLM-2025-02680,CNT-102680,CUST-62068,CO,Mountain,"($1,326.63)",10/25/2025,10/25/2025,,11/14/2025,1,20,3,2.56,1,No,,Medium,ADJ-1065,Standard,Team Echo,97.4,7.2
CLM-2025-02681,CNT-102681,CUST-19772,AZ,Southwest,"$2,785.60 ",10/2/2025,10/4/2025,10/5/2025,10/18/2025,1,9,4,4.82,0,No,No,Moderate,ADJ-1016,Senior,Team Delta,100,5.6
CLM-2025-02682,CNT-102682,CUST-55921,AZ,Southwest,"$1,300.59 ",7/27/2025,7/28/2025,7/28/2025,8/15/2025,0,18,3,2.97,2,No,No,Medium,ADJ-1028,Senior,Team Beta,95.1,8.5
CLM-2025-02683,CNT-102683,CUST-70965,TX,South Central,"$7,824.50 ",4/6/2025,4/7/2025,4/4/2025,5/13/2025,-3,26,5,3.37,0,No,No,Moderate,ADJ-1075,Senior,Team Beta,87.4,6.5
CLM-2025-02684,CNT-102684,CUST-74461,UT,Mountain,"$4,734.48 ",3/1/2025,3/5/2025,3/3/2025,4/4/2025,-2,N/A,3,4.74,0,No,No,Medium,ADJ-1079,Senior,Team Echo,92.1,6.1
CLM-2025-02685,CNT-102685,CUST-38619,FL,Southeast,"$1,350.89 ",7/17/2025,7/17/2025,7/18/2025,8/11/2025,1,25,4,2.39,2,No,No,High,ADJ-1010,Trainee,Team Delta,91,7.1
CLM-2025-02686,CNT-102686,CUST-91632,WA,West,"$12,829.80 ",N/A,6/9/2025,6/10/2025,7/31/2025,1,52,8,5.59,1,No,Yes,High,ADJ-1019,Senior,Team SouthTeam West,88.6,5.4
CLM-2025-02687,CNT-102687,CUST-97031,NV,Southwest,"$6,684.07 ",12/10/2025,12/11/2025,12/13/2025,1/14/2026,2,34,2,3.47,0,Yes,Yes,Medium,ADJ-1018,Senior,Team Team Alpha,84.2,5.1
CLM-2025-02688,CNT-102688,CUST-33835,CA,West,"$7,309.04 ",5/28/2025,5/28/2025,5/30/2025,6/29/2025,2,32,5,5.74,0,No,No,Low,ADJ-1027,Senior,Team SouthTeam West,97,5.8
CLM-2025-02689,CNT-102689,CUST-96844,CO,Mountain,"$1,226.46 ",2/16/2025,2/18/2025,2/18/2025,2/24/2025,0,6,1,2.73,1,No,,High,ADJ-1002,Trainee,Team Team Central,93.5,8.9
CLM-2025-02690,CNT-102690,CUST-26784,CO,Mountain,"$5,754.70 ",7/21/2025,7/24/2025,7/27/2025,8/13/2025,3,20,,2.11,0,,No,Medium,ADJ-1065,Trainee,Team Gamma,N/A,8.1
CLM-2025-02691,CNT-102691,CUST-57445,FL,Southeast,"$52,723.62 ",2/10/2025,2/15/2025,2/15/2025,4/6/2025,0,62,6,3.17,0,,No,Low,ADJ-1075,Standard,Team Team Alpha,97.6,6.5
CLM-2025-02692,CNT-102692,CUST-13105,CA,West,"$1,202.24 ",3/26/2025,3/30/2025,3/30/2025,3/31/2025,0,1,4,3.43,2,No,No,Low,ADJ-1043,Standard,Team Delta,90.7,8.6
CLM-2025-02693,CNT-102693,CUST-54557,UT,Mountain,"$3,777.47 ",3/16/2025,3/18/2025,,3/26/2025,2,8,1,1.63,1,No,No,Medium,,Senior,Team Team Alpha,100,7.6
CLM-2025-02694,CNT-102694,CUST-35534,TX,South Central,"$2,513.27 ",5/11/2025,5/13/2025,5/14/2025,6/16/2025,1,34,7,3.86,2,No,No,Medium,ADJ-1050,Trainee,Team Team Central,97.5,6.9
CLM-2025-02695,CNT-102695,CUST-53355,CA,West,"$2,241.25 ",1/1/2025,1/5/2025,1/6/2025,1/7/2025,1,2,5,5.16,0,No,No,Medium,ADJ-1017,Specialist,Team Echo,90.7,6.7
CLM-2025-02696,CNT-102696,CUST-64487,AZ,Southwest,"$13,388.91 ",12/2/2025,12/3/2025,12/5/2025,1/20/2026,2,48,4,3.62,1,No,No,Medium,ADJ-1034,Trainee,,97,6.2
CLM-2025-02697,CNT-102697,CUST-84044,CA,West,"$5,104.96 ",4/10/2025,4/10/2025,4/13/2025,4/28/2025,3,N/A,4,3.40,0,No,Yes,Medium,ADJ-1052,Standard,Team Beta,82.4,5.3
CLM-2025-02698,CNT-102698,CUST-40414,IL,Midwest,"$1,204.89 ",8/10/2025,8/12/2025,8/15/2025,8/24/2025,3,12,2,2.50,0,No,No,Medium,ADJ-1073,Standard,Team Beta,86.2,6
CLM-2025-02699,CNT-102699,CUST-77606,OR,West,"$6,554.63 ",3/28/2025,3/30/2025,3/30/2025,4/11/2025,0,12,4,3.27,,No,No, Medium ,ADJ-1038,Standard,Team Team Central,N/A,8.2
CLM-2025-02700,CNT-102700,CUST-22430,CA,West,"$4,602.86 ",12/8/2025,12/10/2025,12/13/2025,1/7/2026,3,-28,5,4.67,0,Yes,No,Low,ADJ-1002,Senior,Team Team Central,82.8,5.1
CLM-2025-02701,CNT-102701,CUST-15473,CA,West,$589.23 ,8/3/2025,8/3/2025,8/4/2025,8/18/2025,1,15,2,3.23,1,No,No,Low,ADJ-1065,Standard,Team Gamma,95,6.5
CLM-2025-01838,CNT-102702,CUST-48882,TX,South Central,"$1,934.03 ",3/26/2025,3/29/2025,3/28/2025,4/24/2025,-1,26,5,6.04,0,No,No,Medium,ADJ-1022,Senior,Team Team Alpha,90.4,5.2
CLM-2025-02703,CNT-102703,CUST-54012,TX,South Central,"$1,271.73 ",2/21/2025,2/22/2025,2/25/2025,3/26/2025,3,32,4,3.93,0,,No,Low,ADJ-1043,Standard,Team Team Central,100,5.8
CLM-2025-02704,CNT-102704,CUST-44677,NV,Southwest,"$1,432.84 ",5/4/2025,5/6/2025,5/9/2025,5/12/2025,3,6,2,N/A,0,No,Yes,Low,ADJ-1029,Standard,Team Delta,89.1,6.7
CLM-2025-02705,CNT-102705,CUST-56251,CA,West,"$5,875.46 ",8/5/2025,8/8/2025,8/11/2025,9/13/2025,3,36,2,2.66,1,No,Yes,Medium,ADJ-1077,Trainee,Team Team Alpha,90.2,5.8
CLM-2025-02706,CNT-102706,CUST-27392,GA,Southeast,"$60,449.88 ",8/29/2025,8/30/2025,8/31/2025,10/23/2025,1,54,6,1.86,1,No,No,Low,ADJ-1055,Senior,Team Gamma,100,6.4
CLM-2025-02707,CNT-102707,CUST-23398,WA,West,"$7,560.41 ",11/6/2025,11/10/2025,11/11/2025,12/7/2025,1,27,1,2.12,1,No,No,Low,ADJ-1062,Standard,Team Gamma,87.4,7.3
CLM-2025-02708,CNT-102708,CUST-55508,UT,Mountain,$803.98 ,4/7/2025,4/8/2025,4/9/2025,4/23/2025,1,15,2,3.93,0,No,No,Medium,ADJ-1016,Standard,Team Team West,90.6,5.9
CLM-2025-02709,CNT-102709,CUST-45504,CO,Mountain,"$4,799.00 ",3/7/2025,3/7/2025,3/10/2025,3/31/2025,3,24,3,3.76,0,No,No,Low,ADJ-1048,Senior,Team Beta,89.4,8
CLM-2025-02710,CNT-102710,CUST-22361,TX,South Central,"$1,125.42 ",1/11/2025,1/12/2025,1/14/2025,1/25/2025,2,13,2,4.56,0,No,No,Medium,ADJ-1045,Specialist,Team Team West,91.8,5.1
CLM-2025-02711,CNT-102711,CUST-65343,GA,Southeast,"$3,063.47 ",10/18/2025,10/18/2025,10/20/2025,11/24/2025,2,37,5,3.63,1,No,No,High,ADJ-1075,Senior,Team Team Alpha,,8.3
CLM-2025-02712,CNT-102712,CUST-39545,IL,Midwest,,4/3/2025,4/5/2025,4/9/2025,4/24/2025,4,19,3,0.85,0,No,No,Low,ADJ-1076,Senior,Team SouthTeam West,87.5,7.7
CLM-2025-02713,CNT-102713,CUST-97788,TX,South Central,"$1,577.14 ",8/14/2025,8/18/2025,8/20/2025,8/19/2025,2,1,5,3.43,0,No,No,Medium,ADJ-1023,Standard,Team Team Central,92,7.4
CLM-2025-02714,CNT-102714,CUST-55126,NV,Southwest,"$4,694.47 ",9/18/2025,9/21/2025,9/23/2025,10/11/2025,2,,N/A,1.68,0,No,No,Low,ADJ-1038,Standard,Team Delta,91.3,8.7
CLM-2025-02715,CNT-102715,CUST-82960,GA,Southeast,"$1,690.57 ",8/7/2025,8/10/2025,8/11/2025,8/16/2025,1,6,2,2.92,0,No,No,Low,ADJ-1043,Trainee,Team SouthTeam West,88.5,7.6
CLM-2025-02716,CNT-102716,CUST-79956,TX,South Central,"$5,557.07 ",2/15/2025,2/15/2025,2/16/2025,3/19/2025,1,32,5,3.51,0,No,No,Low,ADJ-1003,Specialist,Team Echo,92.2,6.4
CLM-2025-02717,CNT-102717,CUST-85909,NM,Southwest,"$1,503.65 ",9/1/2025,9/4/2025,9/6/2025,9/12/2025,-2,8,3,3.49,0,No,No,,ADJ-1049,Specialist,Team Team Central,89.8,7.2
CLM-2025-02718,CNT-102718,CUST-98154,IL,Midwest,"$66,202.62 ",5/31/2025,5/31/2025,6/1/2025,8/16/2025,1,77,8,3.45,1,No,No,High,ADJ-1025,Standard,Team Delta,97.8,7.4
CLM-2025-02719,CNT-102719,CUST-83494,UT,Mountain,"$1,169.70 ",2/21/2025,2/23/2025,2/23/2025,3/23/2025,0,28,4,2.17,1,No,Yes,High,ADJ-1016,Trainee,Team Echo,78.1,7.5
CLM-2025-02720,CNT-102720,CUST-67186,IL,Midwest,$493.06 ,11/17/2025,11/18/2025,11/19/2025,11/27/2025,1,9,3,3.10,2,No,Yes,Low,ADJ-1012,Senior,Team Team Central,88.3,5.2
CLM-2025-02721,CNT-102721,CUST-95496,NM,Southwest,"$1,426.13 ",12/24/2025,12/24/2025,12/26/2025,12/25/2025,2,1,1,2.33,0,No,No,Low,ADJ-1016,Standard,Team Team West,91.3,7
CLM-2025-02722,CNT-102722,CUST-44996,WA,West,"$5,087.35 ",10/10/2025,,10/12/2025,N/A,0,27,3,4.45,0,No,No,Medium,ADJ-1056,Standard,Team Central,95,6.6
CLM-2025-02723,CNT-102723,CUST-56436,WA,West,"$12,671.53 ",2/1/2025,2/2/2025,2/3/2025,3/2/2025,N/A,28,4,3.20,0,No,No,Low,ADJ-1067,Senior,Team Delta,97.1,6
CLM-2025-02724,CNT-102724,CUST-78917,CA,West,"$2,228.41 ",1/27/2025,1/27/2025,1/28/2025,2/2/2025,1,1,4,3.53,0,No,No,Medium,ADJ-1060,Standard,Team Delta,94.9,7.2
CLM-2025-02725,CNT-102725,CUST-77130,OR,West,"$4,306.93 ",4/15/2025,4/18/2025,4/18/2025,5/14/2025,7,26,4,2.80,0,No,No,Low,ADJ-1063,Standard,Team Team Alpha,95.1,7.8
CLM-2025-02726,CNT-102726,CUST-49200,OR,West,"$4,336.44 ",12/7/2025,12/7/2025,12/8/2025,1/11/2026,1,55,4,3.50,1,No,No,Medium,ADJ-1076,Senior,Team Team Alpha,89.8,7
CLM-2025-02727,CNT-102727,CUST-97892,AZ,Southwest,"$1,990.45 ",7/23/2025,7/24/2025,7/25/2025,7/30/2025,1,-6,1,1.50,0, no ,No,Low,ADJ-1069,Standard,Team Team Central,91.6,7.3
CLM-2025-02728,CNT-102728,CUST-66733,TX,South Central,"$1,321.90 ",6/8/2025,6/10/2025,,6/21/2025,1,11,4,5.70,3,No,No,High,ADJ-1075,Specialist,Team Echo,86.7,6.1
CLM-2025-02729,CNT-102729,CUST-42246,WA,West,"$19,108.75 ",3/28/2025,3/31/2025,4/4/2025,5/23/2025,4,53,6,4.14,3,Yes,No,High,ADJ-1044,Senior,Team Team West,81.4,4.2
CLM-2025-02730,CNT-102730,CUST-80999,CA,West,"$1,577.83 ",5/22/2025,5/24/2025,5/26/2025,6/9/2025,2,16,5,3.50,0,No,,Medium,ADJ-1052,Standard,Team Delta,95.4,6.2
CLM-2025-02731,CNT-102731,CUST-85069,GA,,"$24,760.08 ",5/2/2025,5/3/2025,5/6/2025,4/30/2025,3,-3,4,2.10,1,No,No,High,ADJ-1066,Standard,Team Team Alpha,91.9,4.2
CLM-2025-02732,CNT-102732,CUST-38068,UT,Mountain,"$2,364.81 ",9/13/2025,9/15/2025,9/18/2025,10/12/2025,3,27,5,,0,No,No,Medium,ADJ-1028,Specialist,Team Gamma,87.3,7.4
CLM-2025-02733,CNT-102733,CUST-16076,GA,Southeast,"$6,126.49 ",12/12/2025,12/18/2025,12/22/2025,1/7/2026,4,20,2,3.34,,No,No,Medium,ADJ-1062,Standard,Team Beta,86.7,4.1
CLM-2025-02734,CNT-102734,CUST-32220,IL,Midwest,"$1,195.73 ",10/17/2025,10/20/2025,10/22/2025,11/6/2025,2,17,4,3.03,0,No,No,Medium,ADJ-1031,Senior,Team Team Alpha,93.4,5.9
CLM-2025-02735,CNT-102735,CUST-56190,FL,Southeast,N/A,7/11/2025,7/11/2025,7/13/2025,8/11/2025,2,31,3,4.05,0,No,No,Medium,ADJ-1036,Standard,Team Gamma,91.7,6.1
CLM-2025-02736,CNT-102736,CUST-34051,CO,Mountain,"$5,079.41 ",1/21/2025,1/23/2025,1/25/2025,2/24/2025,2,32,5,3.80,0,No,No,Medium,ADJ-1063,Standard,Team Team Alpha,97.6,7
CLM-2025-02737,CNT-102737,CUST-11192,CA,West,"$1,948.00 ",2/28/2025,2/28/2025,3/3/2025,3/11/2025,3,11,2,1.72,1,No,Yes,Medium,ADJ-1043,Trainee,Team SouthTeam West,83.4,6
CLM-2025-02738,CNT-102738,CUST-25624,CA,West,"$24,740.41 ",3/21/2025,3/22/2025,3/25/2025,5/1/2025,3,40,5,3.98,2,No,No,Major,ADJ-1044,Trainee,Team Team West,77.4,6.4
CLM-2025-02739,CNT-102739,CUST-31883,AZ,Southwest,,11/27/2025,11/29/2025,12/2/2025,12/10/2025,3,11 days,1,3.40,0,No,No,Medium,,Standard,Team Gamma,86.4,6.9
CLM-2025-02740,CNT-102740,CUST-36077,UT,Mountain,$697.80 ,2/2/2025,2/3/2025,2/5/2025,2/18/2025,2,15,3,3.12,0,No,No,Medium,ADJ-1024,Trainee,Team Beta,98.1,6.9
CLM-2025-02741,CNT-102741,CUST-70777,CA,West,"$7,669.14 ",6/22/2025,N/A,6/27/2025,7/25/2025,2,30,6,5.42,0,No,No,Medium,ADJ-1019,Trainee,Team Delta,95.6,4.8
CLM-2025-02742,CNT-102742,CUST-19045,GA,Southeast,"$12,524.41 ",11/29/2025,11/30/2025,12/1/2025,1/7/2026,1,38,N/A,4.27,0,No,No,Medium,ADJ-1075,Standard,Team Gamma,88.7,4.7
CLM-2025-02699,CNT-102743,CUST-38445,TX,South Central,"$3,158.90 ",5/27/2025,5/30/2025,6/2/2025,7/4/2025,3,-35,5,4.51,2,No,Yes,Low,ADJ-1049,Senior,Team Gamma,95.3,5.2
CLM-2025-02744,CNT-102744,CUST-51437,NM,Southwest,"$1,938.10 ",10/31/2025,10/31/2025,10/31/2025,11/12/2025,0,12,3,3.60,0,No,No,Medium,ADJ-1068,Senior,Team SouthTeam West,94.1,7
CLM-2025-02745,CNT-102745,CUST-25957,OR,West,"$1,143.58 ",3/3/2025,3/5/2025,3/7/2025,4/3/2025,2,29,5,3.33,1,No,No,High,ADJ-1053,Standard,Team Delta,94.2,5.6
CLM-2025-02746,CNT-102746,CUST-19163,AZ,Southwest,"$1,559.24 ",9/28/2025,9/30/2025,10/2/2025,10/11/2025,,11,2,1.91,1,No,No,Low,ADJ-1006,Standard,Team SouthTeam West,97.6,8.1
CLM-2025-02747,CNT-102747,CUST-24597,AZ,Southwest,"$1,469.63 ",4/8/2025,4/11/2025,4/13/2025,4/29/2025,2,18,2,N/A,1,No,No,Medium,ADJ-1064,Standard,Team Echo,96,7
CLM-2025-02748,CNT-102748,CUST-62824,IL,Midwest,"$4,403.62 ",11/3/2025,11/3/2025,11/5/2025,11/29/2025,2,26,3,4.14,0,No,No,Low,ADJ-1074,Trainee,Team Delta,100,5.2
CLM-2025-02749,CNT-102749,CUST-71443,CO,Mountain,"$7,677.79 ",4/22/2025,4/23/2025,4/23/2025,5/9/2025,0,16,1,2.04,0,No,No,Low,ADJ-1026,Trainee,Team Gamma,96.7,9.6
CLM-2025-02750,CNT-102750,CUST-48429,TX,South Central,"$4,487.66 ",6/23/2025,6/25/2025,6/26/2025,7/8/2025,1,13,4,4.59,1,No,Yes,Low,ADJ-1049,Senior,Team Team West,,5.3
CLM-2025-02751,CNT-102751,CUST-96783,IL,Midwest,N/A,6/13/2025,6/14/2025,6/15/2025,6/21/2025,1,7,1,0.82,1,,Yes,Low,ADJ-1031,Trainee,Team Beta,85.2,8.3
CLM-2025-02752,CNT-102752,CUST-68177,FL,Southeast,"$66,154.89 ",11/11/2025,11/12/2025,11/15/2025,1/5/2026,3,-54,4,2.72,0,Yes,No,Medium,ADJ-1045,Senior,Team Gamma,87.2,6.6
CLM-2025-02753,CNT-102753,CUST-72993,NV,Southwest,"$1,629.83 ",7/23/2025,7/25/2025,7/27/2025,7/26/2025,2,1,1,0.79,0,No,No,Low,ADJ-1029,Senior,Team Team West,93.6,8.7
CLM-2025-02754,CNT-102754,CUST-90480,UT,Mountain,"$1,627.78 ",8/29/2025,8/29/2025,9/1/2025,9/10/2025,,12,4,1.31,1,No,No,Medium,ADJ-1028,Standard,Team Team Alpha,91.3,7.2
CLM-2025-02755,CNT-102755,CUST-10174,CA,West,"$72,330.23 ",2/1/2025,2/2/2025,2/2/2025,4/11/2025,0,68,9,5.98,0,No,No,High,ADJ-1079,Standard,Team SouthTeam West,88.5,5.7
CLM-2025-02756,CNT-102756,CUST-10577,FL,Southeast,,8/4/2025,8/8/2025,8/10/2025,8/21/2025,2,13,2,2.90,1,No,Yes,Medium,ADJ-1010,Senior,Team Team West,96.5,7
CLM-2025-02757,CNT-102757,CUST-80827,GA,Southeast,"$7,574.31 ",11/8/2025,11/9/2025,11/13/2025,12/5/2025,4,26,3,3.99,0,Yes,No,Medium,ADJ-1051,Trainee,Team SouthTeam West,82.8,6.9
CLM-2025-02758,CNT-102758,CUST-12465,GA,Southeast,"$24,351.00 ",7/28/2025,7/31/2025,8/1/2025,9/7/2025,1,38,3,,0,No,No,Low,ADJ-1077,Standard,Team Beta,97.8,5.9
CLM-2025-02759,CNT-102759,CUST-15621,OR,West,"$4,333.15 ",8/1/2025,8/4/2025,8/7/2025,9/7/2025,3,34,3,1.18,0,No,Yes,Medium,ADJ-1017,Senior,Team Gamma,88.9,6.9
CLM-2025-02760,CNT-102760,CUST-50045,AZ,Southwest,"$18,617.19 ",4/6/2025,4/8/2025,4/10/2025,5/7/2025,2,29,5,1.36,1,No,No,Low,,Standard,Team Beta,95,8
CLM-2025-02761,CNT-102761,CUST-41206,TX,South Central,"$4,159.94 ",10/15/2025,10/17/2025,10/20/2025,11/20/2025,3,34,3,4.97,2,No,No,Medium,ADJ-1010,Senior,Team SouthTeam West,100,5.5
CLM-2025-02762,CNT-102762,CUST-72271,TX,South Central,$457.63 ,2/21/2025,2/22/2025,2/24/2025,2/25/2025,2,3,4,5.65,1,No,No,Low,ADJ-1068,Senior,Team Delta,93.6,6.4
CLM-2025-02763,CNT-102763,CUST-76419,NV,Southwest,"$2,270.45 ",6/13/2025,6/14/2025,6/15/2025,7/1/2025,1,17,2,2.94,0,No,No,Medium,ADJ-1078,Standard,Team Team Alpha,87.8,
CLM-2025-02764,CNT-102764,CUST-76758,CA,West,"$1,061.52 ",7/6/2025,7/7/2025,7/9/2025,7/16/2025,2,9,4,3.14,1,Yes,Yes,Medium,ADJ-1021,Senior,Team SouthTeam West,86.3,7.2
CLM-2025-02765,CNT-102765,CUST-61957,CA,West,"$1,974.99 ",10/3/2025,10/3/2025,10/5/2025,10/13/2025,2,10,3,3.74,0,No,No,Medium,ADJ-1041,Senior,Team Team Central,93,7.3
CLM-2025-02766,CNT-102766,CUST-73426,UT,Mountain,,8/17/2025,8/20/2025,8/21/2025,9/10/2025,1,21,4,3.07,0,No,No,Medium,ADJ-1029,Standard,Team SouthTeam West,98.2,7.4
CLM-2025-02767,CNT-102767,CUST-38250,TX,South Central,"$15,428.21 ",1/21/2025,1/22/2025,1/25/2025,3/8/2025,3,45,6,5.41,2,No,No, High ,ADJ-1031,Standard,Team SouthTeam West,87.4,6
CLM-2025-02768,CNT-102768,CUST-82421,IL,Midwest,"$5,857.01 ",12/2/2025,12/2/2025,12/5/2025,12/30/2025,3,28,5,4.51,0,No,No,Medium,ADJ-1074,Senior,Team Echo,88.8,5
CLM-2025-02769,CNT-102769,CUST-11612,AR,Southwest,"$8,575.12 ",4/26/2025,4/27/2025,4/29/2025,6/7/2025,2,41,5,4.00,0,No,No,High,ADJ-1065,Specialist,Team Team Central,85.7,6.5
CLM-2025-02770,CNT-102770,CUST-71894,TX,South Central,"$22,852.74 ",3/15/2025,3/17/2025,3/20/2025,5/1/2025,3,45,7,5.12,3,No,No,High,ADJ-1065,Senior,Team Beta,92.6,4.7
CLM-2025-02771,CNT-102771,CUST-15736,WA,West,"$2,058.20 ",4/23/2025,4/26/2025,,5/8/2025,1,12,1,3.56,0,No,No,Low,ADJ-1013,Standard,Team Team Alpha,85.1,8.1
CLM-2025-02772,CNT-102772,CUST-11564,OR,West,"$1,781.17 ",7/21/2025,7/21/2025,7/22/2025,7/25/2025,1,4,4,2.57,0,No,No,Medium,ADJ-1006,Standard,Team SouthTeam West,100,7.5
CLM-2025-02773,CNT-102773,CUST-43849,NV,Southwest,"$31,109.97 ",5/31/2025,6/1/2025,6/3/2025,8/2/2025,2,62,7,2.85,0,No,No,Medium,ADJ-1029,Standard,Team Team West,94.8,6.3
CLM-2025-02774,CNT-102774,CUST-38476,CA,West,"($5,308.84)",5/23/2025,5/23/2025,5/24/2025,13/32/2025,1,N/A,3,4.40,1,No,No,High,ADJ-1036,Standard,Team Delta,92,7.7
CLM-2025-02775,CNT-102775,CUST-36298,FL,Southeast,"$6,682.33 ",1/25/2025,1/28/2025,1/29/2025,2/15/2025,1,18,1,1.99,0,,No,Low,ADJ-1001,Specialist,Team Delta,,6.9
CLM-2025-02776,CNT-102776,CUST-51270,NV,Southwest,"$8,892.28 ",3/12/2025,3/12/2025,3/13/2025,4/27/2025,-1,46,3,3.17,0,No,No,Medium,ADJ-1060,Trainee,Team Team West,93.8,6.7
CLM-2025-02777,CNT-102777,CUST-66775,TX,South Central,"$9,079.95 ",1/11/2025,1/11/2025,1/14/2025,3/7/2025,3,55,6,6.00,2,No,No,High,ADJ-1053,Standard,Team Gamma,90.3,4.2
CLM-2025-02778,CNT-102778,CUST-24356,TX,South Central,"$1,687.52 ",4/21/2025,4/25/2025,4/28/2025,5/17/2025,3,22,4,6.26,0,No,No,Low,ADJ-1052,Senior,Team Team West,88.7,6.4
CLM-2025-02779,CNT-102779,CUST-35378,AZ,Southwest,$776.00 ,,12/16/2025,12/20/2025,1/6/2026,4,21,3,2.96,0,Yes,No,Medium,ADJ-1016,Senior,Team Beta,84.1,4.5
CLM-2025-02780,CNT-102780,CUST-67065,CA,West,"$67,328.05 ",,5/22/2025,5/22/2025,7/18/2025,0,57,5,4.42,0,No,No,Medium,ADJ-1022,Standard,Team Delta,95.8,6.4
CLM-2025-02781,CNT-102781,CUST-16846,FL,Southeast,"$21,780.21 ",12/8/2025,12/9/2025,12/9/2025,1/16/2026,N/A,38,5,4.63,1,No,Yes,Medium,ADJ-1071,Senior,Team Team West,94.4,6.1
CLM-2025-02782,CNT-102782,CUST-52409,WA,West,"$2,283.66 ",7/4/2025,7/4/2025,7/4/2025,7/6/2025,0,2,1,2.40,1,No,No,Low,ADJ-1034,Senior,Team Team West,90.5,8.9
CLM-2025-02783,CNT-102783,CUST-96091,NV,Southwest,"$4,116.69 ",9/1/2025,9/2/2025,9/3/2025,9/24/2025,5,22,3,2.97,0,No,No,Medium,ADJ-1010,Standard,Team SouthTeam West,98.3,6.6
CLM-2025-02784,CNT-102784,CUST-90454,TX,South Central,"$45,045.69 ",11/20/2025,11/20/2025,11/23/2025,1/24/2026,3,65,7,6.51,3,,No,High,ADJ-1038,Senior,Team Team West,82.8,6.2
CLM-2025-02785,CNT-102785,CUST-84792,NM,Southwest,"$3,352.52 ",5/7/2025,5/10/2025,5/9/2025,6/2/2025,-1,23,1,0.61,1,No,No,Medium,ADJ-1053,Standard,Team Team West,93.7,9.6
CLM-2025-02786,CNT-102786,CUST-38659,CA,West,"$1,005.32 ",4/19/2025,4/23/2025,4/26/2025,4/28/2025,0,5,3,1.79,0,No,No,Low,ADJ-1018,,Team Team West,94.3,
CLM-2025-02787,CNT-102787,CUST-92968,CO,Mountain,"$1,979.37 ",3/7/2025,3/12/2025,3/14/2025,3/28/2025,2,16,3,3.58,0,No,No,Medium,ADJ-1012,Senior,Team Gamma,93.8,6.8
CLM-2025-02788,CNT-102788,CUST-13650,TX,South Central,"$1,232.80 ",3/16/2025,3/20/2025,3/21/2025,3/28/2025,1,8,4,3.49,2,No,,Low,ADJ-1036,Standard,,90.9,6.2
CLM-2025-02789,CNT-102789,CUST-56373,NV,Southwest,"$4,194.70 ",9/3/2025,9/8/2025,9/8/2025,9/27/2025,0,19,2,3.04,0,Yes,No,Low,ADJ-1058,Standard,Team Team Central,93.6,5.5
CLM-2025-02790,CNT-102790,UNKNOWN,AZ,Southwest,"$6,853.06 ",11/4/2025,11/6/2025,11/9/2025,11/14/2025,3,8,2,3.41,0,No,No,Low,ADJ-1076,Senior,Team Echo,N/A,6.6
CLM-2025-00385,CNT-102791,CUST-70684,IL,Midwest,"$2,733.73 ",10/23/2025,10/23/2025,10/24/2025,10/19/2025,1,-4,3,2.70,0,No,No,Low,ADJ-1014,Standard,Team Team West,85.7,7
CLM-2025-02792,CNT-102792,CUST-93318,IL,Midwest,"$1,544.24 ",3/12/2025,3/14/2025,3/15/2025,3/26/2025,1,12,2,N/A,1,No,No,Medium,ADJ-1060,Senior,Team Echo,95.8,7.3
CLM-2025-02793,CNT-102793,CUST-48007,TX,South Central,"$3,740.55 ",1/8/2025,1/10/2025,1/11/2025,2/9/2025,1,,5,5.09,2,No,No,Medium,ADJ-1001,Standard,Team Team Central,99.3,6.6
CLM-2025-02794,CNT-102794,CUST-85794,CO,Mountain,"$6,583.58 ",7/21/2025,7/26/2025,7/28/2025,7/31/2025,2,5,3,2.93,0,No,No,Minor,ADJ-1001,Senior,Team Gamma,91.5,7
CLM-2025-02795,CNT-102795,CUST-62443,GA,Southeast,"$1,363.03 ",8/30/2025,9/3/2025,9/5/2025,9/22/2025,2,19,4,3.80,1,No,Yes,Medium,ADJ-1049,Specialist,Team Gamma,87.1,4.8
CLM-2025-02796,CNT-102796,CUST-22300,UT,Mountain,"$1,478.69 ",10/29/2025,11/2/2025,11/4/2025,11/16/2025,2,14,4,4.49,1,No,No,Low,ADJ-1004,Senior,Team Delta,N/A,6.7
CLM-2025-02797,CNT-102797,CUST-48697,GA,Southeast,"$1,146.50 ",6/21/2025,6/24/2025,6/26/2025,7/2/2025,2,8,3,1.58,1,No,No,Medium,ADJ-1009,Standard,Team Echo,91.5,7.6
CLM-2025-02798,CNT-102798,CUST-88802,CA,West,"$5,974.53 ",4/25/2025,4/28/2025,4/28/2025,5/6/2025,0,8,2,3.78,0,No,No,Medium,ADJ-1019,Specialist,Team Team Alpha,85.4,7.9
CLM-2025-02799,CNT-102799,CUST-13832,UT,Mountain,"$1,950.23 ",3/31/2025,4/1/2025,4/4/2025,4/18/2025,3,17,2,1.14,0,Yes,Yes,Medium,ADJ-1040,Standard,Team Gamma,81,6.4
CLM-2025-02800,CNT-102800,CUST-72362,AZ,Southwest,"$1,396.60 ",4/3/2025,,4/7/2025,4/10/2025,3,6,1,1.27,0,No,No,Low,ADJ-1017,Senior,Team Team Alpha,93.9,7.2
CLM-2025-02801,CNT-102801,CUST-93809,CO,Mountain,"$3,630.15 ",7/11/2025,7/14/2025,7/17/2025,8/12/2025,3,29,3,2.65,1,No,No,High,ADJ-1019,Standard,Team Team Alpha,86.7,6
CLM-2025-02802,CNT-102802,CUST-13444,CA,West,$985.02 ,10/14/2025,10/15/2025,10/18/2025,11/12/2025,3,28,6,4.70,1,,No,High,ADJ-1005,Standard,Team Echo,84.7,5.6
CLM-2025-02803,CNT-102803,CUST-95344,CA,West,"$7,065.15 ",9/5/2025,9/6/2025,9/6/2025,10/9/2025,0,N/A,3,4.25,0,No,No,Medium,ADJ-1062,Standard,Team SouthTeam West,99.5,6.1
CLM-2025-02804,CNT-102804,CUST-72640,AZ,Southwest,"$2,388.20 ",9/8/2025,9/9/2025,9/10/2025,9/16/2025,1,7,3,3.76,1,No,No,Medium,ADJ-1031,Senior,Team Delta,86,6.2
CLM-2025-02805,CNT-102805,CUST-52693,TX,South Central,"$2,241.98 ",6/27/2025,,7/3/2025,7/23/2025,1,21,4,5.77,2,No,No,High,ADJ-1047,Senior,Team Team Alpha,91.1,5
CLM-2025-02806,CNT-102806,CUST-79543,CA,West,"$2,837.55 ",6/9/2025,,6/12/2025,7/18/2025,3,34,4,4.32,1,No,No,High,ADJ-1009,Senior,Team Echo,100,7.1
CLM-2025-02807,CNT-102807,CUST-71828,AZ,Southwest,"$4,132.80 ",7/6/2025,7/6/2025,7/6/2025,N/A,0,-1,1,2.34,N/A,No,No,Low,ADJ-1006,Senior,Team Beta,96.4,
CLM-2025-02808,CNT-102808,CUST-58111,OR,West,"$4,402.58 ",9/18/2025,,9/20/2025,10/6/2025,-1,17,2,1.82,0,,No,Low,ADJ-1070,Trainee,Team SouthTeam West,100,6.6
CLM-2025-02809,CNT-102809,CUST-22724,OR,West,"$5,273.36 ",7/16/2025,7/18/2025,7/20/2025,8/10/2025,2,23,4,3.27,0,No,No,Medium,ADJ-1040,Standard,Team Team West,,6.4
CLM-2025-02810,CNT-102810,CUST-77198,WA,West,"$1,903.68 ",8/20/2025,8/21/2025,8/24/2025,9/2/2025,1,12,3,3.23,0,No,No,Medium,ADJ-1017,Standard,Team Team Alpha,91.4,6.4
CLM-2025-02811,CNT-102811,CUST-26861,NV,Southwest,"$14,956.81 ",5/13/2025,5/15/2025,5/17/2025,6/12/2025,2,28,4,3.59,1,No,No,Medium,ADJ-1054,Standard,Team Team Central,99.4,7.1
CLM-2025-02812,CNT-102812,CUST-50919,UT,Mountain,"$40,526.35 ",4/10/2025,4/12/2025,4/12/2025,6/20/2025,0 days,69,8,4.15,0,No,No,Medium,ADJ-1068,Standard,Team Gamma,95.4,6.4
CLM-2025-02813,CNT-102813,CUST-78333,AZ,Southwest,"$4,542.26 ",11/29/2025,11/29/2025,11/29/2025,12/27/2025,0,28,5,4.47,0,No,No,Medium,ADJ-1056,Standard,Team Delta,98.8,8.6
CLM-2025-02814,CNT-102814,CUST-49897,TX,South Central,"$1,881.52 ",7/1/2025,7/5/2025,7/8/2025,7/22/2025,3,17,4,5.02,0,No,No,Low,ADJ-1048,Standard,Team Central,90.5,7.1
CLM-2025-02815,CNT-102815,CUST-42466,FL,Southeast,"$5,256.49 ",4/28/2025,5/1/2025,5/2/2025,5/20/2025,1,19,4,1.19,0,No,No,Low,ADJ-1033,Trainee,Team Delta,98.2,7.2
CLM-2025-02816,CNT-102816,CUST-77614,CA,West,$622.32 ,8/24/2025,8/25/2025,8/28/2025,8/21/2025,3,-4,3,4.55,0,No,No,Medium,ADJ-1060,Senior,Team Team Alpha,95.2,6.1
CLM-2025-02817,CNT-102817,CUST-17165,UT,Mountain,"$1,068.39 ",12/2/2025,12/3/2025,12/7/2025,12/24/2025,4,21,1,2.29,1,Yes,Yes,High,ADJ-1040,Standard,Team Team Alpha,71.1,3.3
CLM-2025-02818,CNT-102818,CUST-18227,NV,Southwest,"$2,401.50 ",1/20/2025,1/20/2025,1/20/2025,1/21/2025,0,1,2,2.57,0,No,No,Low,ADJ-1037,Standard,Team Gamma,88,9.7
CLM-2025-02819,CNT-102819,CUST-90883,IL,Midwest,"$6,326.91 ",5/20/2025,5/20/2025,5/21/2025,6/11/2025,1,22,4,2.80,0,No,No,Medium,ADJ-1038,Standard,Team Echo,95.8,7.6
CLM-2025-02820,CNT-102820,CUST-47521,FL,Southeast,"$1,345.06 ",4/22/2025,4/23/2025,4/24/2025,5/4/2025,1,11,4,2.11,1,No,No,Low,ADJ-1015,Trainee,Team Echo,100,8.4
CLM-2025-02821,CNT-102821,CUST-61450,GA,Southeast,$763.38 ,7/4/2025,7/6/2025,7/6/2025,7/12/2025,0,6,1,2.57,0,No,No,Low,ADJ-1026,Senior,Team Gamma,86.4,8
CLM-2025-02822,CNT-102822,UNKNOWN,UT,Mountain,"$1,584.84 ",3/2/2025,3/2/2025,3/4/2025,4/1/2025,2,30,4,1.02,0,No,,Medium,ADJ-1021,Standard,Team Gamma,92.4,8.1
CLM-2025-02823,CNT-102823,CUST-31622,TX,South Central,"$8,316.64 ",6/15/2025,6/18/2025,6/19/2025,7/16/2025,1,28,6,5.71,0,,No,Medium,ADJ-1055,Senior,Team Team Central,100,5.8
CLM-2025-02824,CNT-102824,CUST-85707,NV,Southwest,"$13,036.46 ",11/25/2025,11/26/2025,11/28/2025,12/27/2025,2,31,6,4.41,0,No,No,Low,ADJ-1045,Senior,Team Echo,93.8,11
CLM-2025-02825,CNT-102825,CUST-30701,AR,Southwest,$847.27 ,9/1/2025,9/5/2025,9/5/2025,9/12/2025,0,7,2,0.20,1,No,No,Low,ADJ-1024,Standard,Team Gamma,96.4,10
CLM-2025-02826,CNT-102826,CUST-75165,AZ,Southwest,"$4,405.72 ",9/26/2025,9/26/2025,9/27/2025,10/17/2025,1,21,1,0.95,0,No,No,Medium,ADJ-1067,Standard,Team Team Central,92.8,7.9
CLM-2025-02827,CNT-102827,CUST-27427,WA,West,"$1,301.05 ",2/8/2025,2/8/2025,2/11/2025,3/1/2025,3,21,5,N/A,0,No,No,High,ADJ-1074,Standard,Team Echo,87.1,7.7
CLM-2025-02828,CNT-102828,UNKNOWN,GA,Southeast,"$1,737.54 ",8/11/2025,8/14/2025,8/15/2025,9/7/2025,1,24,5,4.66,0,No,No,High,ADJ-1045,Standard,Team Beta,91.5,5
CLM-2025-02829,CNT-102829,CUST-47907,CA,West,"$4,175.90 ",1/16/2025,1/16/2025,1/17/2025,2/1/2025,1,6,3,4.22,0,No,Yes,Medium,ADJ-1020,Standard,Team Team Alpha,89.1,5
CLM-2025-02830,CNT-102830,CUST-89591,TX,South Central,"$5,933.70 ",7/1/2025,7/3/2025,7/5/2025,7/24/2025,2,21,6,5.75,1,No,No,Low,ADJ-1072,Senior,Team Echo,83.8,4.6
CLM-2025-02831,CNT-102831,CUST-18178,OR,West,"$16,951.35 ",8/28/2025,8/28/2025,8/29/2025,10/4/2025,3,37,5,1.46,1,No,No,HIGH,ADJ-1048,Specialist,Team SouthTeam West,90.7,9.9
CLM-2025-02832,CNT-102832,CUST-47718,WA,West,"$2,484.56 ",4/20/2025,4/22/2025,4/22/2025,4/26/2025,0,4,1,2.50,0,No,No,Low,ADJ-1060,Senior,Team Delta,90.9,7.9
CLM-2025-02833,CNT-102833,CUST-71865,NV,Southwest,"$1,241.36 ",4/9/2025,4/10/2025,4/11/2025,4/19/2025,1,9,2,3.03,0,No,No,Low,ADJ-1015,Standard,Team Echo,99.5,7.7
CLM-2025-02834,CNT-102834,CUST-16888,TX,South Central,"$74,091.08 ",9/7/2025,9/8/2025,9/12/2025,9/3/2025,4,-5,7,6.22,1,No,Yes,High,ADJ-1035,Senior,Team Beta,87.6,2.1
CLM-2025-02835,CNT-102835,CUST-73855,WA,West,"$3,910.86 ",10/6/2025,10/7/2025,10/10/2025,10/29/2025,3,22,1,1.51,0,No,No,Low,ADJ-1048,Standard,Team Team Central,84.9,6.6
CLM-2025-02836,CNT-102836,CUST-14416,UT,Mountain,"$21,095.49 ",11/23/2025,11/25/2025,11/26/2025,12/27/2025,1,32,3,1.02,0,No,No,Low,ADJ-1008,Standard,Team SouthTeam West,92.2,7.4
CLM-2025-02837,CNT-102837,CUST-49554,OR,West,"$1,383.76 ",4/27/2025,4/27/2025,4/30/2025,4/28/2025,3,1,1,1.97,0,No,No,Low,ADJ-1013,Standard,Team Beta,87.3,8
CLM-2025-02838,CNT-102838,CUST-71395,TX,South Central,"$2,474.40 ",7/24/2025,7/27/2025,8/1/2025,8/8/2025,5,12,6,4.96,0,No,No,Medium,ADJ-1010,Senior,Team Delta,96.3,
CLM-2025-02839,CNT-102839,CUST-21350,TX,South Central,"$24,544.55 ",4/22/2025,4/22/2025,4/23/2025,6/10/2025,1,49,7,4.55,1,No,Yes,High,ADJ-1002,Standard,Team SouthTeam West,86.3,6
CLM-2025-02840,CNT-102840,CUST-35740,CA,West,"$2,382.13 ",6/21/2025,6/21/2025,6/23/2025,6/28/2025,2,7,2,3.05,0,No,No,Low,ADJ-1080,Standard,Team Team West,93,7.5
CLM-2025-02841,CNT-102841,CUST-25111,NV,Southwest,"$15,419.47 ",5/11/2025,5/15/2025,5/18/2025,7/9/2025,3,N/A,6,1.56,1,Yes,Yes, High ,ADJ-1070,Senior,Team Delta,71.9,3.8
CLM-2025-02842,CNT-102842,CUST-36169,WA,West,"$18,293.86 ",7/19/2025,7/19/2025,7/21/2025,8/30/2025,2,42,7,3.66,2,No,No,High,ADJ-1004,Trainee,Team SouthTeam West,89.4,5.6
CLM-2025-02843,CNT-102843,CUST-24898,TX,South Central,"$21,452.10 ",11/27/2025,12/1/2025,12/4/2025,1/11/2026,3,41,7,4.50,1,No,No,Low,ADJ-1016,Standard,Team Echo,94.4,5.4
CLM-2025-02844,CNT-102844,CUST-73350,AZ,Southwest,"$1,903.25 ",8/4/2025,8/10/2025,8/12/2025,8/17/2025,2,7,2,1.47,1,No,No,Low,ADJ-1035,Senior,Team Beta,99,N/A
CLM-2025-02845,CNT-102845,CUST-74595,WA,West,"$3,491.35 ",9/21/2025,9/24/2025,9/24/2025,10/26/2025,0,32,5,1.84,0,No,No,Medium,ADJ-1025,Specialist,Team Team Alpha,97.9,6.4
CLM-2025-02846,CNT-102846,CUST-29474,TX,South Central,"$6,994.47 ",3/15/2025,3/15/2025,3/17/2025,4/6/2025,2,22,5,4.83,2,No,No,Low,ADJ-1042,,,88.9,6.1
CLM-2025-02847,CNT-102847,CUST-94352,AZ,Southwest,"$39,575.42 ",2/18/2025,2/21/2025,2/23/2025,4/8/2025,2,46,1,1.18,N/A,No,No,Low,ADJ-1078,Standard,Team Team Central,89.6,6.8
CLM-2025-02848,CNT-102848,CUST-82546,UT,Mountain,"$22,430.18 ",5/3/2025,5/5/2025,5/7/2025,6/23/2025,2,49,6,3.66,1,No,No,High,ADJ-1022,Standard,Team Delta,95.2,6.5
CLM-2025-02849,CNT-102849,CUST-62561,CA,West,"$22,018.08 ",10/18/2025,10/19/2025,10/23/2025,12/7/2025,4,49,8,5.30,2,No,Yes,high,ADJ-1079,Standard,Team Delta,87.3,4.1
CLM-2025-02850,CNT-102850,CUST-91953,IL,Midwest,"$2,674.73 ",12/12/2025,12/13/2025,12/15/2025,1/6/2026,2,24 days,6,,0,No,Yes,Medium,ADJ-1014,Specialist,Team Delta,89.5,6.9
CLM-2025-02851,CNT-102851,CUST-49488,TX,South Central,"$13,483.26 ",11/17/2025,11/23/2025,11/26/2025,1/1/2026,3,39,8,5.58,2,No,No,High,ADJ-1017,Standard,Team Team Central,94.1,5.2
CLM-2025-02852,CNT-102852,CUST-90268,AZ,Southwest,"$3,431.03 ",8/28/2025,8/30/2025,8/31/2025,9/21/2025,1,22,,,0,No,No,Medium,ADJ-1023,Senior,Team Team Alpha,92.5,7
CLM-2025-02853,CNT-102853,CUST-46521,TX,South Central,"$4,791.85 ",7/13/2025,7/16/2025,7/17/2025,8/2/2025,-1,17,3,5.47,0, no ,No,Medium,ADJ-1077,Standard,Team Team Alpha,95,6.7
CLM-2025-02854,CNT-102854,CUST-41755,FL,Southeast,,5/1/2025,5/4/2025,5/5/2025,6/8/2025,5,35,5,3.57,1,No,No,High,ADJ-1071,Standard,Team Delta,95.6,7
CLM-2025-02855,CNT-102855,CUST-28932,NM,Southwest,"$3,069.02 ",5/25/2025,5/27/2025,5/27/2025,5/24/2025,0,-3,1,2.79,1,No,No,Medium,ADJ-1078,Senior,,84.8,7.5
CLM-2025-02856,CNT-102856,CUST-36588,WA,West,"$7,073.49 ",1/5/2025,1/9/2025,1/11/2025,2/6/2025,2 days,28,7,3.49,0,No,No,,ADJ-1006,Specialist,Team Team Alpha,96.9,6.9
CLM-2025-02857,CNT-102857,CUST-43890,OR,West,"$9,525.79 ",4/3/2025,4/5/2025,4/7/2025,5/14/2025,2,39,5,3.60,1,,Yes,Medium,ADJ-1019,Standard,Team Gamma,94,6.3
CLM-2025-02858,CNT-102858,CUST-80541,NV,Southwest,"$1,562.67 ",11/6/2025,11/6/2025,11/8/2025,11/27/2025,2,21,5,4.10,0,No,No,Medium,ADJ-1015,Senior,Team Echo,91.2,5.8
CLM-2025-02859,CNT-102859,CUST-77202,AZ,Southwest,"$1,291.09 ",8/24/2025,8/25/2025,8/28/2025,9/20/2025,3,26,1,1.78,2,No,Yes,High,ADJ-1056,Trainee,Team Delta,88.5,7.3
CLM-2025-02860,CNT-102860,CUST-74983,TX,South Central,"$2,277.35 ",11/8/2025,11/9/2025,11/12/2025,11/26/2025,3,17,3,4.12,0,No,No,Medium,ADJ-1056,Standard,Team Delta,86.9,6.8
CLM-2025-02861,CNT-102861,CUST-36348,TX,South Central,"$5,151.68 ",6/6/2025,6/9/2025,6/12/2025,6/29/2025,3,20,2,5.00,0,No,No,Medium,ADJ-1019,Standard,Team Team Alpha,88,5
CLM-2025-02862,CNT-102862,CUST-71804,GA,Southeast,"$33,915.52 ",11/26/2025,11/29/2025,11/30/2025,1/15/2026,1,47,6,4.09,1,No,No,LOW,ADJ-1063,Standard,Team Team Central,96.5,6.3
CLM-2025-02863,CNT-102863,CUST-64275,CA,West,"$4,754.40 ",9/1/2025,9/4/2025,9/7/2025,10/13/2025,3,39,6,3.60,1,No,No,High,ADJ-1049,Standard,Team SouthTeam West,88.9,5.2
CLM-2025-02864,CNT-102864,CUST-54138,TX,South Central,$745.14 ,9/17/2025,9/21/2025,9/25/2025,9/28/2025,4,7,2,3.64,1,No,No,Medium,ADJ-1030,Senior,Team Beta,92.4,6.8
CLM-2025-02865,CNT-102865,CUST-78148,CA,West,"$3,494.26 ",2/3/2025,2/3/2025,2/4/2025,2/26/2025,1,23,3,2.81,0,No,No,Medium,ADJ-1019,Standard,Team Team Central,95.1,7.7
CLM-2025-02866,CNT-102866,CUST-25937,GA,Southeast,"$7,786.31 ",3/16/2025,3/17/2025,3/18/2025,4/20/2025,1,34,3,1.78,0,No,No,Medium,ADJ-1079,Senior,Team Team Central,86.1,8.1
CLM-2025-01244,CNT-102867,CUST-69130,NV,Southwest,"$2,638.39 ",3/16/2025,3/18/2025,3/20/2025,4/13/2025,2,26,5,2.25,1,No,No,low,ADJ-1016,Senior,Team Echo,96,5.7
CLM-2025-02868,CNT-102868,CUST-95321,IL,Midwest,"$1,202.81 ",3/17/2025,3/17/2025,3/18/2025,N/A,1,13,2,1.61,0,No,No,LOW,ADJ-1058,Senior,Team Beta,87.8,7.6
CLM-2025-02869,CNT-102869,CUST-85565,CA,West,"$2,280.79 ",9/13/2025,9/14/2025,9/18/2025,10/6/2025,4,22,2,2.54,0,No,No,,ADJ-1029,Standard,Team Team Alpha,94,5.8
CLM-2025-02870,CNT-102870,CUST-60724,CA,West,"$4,830.24 ",9/8/2025,9/10/2025,9/14/2025,9/5/2025,4,-5,5,3.02,1,No,Yes,Medium,ADJ-1007,Senior,Team Team West,90.7,5.2
CLM-2025-02871,CNT-102871,CUST-65657,FL,Southeast,"$11,159.82 ",10/22/2025,10/22/2025,10/22/2025,12/4/2025,0,43,5,3.11,0,No,Yes,Medium,ADJ-1076,Senior,Team Team Alpha,89.8,6.4
CLM-2025-02872,CNT-102872,CUST-23207,CO,Mountain,"$1,498.55 ",1/23/2025,,1/29/2025,2/3/2025,1,6,2,3.23,0,No,No,Low,ADJ-1014,Standard,Team Beta,90,7.8
CLM-2025-02873,CNT-102873,CUST-71941,FL,Southeast,"$15,620.02 ",10/8/2025,10/9/2025,10/12/2025,12/3/2025,3,55,6,4.01,1,No,No,Medium,ADJ-1018,Trainee,Team Delta,97.5,5.1
CLM-2025-02874,CNT-102874,CUST-47566,WA,West,"$3,975.58 ",9/29/2025,9/30/2025,9/30/2025,10/18/2025,0,18,2,3.54,0,No,No,Low,ADJ-1074,Standard,Team West,92.9,6.6
CLM-2025-02875,CNT-102875,CUST-63345,CA,West,"$21,963.16 ",4/20/2025,4/25/2025,4/27/2025,5/29/2025,-2,34,5,5.53,0,No,Yes,Low,ADJ-1040,Standard,Team Team Central,90.6,5.3
CLM-2025-02876,CNT-102876,CUST-22321,CA,West,"$1,131.41 ",4/30/2025,5/2/2025,5/4/2025,5/31/2025,2,29,5,3.34,2,,No,High,ADJ-1006,Standard,Team Team Alpha,91.4,6.1
CLM-2025-02877,CNT-102877,CUST-56790,TX,South Central,"$40,643.75 ",11/1/2025,11/3/2025,11/6/2025,12/26/2025,3,53,7,7.56,0,No,No,Low,ADJ-1070,Senior,Team Echo,82.4,5.6
CLM-2025-02878,CNT-102878,CUST-74509,NM,Southwest,"$7,062.96 ",12/24/2025,12/26/2025,12/28/2025,1/23/2026,2,28,4,N/A,1, no ,No,Low,ADJ-1058,Standard,Team Gamma,96.7,8.4
CLM-2025-02879,CNT-102879,CUST-87291,WA,West,"$3,491.63 ",,3/19/2025,3/21/2025,5/2/2025,2,44,2,4.50,1,No,No,High,ADJ-1027,Senior,Team Team Central,93,6.6
CLM-2025-02880,CNT-102880,CUST-51323,TX,Unknown,"$51,675.90 ",12/11/2025,12/16/2025,12/21/2025,2/25/2026,5,71,7,6.57,3,Yes,No,High,ADJ-1061,Specialist,Team Gamma,83.4,4.3
CLM-2025-02881,CNT-102881,CUST-80561,NV,Southwest,$833.70 ,9/5/2025,9/10/2025,9/10/2025,9/29/2025,0,19,3,0.76,,No,No,Low,ADJ-1057,Senior,Team Beta,,N/A
CLM-2025-02882,CNT-102882,CUST-92533,CA,West,$854.21 ,10/17/2025,10/22/2025,10/25/2025,11/1/2025,3,10,6,5.13,0,Yes,No,Medium,ADJ-1055,Trainee,Team Echo,93.4,6.2
CLM-2025-02883,CNT-102883,CUST-88945,OR,West,"$16,883.18 ",6/17/2025,6/17/2025,6/20/2025,8/4/2025,3,48,4,1.03,2,No,Yes,High,ADJ-1009,Senior,Team Delta,89,8.2
CLM-2025-02884,CNT-102884,CUST-28985,NV,Southwest,"$7,197.13 ",10/28/2025,10/31/2025,11/1/2025,11/29/2025,1,29,5,4.81,0,No,No,Low,ADJ-1049,Standard,Team Delta,95.9,7.2
CLM-2025-02885,CNT-102885,CUST-95419,AZ,Southwest,"$1,092.78 ",12/10/2025,12/10/2025,12/9/2025,1/1/2026,-1,22,5,4.21,1,No,No,High,ADJ-1074,Standard,Team Team Alpha,95.7,5.9
CLM-2025-02886,CNT-102886,CUST-84121,AZ,Southwest,"$5,072.79 ",9/10/2025,9/14/2025,9/14/2025,9/28/2025,0,14,3,1.28,1,No,No,Low,ADJ-1005,Senior,Team Gamma,85.5,8.5
CLM-2025-02887,CNT-102887,CUST-66891,CA,West,"$1,883.00 ",12/1/2025,12/5/2025,12/7/2025,12/31/2025,2,26,5,3.41,0,No,No,Medium,ADJ-1066,Standard,Team Team Alpha,97.6,7.5
CLM-2025-02888,CNT-102888,CUST-65202,AZ,Southwest,"$1,202.11 ",2/20/2025,2/20/2025,2/22/2025,3/9/2025,2,17,2,1.11,1,No,Yes,Medium,ADJ-1043,Senior,Team Delta,N/A,6.6
CLM-2025-02889,CNT-102889,CUST-78696,CA,West,"$1,491.60 ",9/19/2025,9/19/2025,9/21/2025,,2,9,3,3.86,2,No,No,High,ADJ-1032,Standard,Team Team West,91.7,5.6
CLM-2025-02890,CNT-102890,CUST-64298,CA,West,"$23,384.95 ",3/21/2025,3/21/2025,3/21/2025,,0,27,4,4.63,1,No,No,Low,ADJ-1048,Standard,Team Delta,91.8,7.6
CLM-2025-02891,CNT-102891,CUST-95122,GA,Southeast,"$5,643.00 ",7/13/2025,7/19/2025,7/21/2025,8/14/2025,2,16,2,2.45,0,No,No,Medium,ADJ-1031,Trainee,Team Gamma,94,8.4
CLM-2025-02892,CNT-102892,CUST-57737,AZ,Southwest,$960.39 ,8/27/2025,8/28/2025,8/29/2025,9/19/2025,1,22,,0.82,0,No,No,Medium,ADJ-1014,Standard,Team Team West,90.9,8.5
CLM-2025-02893,CNT-102893,CUST-57903,GA,Southeast,"$13,471.62 ",3/21/2025,3/21/2025,3/22/2025,5/5/2025,1,50,3,1.87,1,No,No,High,ADJ-1015,Senior,Team Delta,89.2,7.8
CLM-2025-02894,CNT-102894,CUST-10916,TX,Unknown,"$1,843.27 ",,6/11/2025,6/13/2025,7/4/2025,2,23,2,5.76,,No,Yes,High,ADJ-1040,Senior,Team Team Alpha,91.8,4.6
CLM-2025-02895,CNT-102895,CUST-92360,WA,West,"$1,108.14 ",11/29/2025,11/29/2025,12/1/2025,12/2/2025,2,3,2,2.05,1,No,Yes,Low,ADJ-1057,Standard,Team Team Alpha,84.8,6.1
CLM-2025-02896,CNT-102896,CUST-83388,NM,Southwest,"$1,737.25 ",3/17/2025,3/19/2025,3/23/2025,,4,14,3,3.72,,No,No,Low,ADJ-1052,Standard,Team SouthTeam West,89.4,4.5
CLM-2025-02897,CNT-102897,CUST-73324,CO,Mountain,"$2,184.25 ",3/31/2025,4/1/2025,4/1/2025,4/18/2025,0,17,2,2.64,0,No,No,Medium,ADJ-1075,Standard,Team Team West,87.8,9.6
CLM-2025-02898,CNT-102898,CUST-90926,TX,Unknown,"$1,309.34 ",11/1/2025,11/1/2025,11/2/2025,11/23/2025,1,22,7,7.59,2,No,No,,ADJ-1054,Senior,Team Beta,89.7,5.9
CLM-2025-02899,CNT-102899,CUST-80420,NV,Southwest,"$1,200.51 ",11/22/2025,11/22/2025,11/22/2025,12/5/2025,0,13,4,3.30,0,No,No,Medium,ADJ-1052,Senior,,93.7,7
CLM-2025-02900,CNT-102900,CUST-81565,CO,Mountain,"$5,002.90 ",11/9/2025,11/10/2025,11/11/2025,12/8/2025,1,28,4,2.04,0,No,No,Low,ADJ-1050,Trainee,Team Team Central,92.5,7.8
CLM-2025-02901,CNT-102901,CUST-50579,CO,Mountain,"$7,215.84 ",10/2/2025,10/4/2025,10/5/2025,11/1/2025,1,28,6,2.34,2,Yes,No,High,ADJ-1032,Standard,Team Team Central,89.8,
CLM-2025-02902,CNT-102902,CUST-75669,IL,Midwest,"$1,698.73 ",11/29/2025,11/29/2025,12/3/2025,12/23/2025,4,24,1,4.47,2,No,No,Medium,ADJ-1069,Trainee,Team Team West,91.2,4.3
CLM-2025-02903,CNT-102903,CUST-98990,NV,Southwest,"$1,686.47 ",7/28/2025,7/30/2025,8/2/2025,8/2/2025,3,3,2,2.01,0,,No,Low,ADJ-1001,Senior,Team Delta,87.9,8.2
CLM-2025-02904,CNT-102904,CUST-20819,UT,Mountain,"$7,892.96 ",6/21/2025,6/25/2025,6/26/2025,7/13/2025,1,18,2,0.20,1, no ,Yes,Medium,ADJ-1070,Standard,Team SouthTeam West,88.7,7
CLM-2025-02905,CNT-102905,CUST-12688,CO,Mountain,$516.38 ,2/17/2025,2/20/2025,13/32/2025,3/7/2025,0,15,2,2.61,1,No,No,Low,ADJ-1055,Senior,Team Beta,95,8.6
CLM-2025-02906,CNT-102906,CUST-50713,NV,Southwest,$885.25 ,11/8/2025,11/9/2025,11/11/2025,11/13/2025,2,4,2,3.50,1,No,No,Medium,ADJ-1071,Standard,Team Delta,93.2,9.3
CLM-2025-02907,CNT-102907,CUST-94019,FL,Southeast,"$6,162.35 ",11/27/2025,11/27/2025,11/27/2025,12/9/2025,0,12,3,2.66,0,No,No, Low ,ADJ-1019,Trainee,Team Team West,95.7,
CLM-2025-02908,CNT-102908,CUST-31918,AZ,Southwest,"$1,808.98 ",2/17/2025,2/17/2025,2/18/2025,3/1/2025,1,12,1,1.12,0,No,No,Medium,ADJ-1028,Senior,Team SouthTeam West,92.6,7.9
CLM-2025-02909,CNT-102909,CUST-94759,CA,West,"$3,877.02 ",3/4/2025,3/6/2025,3/6/2025,3/29/2025,0,23,2,2.80,0,No,No,Low,ADJ-1047,Standard,Team Echo,89.4,8.7
CLM-2025-02910,CNT-102910,CUST-76358,TX,South Central,"$3,533.03 ",6/5/2025,6/7/2025,6/9/2025,7/1/2025,2,24,4,4.41,1,No,,Low,ADJ-1056,Senior,Team Beta,97,5.5
CLM-2025-02911,CNT-102911,CUST-49221,NM,Southwest,"$6,498.66 ",8/26/2025,8/28/2025,8/31/2025,10/7/2025,3,40,4,2.69,0,No,No,High,ADJ-1037,Standard,Team Echo,92.3,5.4
CLM-2025-02912,CNT-102912,CUST-65278,FL,Southeast,"$2,382.86 ",3/20/2025,3/22/2025,3/25/2025,4/13/2025,3,22,5,2.16,0,No,No,High,ADJ-1021,Standard,Team Team Alpha,84.4,6.6
CLM-2025-02913,CNT-102913,CUST-32674,CA,West,$785.56 ,7/5/2025,7/6/2025,7/8/2025,8/8/2025,2,33,5,3.93,3,No,No,High,ADJ-1024,Senior,Team Gamma,80.8,6.6
CLM-2025-02914,CNT-102914,CUST-75398,TX,South Central,"$2,791.03 ",9/10/2025,9/13/2025,9/14/2025,10/3/2025,1,20,1,4.51,2,No,No,Low,ADJ-1063,Trainee,Team SouthTeam West,90.6,5.8
CLM-2025-02915,CNT-102915,CUST-48940,FL,Southeast,"$1,359.64 ",3/10/2025,3/12/2025,3/13/2025,3/28/2025,1,16,4,2.78,1,No,No,Low,ADJ-1051,Senior,Team Echo,98.8,7
CLM-2025-02916,CNT-102916,CUST-74744,TX,South Central,"$1,086.16 ",11/15/2025,11/17/2025,11/18/2025,11/29/2025,1,12,4,6.20,1,No,No,Low,ADJ-1020,Senior,Team Gamma,98.4,7.6
CLM-2025-02917,CNT-102917,CUST-52098,IL,Unknown,"$6,954.89 ",9/10/2025,9/12/2025,9/13/2025,10/10/2025,1,28,2,3.89,1,No,No,High,ADJ-1029,Senior,Team Team West,86.4,5.8
CLM-2025-02918,CNT-102918,CUST-24382,UT,Mountain,"$3,783.62 ",8/15/2025,8/17/2025,8/18/2025,9/8/2025,1,22,2,0.57,0,No,No,Low,ADJ-1023,Senior,Team Team West,91.1,7.2
CLM-2025-02919,CNT-102919,CUST-51056,OR,West,"$1,398.77 ",4/9/2025,4/11/2025,4/13/2025,5/6/2025,2,25,6,3.81,1,Yes,No,Medium,ADJ-1050,Senior,Team Team West,88.6,4.1
CLM-2025-02920,CNT-102920,CUST-67330,UT,Mountain,"$1,132.39 ",10/28/2025,10/28/2025,11/1/2025,11/11/2025,4,14,5,4.40,N/A,No,No,Medium,ADJ-1078,Trainee,Team Gamma,87.2,4.3
CLM-2025-02921,CNT-102921,UNKNOWN,CA,West,"$6,886.55 ",6/21/2025,6/22/2025,N/A,7/7/2025,7,15,3,3.49,0,No,No,Medium,ADJ-1022,Standard,Team Team West,96,6.7
CLM-2025-02922,CNT-102922,CUST-97207,NM,Southwest,"$12,055.20 ",1/18/2025,1/21/2025,1/22/2025,2/14/2025,1,,3,1.75,0,No,No,Low,ADJ-1021,Senior,Team Beta,91.4,7.5
CLM-2025-02923,CNT-102923,CUST-63215,WA,West,"$3,281.07 ",4/17/2025,4/21/2025,4/22/2025,5/5/2025,1,14,2,3.52,N/A,No,No,Medium,ADJ-1027,Senior,Team Delta,89.3,6.9
CLM-2025-02924,CNT-102924,CUST-34166,IL,Midwest,$467.44 ,1/28/2025,1/29/2025,1/31/2025,2/21/2025,2,23,1,2.60,0,No,No,Medium,ADJ-1053,,Team Team West,96.7,6.5
CLM-2025-02925,CNT-102925,CUST-65872,GA,Southeast,$554.08 ,3/31/2025,4/2/2025,4/5/2025,4/23/2025,3,21,1,2.03,0,No,No,Low,ADJ-1066,Senior,Team Gamma,90,7
CLM-2025-02926,CNT-102926,CUST-36636,CA,West,"$2,476.67 ",7/30/2025,8/1/2025,8/2/2025,8/27/2025,-1,26,5,3.73,N/A,No,No,Medium,ADJ-1080,Standard,Team Beta,96.8,8.2
CLM-2025-02927,CNT-102927,CUST-46459,NV,Southwest,$903.16 ,9/24/2025,9/27/2025,9/27/2025,10/3/2025,0,6,3,2.60,0,No,No,Medium,ADJ-1046,Trainee,Team Team Alpha,88.2,8.4
CLM-2025-02928,CNT-102928,CUST-13256,TX,South Central,"$1,937.63 ",4/13/2025,4/13/2025,4/16/2025,5/2/2025,3,19,5,6.03,2,No,Yes,Medium,ADJ-1010,Standard,Team Beta,86.1,5.7
CLM-2025-02929,CNT-102929,UNKNOWN,NV,Southwest,$809.90 ,5/28/2025,5/29/2025,5/29/2025,6/14/2025,0,16,2,3.06,2,No,No,Medium,ADJ-1009,Senior,Team Team Alpha,99,7.9
CLM-2025-02930,CNT-102930,CUST-89347,TX,South Central,"$2,226.21 ",9/26/2025,9/26/2025,10/1/2025,10/5/2025,5,9,1,5.07,1,No,Yes,Medium,ADJ-1051,Standard,Team Team Central,87.2,4.4
CLM-2025-02931,CNT-102931,CUST-93938,TX,South Central,"$2,010.66 ",11/1/2025,11/1/2025,11/3/2025,11/27/2025,-2,26,8,5.20,2,No,No,High,ADJ-1076,Senior,Team Gamma,80.3,7.2
CLM-2025-02932,CNT-102932,CUST-33037,WA,West,"$1,764.51 ",1/12/2025,1/12/2025,1/14/2025,2/6/2025,2,25,2,4.45,0,No,No,Low,ADJ-1072,Standard,Team Delta,89.1,4.5
CLM-2025-02933,CNT-102933,CUST-17199,UT,Mountain,"$2,274.67 ",1/14/2025,1/14/2025,13/32/2025,1/18/2025,0,4,1,3.55,0,No,No,LOW,ADJ-1038,Standard,Team SouthTeam West,87.3,9.1
CLM-2025-02934,CNT-102934,CUST-65383,NM,Southwest,$459.45 ,2/17/2025,2/17/2025,2/18/2025,3/3/2025,1,14,3,2.14,0,No,No,Low,ADJ-1056,Standard,Team Team Alpha,100,7.5
CLM-2025-02935,CNT-102935,CUST-49150,AZ,Southwest,"$2,035.55 ",5/28/2025,5/31/2025,N/A,6/15/2025,0,15,2,2.41,0,No,No,Medium,ADJ-1051,Standard,Team Team Central,88.3,6
CLM-2025-02936,CNT-102936,CUST-16062,TX,South Central,"$4,495.98 ",1/17/2025,1/17/2025,1/20/2025,2/13/2025,3,27,5,4.65,0,No,No,Medium,ADJ-1019,Senior,Team SouthTeam West,86.5,5.1
CLM-2025-02937,CNT-102937,CUST-56879,NV,Southwest,"$7,184.24 ",7/19/2025,7/23/2025,7/25/2025,8/21/2025,2,29,3,4.03,0,No,Yes,High,ADJ-1042,Standard,Team Beta,90.2,6.6
CLM-2025-02938,CNT-102938,CUST-76818,CA,West,"$1,207.14 ",11/17/2025,11/17/2025,11/19/2025,11/23/2025,2,6,3,4.39,0,No,No,Medium,ADJ-1025,Standard,Team Team Alpha,90.2,7.2
CLM-2025-02939,CNT-102939,CUST-97917,NM,Southwest,$639.79 ,7/26/2025,7/29/2025,8/1/2025,8/12/2025,3,14,3,2.53,1,No,Yes,Low,ADJ-1040,Standard,Team Delta,90.5,5
CLM-2025-02940,CNT-102940,CUST-28147,CA,West,"$1,111.00 ",5/21/2025,5/25/2025,5/26/2025,5/20/2025,1,-5,2,3.50,1,No,No,Low,ADJ-1033,Specialist,Team Team Alpha,88.3,8.1
CLM-2025-02941,CNT-102941,CUST-39878,CA,West,"$49,800.74 ",12/18/2025,12/18/2025,12/21/2025,2/16/2026,3,60,5,4.55,2,No,No,Medium,ADJ-1041,Specialist,Team SouthTeam West,88.9,4.8
CLM-2025-02942,CNT-102942,CUST-53525,NV,Southwest,"$6,803.70 ",1/3/2025,1/7/2025,1/9/2025,2/15/2025,2,39,3,2.44,0,No,No,High,ADJ-1072,Standard,Team Team Alpha,97.1,5.5
CLM-2025-02943,CNT-102943,CUST-93457,GA,Southeast,"$1,934.25 ",3/30/2025,3/30/2025,3/30/2025,4/22/2025,0,23,2,2.60,1,No,No,,ADJ-1036,Senior,Team Gamma,95.8,7.9
CLM-2025-02944,CNT-102944,CUST-43994,AZ,Southwest,"$2,434.91 ",8/4/2025,8/7/2025,,8/22/2025,2,15,1,3.08,0,No,No,High,ADJ-1012,Trainee,Team Team Alpha,93.7,6.7
CLM-2025-02945,CNT-102945,CUST-26655,CA,West,"$5,682.26 ",5/27/2025,5/29/2025,5/30/2025,6/25/2025,1,27,5,4.30,1,No,No,Medium,ADJ-1072,Standard,Team SouthTeam West,87.2,N/A
CLM-2025-02946,CNT-102946,CUST-22201,TX,South Central,"$4,690.39 ",6/19/2025,,6/23/2025,7/5/2025,2,14,4,4.83,1,No,No,Medium,ADJ-1010,Senior,Team Team Alpha,93.1,6.4
CLM-2025-02947,CNT-102947,CUST-79590,NM,Southwest,"$2,211.31 ",11/8/2025,11/9/2025,11/11/2025,11/28/2025,2,19,5,6.21,0,No,No,High,ADJ-1071,Standard,Team Team Central,96.4,5.6
CLM-2025-02948,CNT-102948,CUST-62103,TX,South Central,"$1,173.91 ",8/2/2025,8/3/2025,8/5/2025,8/14/2025,2,11,5,4.82,N/A,No,No,Low,ADJ-1054,Standard,Team Gamma,87,7
CLM-2025-02949,CNT-102949,CUST-78549,TX,South Central,"$5,975.16 ",12/27/2025,12/30/2025,1/1/2026,1/19/2026,2,20,2,3.24,0,No,Yes,Minor,ADJ-1034,Senior,Team Beta,91,8
CLM-2025-02950,CNT-102950,CUST-34532,CA,West,"$1,883.58 ",2/9/2025,,2/14/2025,2/17/2025,2,5,3,2.34,0,No,No,Low,ADJ-1026,Senior,Team Delta,,7.3
CLM-2025-02951,CNT-102951,CUST-64428,FL,Southeast,"$6,023.65 ",10/1/2025,10/3/2025,10/3/2025,10/22/2025,0,19,3,3.08,1,No,No,Low,ADJ-1055,Standard,Team Gamma,93.3,6.8
CLM-2025-02952,CNT-102952,CUST-95264,TX,South Central,"$6,651.04 ",13/32/2025,10/31/2025,11/2/2025,11/6/2025,2,6,2,6.52,2,No,No,Low,ADJ-1040,Specialist,Team Team Central,93.4,7
CLM-2025-02953,CNT-102953,CUST-59750,WA,West,"$7,313.26 ",1/25/2025,1/29/2025,1/29/2025,1/30/2025,0,1,2,,0,No,Yes,Low,ADJ-1077,Standard,Team Team Alpha,93,6.4
CLM-2025-02954,CNT-102954,CUST-13310,OR,West,"$5,829.75 ",3/28/2025,3/28/2025,3/30/2025,4/27/2025,2,30,3,,2,No,No,High,ADJ-1064,Senior,Team Delta,99.7,6.6
CLM-2025-02955,CNT-102955,CUST-51202,IL,Midwest,"$2,247.14 ",8/12/2025,8/15/2025,8/16/2025,8/25/2025,1,10,5,2.81,1,No,No,High,ADJ-1054,Specialist,Team Team Central,N/A,7.4
CLM-2025-02956,CNT-102956,CUST-93742,GA,Southeast,"$6,557.38 ",1/28/2025,1/29/2025,1/30/2025,2/13/2025,1,15,3,2.67,1,No,No,Low,ADJ-1055,Standard,Team Gamma,99.1,7.8
CLM-2025-02957,CNT-102957,CUST-51913,AZ,Southwest,$555.57 ,9/26/2025,9/29/2025,9/29/2025,10/5/2025,0,6,2,6.00,0,No,No,Low,ADJ-1059,Trainee,Team SouthTeam West,93.1,8.8
CLM-2025-02958,CNT-102958,CUST-49944,IL,Midwest,"$5,122.54 ",5/27/2025,,5/31/2025,6/30/2025,2,32,4,2.52,2,No,No,,ADJ-1047,Senior,Team Team West,-5,6.3
CLM-2025-02959,CNT-102959,CUST-35213,CO,Mountain,$519.97 ,12/30/2025,12/30/2025,12/30/2025,12/31/2025,-3,1,1,2.58,1,No,No,Low,ADJ-1024,Senior,Team SouthTeam West,100,8.2
CLM-2025-02960,CNT-102960,CUST-51141,IL,Midwest,"$71,330.21 ",5/11/2025,5/15/2025,5/16/2025,7/15/2025,1,61,7,3.60,1,No,No,High,ADJ-1061,Senior,Team Echo,90.1,7.3
CLM-2025-02961,CNT-102961,CUST-59061,CO,Mountain,"$6,407.73 ",6/24/2025,6/25/2025,6/28/2025,7/24/2025,3,29,3,3.15,1,No,No,Medium,ADJ-1012,Trainee,Team Delta,86.4,5.8
CLM-2025-02962,CNT-102962,CUST-75026,AZ,Southwest,N/A,5/14/2025,5/15/2025,5/15/2025,6/7/2025,0,23,4,2.48,0,No,No, Low ,ADJ-1025,Trainee,Team Gamma,100,7.7
CLM-2025-02963,CNT-102963,CUST-61207,CA,West,"$6,806.84 ",3/30/2025,4/2/2025,4/2/2025,4/9/2025,0,7,1,3.97,0,No,No,Medium,ADJ-1020,Trainee,Team SouthTeam West,89,8.2
CLM-2025-02964,CNT-102964,CUST-14055,OR,West,"$35,473.30 ",4/26/2025,4/26/2025,,6/28/2025,1,63,10,4.66,1,Yes,No,High,ADJ-1064,Standard,Team Team Central,86.7,6.3
CLM-2025-02965,CNT-102965,CUST-10558,GA,Southeast,"$3,709.36 ",12/20/2025,12/20/2025,12/22/2025,1/11/2026,2,22,3,2.69,0,No,No,,ADJ-1022,Standard,Team Team Central,93.1,8.3
CLM-2025-02966,CNT-102966,CUST-87632,TX,South Central,"$9,555.36 ",10/16/2025,10/19/2025,10/22/2025,11/25/2025,3,37,5,5.72,2,No,Yes,High,ADJ-1046,Standard,Team Team Alpha,85.3,4.1
CLM-2025-02967,CNT-102967,CUST-83695,TX,South Central,"$6,009.59 ",9/24/2025,9/24/2025,9/27/2025,10/24/2025,3,30,4,5.17,0,No,No,Low,ADJ-1046,Standard,Team Gamma,87.2,6
CLM-2025-02968,CNT-102968,CUST-45950,NM,Southwest,"$1,850.55 ",3/6/2025,3/7/2025,3/8/2025,3/11/2025,1,4,3,2.80,0,No,No,Low,ADJ-1037,Senior,Team Delta,97,7.9
CLM-2025-02969,CNT-102969,CUST-49848,TX,South Central,"$4,806.82 ",8/30/2025,8/30/2025,9/2/2025,9/22/2025,3,23 days,6,5.00,0,No,No,Low,ADJ-1069,Standard,Team Team Alpha,92.1,N/A
CLM-2025-02970,CNT-102970,CUST-90502,AZ,Southwest,"$1,538.08 ",8/3/2025,8/4/2025,8/5/2025,8/15/2025,1,11,2,3.74,0,No,No,Medium,ADJ-1007,Standard,Team Team West,86.6,7.2
CLM-2025-02971,CNT-102971,CUST-71310,CA,West,"$1,778.00 ",6/19/2025,6/21/2025,6/24/2025,7/9/2025,3,18,4,3.49,0, no ,No,Low,ADJ-1027,Senior,Team Team West,89.1,5.6
CLM-2025-02972,CNT-102972,CUST-47747,CA,West,"$1,470.98 ",7/26/2025,7/29/2025,7/29/2025,8/8/2025,0,10,1,3.96,0,No,No,Medium,ADJ-1032,Senior,Team Gamma,90.6,6.7
CLM-2025-02973,CNT-102973,CUST-28382,TX,South Central,$696.99 ,9/4/2025,9/4/2025,9/6/2025,9/12/2025,2,8,3,5.07,0,No,No,Medium,ADJ-1002,Senior,Team Team West,100,4.3
CLM-2025-02974,CNT-102974,UNKNOWN,FL,Southeast,"$1,225.80 ",11/4/2025,11/8/2025,11/11/2025,12/4/2025,3,26,3,3.81,0,No,No,Medium,ADJ-1002,Specialist,Team Echo,91,6.9
CLM-2025-02975,CNT-102975,CUST-36189,NV,Southwest,"$1,385.78 ",6/21/2025,6/21/2025,6/23/2025,7/8/2025,2,17,3,4.38,0,No,Yes,Medium,ADJ-1032,Specialist,Team Team Alpha,92.3,7.7
CLM-2025-02976,CNT-102976,CUST-43698,CO,Mountain,"$2,394.53 ",1/24/2025,1/27/2025,1/27/2025,1/28/2025,0,1,4,2.99,1,No,No,Medium,ADJ-1011,Specialist,Team Team Alpha,93.4,8
CLM-2025-02977,CNT-102977,CUST-13804,NM,Southwest,"$24,270.51 ",9/23/2025,9/25/2025,9/25/2025,11/1/2025,0,37,4,2.85,0,No,No,Low,ADJ-1026,Standard,Team Team Central,97.7,8.9
CLM-2025-02978,CNT-102978,CUST-36670,WA,West,"$3,664.58 ",2/14/2025,2/16/2025,2/17/2025,3/11/2025,1,23,2,2.61,0,No,No,Medium,ADJ-1049,Senior,Team Team West,97.8,6.8
CLM-2025-02979,CNT-102979,CUST-40194,IL,Midwest,"$1,204.36 ",N/A,1/28/2025,1/30/2025,2/6/2025,2,9,5,4.43,1,,No,Low,ADJ-1028,Standard,Team Echo,92.5,6.1
CLM-2025-02980,CNT-102980,CUST-72879,TX,South Central,"$2,184.06 ",4/28/2025,5/4/2025,5/6/2025,5/8/2025,2,4,3,4.40,0,No,,low,ADJ-1018,Standard,Team Echo,97.9,6.2
CLM-2025-02981,CNT-102981,CUST-16834,TX,South Central,"$7,214.37 ",7/19/2025,7/23/2025,7/25/2025,8/3/2025,2,11,2,4.44,1,No,No,Low,ADJ-1077,Specialist,Team Gamma,100,6.4
CLM-2025-02982,CNT-102982,CUST-45882,CO,Mountain,"$2,932.80 ",2/28/2025,2/28/2025,3/2/2025,3/22/2025,2,22,1,3.28,0,No,No,Low,ADJ-1008,,Team Echo,92.9,8.4
CLM-2025-02983,CNT-102983,CUST-61018,IL,Midwest,"$3,561.48 ",4/28/2025,4/30/2025,4/30/2025,6/2/2025,0,33,6,3.96,0,No,No,Medium,ADJ-1047,Standard,Team Gamma,88.7,N/A
CLM-2025-02984,CNT-102984,CUST-13588,NM,Southwest,$733.83 ,5/27/2025,5/28/2025,,6/9/2025,3,12,2,1.61,0,Yes,Yes,Low,ADJ-1047,Standard,Team Team West,86.5,6.3
CLM-2025-02985,CNT-102985,CUST-59681,AZ,Southwest,,8/4/2025,8/7/2025,8/9/2025,8/19/2025,2,12,2,2.50,0,No,No,Low,ADJ-1026,Trainee,Team Team West,91.5,6.7
CLM-2025-02986,CNT-102986,CUST-56608,NM,Southwest,"$66,749.62 ",11/1/2025,11/3/2025,11/6/2025,,-3,54,5,4.11,2,No,No,High,ADJ-1014,Standard,Team Team Central,86.8,5.1
CLM-2025-02987,CNT-102987,CUST-55075,CA,West,"$7,829.87 ",2/12/2025,2/13/2025,2/15/2025,2/27/2025,2 days,14,4,3.06,0,Yes,No,Medium,ADJ-1027,Standard,Team Gamma,83.5,8
CLM-2025-02988,CNT-102988,CUST-53365,TX,South Central,"$1,085.26 ",4/21/2025,4/23/2025,4/24/2025,5/13/2025,1,20,2,3.43,2,No,No,Medium,ADJ-1055,Senior,Team Beta,96,7
CLM-2025-02989,CNT-102989,CUST-26128,WA,West,$646.67 ,11/1/2025,11/3/2025,11/4/2025,11/20/2025,1,17,3,2.84,1,No,No,Low,ADJ-1039,Senior,Team SouthTeam West,91.8,
CLM-2025-02990,CNT-102990,CUST-34819,CA,West,"$5,266.70 ",4/9/2025,4/9/2025,4/11/2025,5/12/2025,2,33,3,,1,No,No,High,ADJ-1077,Trainee,Team Team Alpha,85.3,5
CLM-2025-02991,CNT-102991,CUST-56193,GA,Southeast,"$19,373.41 ",13/32/2025,11/24/2025,11/26/2025,1/5/2026,2,42,7,7.14,N/A,No,No,High,ADJ-1069,Standard,Team Team Alpha,84.7,5.9
CLM-2025-02992,CNT-102992,CUST-72087,FL,Southeast,$995.12 ,6/29/2025,6/30/2025,7/1/2025,7/1/2025,1,1,2,3.85,1,No,No,Medium,ADJ-1037,Senior,Team Gamma,94.1,7.2
CLM-2025-02993,CNT-102993,CUST-26274,AZ,Southwest,"$1,120.07 ",5/22/2025,13/32/2025,5/27/2025,6/10/2025,3,17,3,2.25,1,No,Yes,Low,ADJ-1065,Senior,Team Delta,83.3,5.1
CLM-2025-02994,CNT-102994,CUST-54567,CA,West,$469.19 ,6/30/2025,7/2/2025,7/2/2025,7/3/2025,0,1,1,3.18,1,No,No,Medium,ADJ-1065,Standard,Team Team West,96.4,8.1
CLM-2025-02995,CNT-102995,CUST-43809,TX,South Central,"$5,109.94 ",1/24/2025,1/26/2025,1/27/2025,2/6/2025,1,11,2,5.31,0,No,No,Medium,ADJ-1013,Standard,Team SouthTeam West,97.1,7.7
CLM-2025-02996,CNT-102996,CUST-24147,AZ,Southwest,,10/1/2025,10/1/2025,10/3/2025,12/8/2025,2,68,N/A,5.50,3,Yes,No,High,ADJ-1057,,Team Echo,87,N/A
CLM-2025-02997,CNT-102997,CUST-54367,AZ,Southwest,"$5,801.44 ",8/22/2025,8/25/2025,8/25/2025,9/26/2025,0,32,3,4.00,2,No,Yes,High,ADJ-1047,Standard,Team Team West,89.2,6.2
CLM-2025-02998,CNT-102998,CUST-90760,TX,South Central,"$20,930.70 ",2/3/2025,2/5/2025,2/7/2025,3/22/2025,2,45,7,6.86,2,No,No,High,ADJ-1021,Standard,Team Beta,N/A,4.3
CLM-2025-02999,CNT-102999,CUST-98870,CO,Mountain,$720.72 ,10/25/2025,10/26/2025,10/27/2025,11/2/2025,1,7,3,3.47,0,No,No,Low,ADJ-1035,Standard,Team Beta,90.4,6.6
CLM-2025-03000,CNT-103000,CUST-43686,WA,West,$548.00 ,7/28/2025,7/30/2025,7/31/2025,8/4/2025,1,-5,1,2.36,N/A,No,No,Low,ADJ-1031,Senior,Team Echo,93.8,7.5
